cohort	sample	unit	k	mregDC_residualization	mask_definition	mask_spots	mask_fraction	local_r
GSE278687	GSM8552940_PA01	PA01	4	without_DC_core_adjustment	whole_tissue	4351	1.0	0.42002019747493835
GSE278687	GSM8552940_PA01	PA01	4	without_DC_core_adjustment	DC_core_above_median	2122	0.48770397609744887	0.539544804499509
GSE278687	GSM8552940_PA01	PA01	4	without_DC_core_adjustment	DC_core_above_mean	2456	0.5644679384049643	0.5222080159122673
GSE278687	GSM8552940_PA01	PA01	4	without_DC_core_adjustment	DC_core_above_q75	1081	0.24844863249827626	0.6063399572145763
GSE278687	GSM8552940_PA01	PA01	4	with_DC_core_adjustment	whole_tissue	4351	1.0	0.3530247876161123
GSE278687	GSM8552940_PA01	PA01	4	with_DC_core_adjustment	DC_core_above_median	2122	0.48770397609744887	0.4944715314475374
GSE278687	GSM8552940_PA01	PA01	4	with_DC_core_adjustment	DC_core_above_mean	2456	0.5644679384049643	0.47592675549387137
GSE278687	GSM8552940_PA01	PA01	4	with_DC_core_adjustment	DC_core_above_q75	1081	0.24844863249827626	0.5657510915045605
GSE278687	GSM8552940_PA01	PA01	6	without_DC_core_adjustment	whole_tissue	4351	1.0	0.48432959523467384
GSE278687	GSM8552940_PA01	PA01	6	without_DC_core_adjustment	DC_core_above_median	2122	0.48770397609744887	0.6027154690022769
GSE278687	GSM8552940_PA01	PA01	6	without_DC_core_adjustment	DC_core_above_mean	2456	0.5644679384049643	0.583011868398584
GSE278687	GSM8552940_PA01	PA01	6	without_DC_core_adjustment	DC_core_above_q75	1081	0.24844863249827626	0.6757472583052149
GSE278687	GSM8552940_PA01	PA01	6	with_DC_core_adjustment	whole_tissue	4351	1.0	0.4153306654220839
GSE278687	GSM8552940_PA01	PA01	6	with_DC_core_adjustment	DC_core_above_median	2122	0.48770397609744887	0.5591349475770514
GSE278687	GSM8552940_PA01	PA01	6	with_DC_core_adjustment	DC_core_above_mean	2456	0.5644679384049643	0.5371701860408028
GSE278687	GSM8552940_PA01	PA01	6	with_DC_core_adjustment	DC_core_above_q75	1081	0.24844863249827626	0.6382332328589362
GSE278687	GSM8552940_PA01	PA01	12	without_DC_core_adjustment	whole_tissue	4351	1.0	0.5926663499522118
GSE278687	GSM8552940_PA01	PA01	12	without_DC_core_adjustment	DC_core_above_median	2122	0.48770397609744887	0.698630288249092
GSE278687	GSM8552940_PA01	PA01	12	without_DC_core_adjustment	DC_core_above_mean	2456	0.5644679384049643	0.6798816141311895
GSE278687	GSM8552940_PA01	PA01	12	without_DC_core_adjustment	DC_core_above_q75	1081	0.24844863249827626	0.7611876158170976
GSE278687	GSM8552940_PA01	PA01	12	with_DC_core_adjustment	whole_tissue	4351	1.0	0.5202313334185371
GSE278687	GSM8552940_PA01	PA01	12	with_DC_core_adjustment	DC_core_above_median	2122	0.48770397609744887	0.6554240880335873
GSE278687	GSM8552940_PA01	PA01	12	with_DC_core_adjustment	DC_core_above_mean	2456	0.5644679384049643	0.6346367729094925
GSE278687	GSM8552940_PA01	PA01	12	with_DC_core_adjustment	DC_core_above_q75	1081	0.24844863249827626	0.7234686579195074
GSE278687	GSM8552941_PA02	PA02	4	without_DC_core_adjustment	whole_tissue	1389	1.0	0.2686806184672696
GSE278687	GSM8552941_PA02	PA02	4	without_DC_core_adjustment	DC_core_above_median	668	0.48092152627789775	0.1501452732030514
GSE278687	GSM8552941_PA02	PA02	4	without_DC_core_adjustment	DC_core_above_mean	816	0.5874730021598272	0.14435061845271235
GSE278687	GSM8552941_PA02	PA02	4	without_DC_core_adjustment	DC_core_above_q75	334	0.24046076313894887	0.15236751143382526
GSE278687	GSM8552941_PA02	PA02	4	with_DC_core_adjustment	whole_tissue	1389	1.0	0.20173377868701053
GSE278687	GSM8552941_PA02	PA02	4	with_DC_core_adjustment	DC_core_above_median	668	0.48092152627789775	0.12701284289559417
GSE278687	GSM8552941_PA02	PA02	4	with_DC_core_adjustment	DC_core_above_mean	816	0.5874730021598272	0.11554596029282718
GSE278687	GSM8552941_PA02	PA02	4	with_DC_core_adjustment	DC_core_above_q75	334	0.24046076313894887	0.1314106251728309
GSE278687	GSM8552941_PA02	PA02	6	without_DC_core_adjustment	whole_tissue	1389	1.0	0.3313491683161038
GSE278687	GSM8552941_PA02	PA02	6	without_DC_core_adjustment	DC_core_above_median	668	0.48092152627789775	0.1703788072648375
GSE278687	GSM8552941_PA02	PA02	6	without_DC_core_adjustment	DC_core_above_mean	816	0.5874730021598272	0.1684457536533576
GSE278687	GSM8552941_PA02	PA02	6	without_DC_core_adjustment	DC_core_above_q75	334	0.24046076313894887	0.14880290293905518
GSE278687	GSM8552941_PA02	PA02	6	with_DC_core_adjustment	whole_tissue	1389	1.0	0.25085675920613093
GSE278687	GSM8552941_PA02	PA02	6	with_DC_core_adjustment	DC_core_above_median	668	0.48092152627789775	0.14519301853809197
GSE278687	GSM8552941_PA02	PA02	6	with_DC_core_adjustment	DC_core_above_mean	816	0.5874730021598272	0.13829926130039497
GSE278687	GSM8552941_PA02	PA02	6	with_DC_core_adjustment	DC_core_above_q75	334	0.24046076313894887	0.128114731487486
GSE278687	GSM8552941_PA02	PA02	12	without_DC_core_adjustment	whole_tissue	1389	1.0	0.4467390984928691
GSE278687	GSM8552941_PA02	PA02	12	without_DC_core_adjustment	DC_core_above_median	668	0.48092152627789775	0.20600251901098188
GSE278687	GSM8552941_PA02	PA02	12	without_DC_core_adjustment	DC_core_above_mean	816	0.5874730021598272	0.2368306506547652
GSE278687	GSM8552941_PA02	PA02	12	without_DC_core_adjustment	DC_core_above_q75	334	0.24046076313894887	0.11140721877857436
GSE278687	GSM8552941_PA02	PA02	12	with_DC_core_adjustment	whole_tissue	1389	1.0	0.3556551547339928
GSE278687	GSM8552941_PA02	PA02	12	with_DC_core_adjustment	DC_core_above_median	668	0.48092152627789775	0.19158678808484197
GSE278687	GSM8552941_PA02	PA02	12	with_DC_core_adjustment	DC_core_above_mean	816	0.5874730021598272	0.21374060134524703
GSE278687	GSM8552941_PA02	PA02	12	with_DC_core_adjustment	DC_core_above_q75	334	0.24046076313894887	0.11467621509324302
GSE278687	GSM8552942_PA03	PA03	4	without_DC_core_adjustment	whole_tissue	4579	1.0	-0.015080259145872058
GSE278687	GSM8552942_PA03	PA03	4	without_DC_core_adjustment	DC_core_above_median	1715	0.3745359248744267	-0.02817653363569168
GSE278687	GSM8552942_PA03	PA03	4	without_DC_core_adjustment	DC_core_above_mean	2335	0.5099366673946276	-0.02904919580794538
GSE278687	GSM8552942_PA03	PA03	4	without_DC_core_adjustment	DC_core_above_q75	926	0.20222756060275168	-0.026195348050633
GSE278687	GSM8552942_PA03	PA03	4	with_DC_core_adjustment	whole_tissue	4579	1.0	-0.014578595221182478
GSE278687	GSM8552942_PA03	PA03	4	with_DC_core_adjustment	DC_core_above_median	1715	0.3745359248744267	-0.028074342326990905
GSE278687	GSM8552942_PA03	PA03	4	with_DC_core_adjustment	DC_core_above_mean	2335	0.5099366673946276	-0.028609041386716053
GSE278687	GSM8552942_PA03	PA03	4	with_DC_core_adjustment	DC_core_above_q75	926	0.20222756060275168	-0.026444418566195314
GSE278687	GSM8552942_PA03	PA03	6	without_DC_core_adjustment	whole_tissue	4579	1.0	-0.010381872695993232
GSE278687	GSM8552942_PA03	PA03	6	without_DC_core_adjustment	DC_core_above_median	1715	0.3745359248744267	-0.009694574332138833
GSE278687	GSM8552942_PA03	PA03	6	without_DC_core_adjustment	DC_core_above_mean	2335	0.5099366673946276	-0.019133543890154987
GSE278687	GSM8552942_PA03	PA03	6	without_DC_core_adjustment	DC_core_above_q75	926	0.20222756060275168	-0.007963854795604939
GSE278687	GSM8552942_PA03	PA03	6	with_DC_core_adjustment	whole_tissue	4579	1.0	-0.0096144085164095
GSE278687	GSM8552942_PA03	PA03	6	with_DC_core_adjustment	DC_core_above_median	1715	0.3745359248744267	-0.009258843788301729
GSE278687	GSM8552942_PA03	PA03	6	with_DC_core_adjustment	DC_core_above_mean	2335	0.5099366673946276	-0.018329552175999346
GSE278687	GSM8552942_PA03	PA03	6	with_DC_core_adjustment	DC_core_above_q75	926	0.20222756060275168	-0.007678360549836097
GSE278687	GSM8552942_PA03	PA03	12	without_DC_core_adjustment	whole_tissue	4579	1.0	-0.006383177966395368
GSE278687	GSM8552942_PA03	PA03	12	without_DC_core_adjustment	DC_core_above_median	1715	0.3745359248744267	-0.02229146755460394
GSE278687	GSM8552942_PA03	PA03	12	without_DC_core_adjustment	DC_core_above_mean	2335	0.5099366673946276	-0.018456124301165465
GSE278687	GSM8552942_PA03	PA03	12	without_DC_core_adjustment	DC_core_above_q75	926	0.20222756060275168	-0.059113629777134066
GSE278687	GSM8552942_PA03	PA03	12	with_DC_core_adjustment	whole_tissue	4579	1.0	-0.005133913446201546
GSE278687	GSM8552942_PA03	PA03	12	with_DC_core_adjustment	DC_core_above_median	1715	0.3745359248744267	-0.020895282177119258
GSE278687	GSM8552942_PA03	PA03	12	with_DC_core_adjustment	DC_core_above_mean	2335	0.5099366673946276	-0.01677201888350685
GSE278687	GSM8552942_PA03	PA03	12	with_DC_core_adjustment	DC_core_above_q75	926	0.20222756060275168	-0.0586448634123718
GSE278687	GSM8552943_PA04-1	PA04	4	without_DC_core_adjustment	whole_tissue	2276	1.0	0.12371601920606458
GSE278687	GSM8552943_PA04-1	PA04	4	without_DC_core_adjustment	DC_core_above_median	1097	0.4819859402460457	0.10616331134374844
GSE278687	GSM8552943_PA04-1	PA04	4	without_DC_core_adjustment	DC_core_above_mean	1241	0.5452548330404218	0.11323715307792644
GSE278687	GSM8552943_PA04-1	PA04	4	without_DC_core_adjustment	DC_core_above_q75	569	0.25	0.06162921237026762
GSE278687	GSM8552943_PA04-1	PA04	4	with_DC_core_adjustment	whole_tissue	2276	1.0	0.06986949972576668
GSE278687	GSM8552943_PA04-1	PA04	4	with_DC_core_adjustment	DC_core_above_median	1097	0.4819859402460457	0.06588296638223921
GSE278687	GSM8552943_PA04-1	PA04	4	with_DC_core_adjustment	DC_core_above_mean	1241	0.5452548330404218	0.07079863297972576
GSE278687	GSM8552943_PA04-1	PA04	4	with_DC_core_adjustment	DC_core_above_q75	569	0.25	0.01970055640627686
GSE278687	GSM8552943_PA04-1	PA04	6	without_DC_core_adjustment	whole_tissue	2276	1.0	0.13000768308741034
GSE278687	GSM8552943_PA04-1	PA04	6	without_DC_core_adjustment	DC_core_above_median	1097	0.4819859402460457	0.09694688516206272
GSE278687	GSM8552943_PA04-1	PA04	6	without_DC_core_adjustment	DC_core_above_mean	1241	0.5452548330404218	0.11469068179620512
GSE278687	GSM8552943_PA04-1	PA04	6	without_DC_core_adjustment	DC_core_above_q75	569	0.25	0.09687419672476455
GSE278687	GSM8552943_PA04-1	PA04	6	with_DC_core_adjustment	whole_tissue	2276	1.0	0.06890437539493009
GSE278687	GSM8552943_PA04-1	PA04	6	with_DC_core_adjustment	DC_core_above_median	1097	0.4819859402460457	0.06067574239486612
GSE278687	GSM8552943_PA04-1	PA04	6	with_DC_core_adjustment	DC_core_above_mean	1241	0.5452548330404218	0.0763162191484672
GSE278687	GSM8552943_PA04-1	PA04	6	with_DC_core_adjustment	DC_core_above_q75	569	0.25	0.0600248239525024
GSE278687	GSM8552943_PA04-1	PA04	12	without_DC_core_adjustment	whole_tissue	2276	1.0	0.15105117148048655
GSE278687	GSM8552943_PA04-1	PA04	12	without_DC_core_adjustment	DC_core_above_median	1097	0.4819859402460457	0.09843483231493785
GSE278687	GSM8552943_PA04-1	PA04	12	without_DC_core_adjustment	DC_core_above_mean	1241	0.5452548330404218	0.12600541402447998
GSE278687	GSM8552943_PA04-1	PA04	12	without_DC_core_adjustment	DC_core_above_q75	569	0.25	0.1188151680684974
GSE278687	GSM8552943_PA04-1	PA04	12	with_DC_core_adjustment	whole_tissue	2276	1.0	0.06658938377903563
GSE278687	GSM8552943_PA04-1	PA04	12	with_DC_core_adjustment	DC_core_above_median	1097	0.4819859402460457	0.05265901040856322
GSE278687	GSM8552943_PA04-1	PA04	12	with_DC_core_adjustment	DC_core_above_mean	1241	0.5452548330404218	0.07871101435357938
GSE278687	GSM8552943_PA04-1	PA04	12	with_DC_core_adjustment	DC_core_above_q75	569	0.25	0.06901206723052217
GSE278687	GSM8552944_PA04-2	PA04	4	without_DC_core_adjustment	whole_tissue	3088	1.0	0.1017702677723374
GSE278687	GSM8552944_PA04-2	PA04	4	without_DC_core_adjustment	DC_core_above_median	1512	0.4896373056994819	0.08923376396957224
GSE278687	GSM8552944_PA04-2	PA04	4	without_DC_core_adjustment	DC_core_above_mean	1512	0.4896373056994819	0.08923376396957224
GSE278687	GSM8552944_PA04-2	PA04	4	without_DC_core_adjustment	DC_core_above_q75	732	0.23704663212435234	0.08802084370657408
GSE278687	GSM8552944_PA04-2	PA04	4	with_DC_core_adjustment	whole_tissue	3088	1.0	0.09778632946956381
GSE278687	GSM8552944_PA04-2	PA04	4	with_DC_core_adjustment	DC_core_above_median	1512	0.4896373056994819	0.08465043179639313
GSE278687	GSM8552944_PA04-2	PA04	4	with_DC_core_adjustment	DC_core_above_mean	1512	0.4896373056994819	0.08465043179639313
GSE278687	GSM8552944_PA04-2	PA04	4	with_DC_core_adjustment	DC_core_above_q75	732	0.23704663212435234	0.08302237588649601
GSE278687	GSM8552944_PA04-2	PA04	6	without_DC_core_adjustment	whole_tissue	3088	1.0	0.1433013156698439
GSE278687	GSM8552944_PA04-2	PA04	6	without_DC_core_adjustment	DC_core_above_median	1512	0.4896373056994819	0.13139493396906693
GSE278687	GSM8552944_PA04-2	PA04	6	without_DC_core_adjustment	DC_core_above_mean	1512	0.4896373056994819	0.13139493396906693
GSE278687	GSM8552944_PA04-2	PA04	6	without_DC_core_adjustment	DC_core_above_q75	732	0.23704663212435234	0.12442518412695751
GSE278687	GSM8552944_PA04-2	PA04	6	with_DC_core_adjustment	whole_tissue	3088	1.0	0.13835158923752525
GSE278687	GSM8552944_PA04-2	PA04	6	with_DC_core_adjustment	DC_core_above_median	1512	0.4896373056994819	0.12445183441613739
GSE278687	GSM8552944_PA04-2	PA04	6	with_DC_core_adjustment	DC_core_above_mean	1512	0.4896373056994819	0.12445183441613739
GSE278687	GSM8552944_PA04-2	PA04	6	with_DC_core_adjustment	DC_core_above_q75	732	0.23704663212435234	0.11712250230626899
GSE278687	GSM8552944_PA04-2	PA04	12	without_DC_core_adjustment	whole_tissue	3088	1.0	0.18961588835090207
GSE278687	GSM8552944_PA04-2	PA04	12	without_DC_core_adjustment	DC_core_above_median	1512	0.4896373056994819	0.18937411108190144
GSE278687	GSM8552944_PA04-2	PA04	12	without_DC_core_adjustment	DC_core_above_mean	1512	0.4896373056994819	0.18937411108190144
GSE278687	GSM8552944_PA04-2	PA04	12	without_DC_core_adjustment	DC_core_above_q75	732	0.23704663212435234	0.15894771233208319
GSE278687	GSM8552944_PA04-2	PA04	12	with_DC_core_adjustment	whole_tissue	3088	1.0	0.18218769839639318
GSE278687	GSM8552944_PA04-2	PA04	12	with_DC_core_adjustment	DC_core_above_median	1512	0.4896373056994819	0.17977748442453503
GSE278687	GSM8552944_PA04-2	PA04	12	with_DC_core_adjustment	DC_core_above_mean	1512	0.4896373056994819	0.17977748442453503
GSE278687	GSM8552944_PA04-2	PA04	12	with_DC_core_adjustment	DC_core_above_q75	732	0.23704663212435234	0.1489849805863048
GSE278687	GSM8552945_PA05-1	PA05	4	without_DC_core_adjustment	whole_tissue	2247	1.0	0.44117226920132324
GSE278687	GSM8552945_PA05-1	PA05	4	without_DC_core_adjustment	DC_core_above_median	1108	0.4931019136626613	0.5466878190276652
GSE278687	GSM8552945_PA05-1	PA05	4	without_DC_core_adjustment	DC_core_above_mean	1411	0.6279483756119271	0.5014114274742625
GSE278687	GSM8552945_PA05-1	PA05	4	without_DC_core_adjustment	DC_core_above_q75	554	0.24655095683133066	0.5814834753493062
GSE278687	GSM8552945_PA05-1	PA05	4	with_DC_core_adjustment	whole_tissue	2247	1.0	0.34839544807418654
GSE278687	GSM8552945_PA05-1	PA05	4	with_DC_core_adjustment	DC_core_above_median	1108	0.4931019136626613	0.469810903186487
GSE278687	GSM8552945_PA05-1	PA05	4	with_DC_core_adjustment	DC_core_above_mean	1411	0.6279483756119271	0.4181810087287617
GSE278687	GSM8552945_PA05-1	PA05	4	with_DC_core_adjustment	DC_core_above_q75	554	0.24655095683133066	0.503376835772002
GSE278687	GSM8552945_PA05-1	PA05	6	without_DC_core_adjustment	whole_tissue	2247	1.0	0.4907303442553418
GSE278687	GSM8552945_PA05-1	PA05	6	without_DC_core_adjustment	DC_core_above_median	1108	0.4931019136626613	0.5999490436882887
GSE278687	GSM8552945_PA05-1	PA05	6	without_DC_core_adjustment	DC_core_above_mean	1411	0.6279483756119271	0.5419764691662958
GSE278687	GSM8552945_PA05-1	PA05	6	without_DC_core_adjustment	DC_core_above_q75	554	0.24655095683133066	0.6402461024507148
GSE278687	GSM8552945_PA05-1	PA05	6	with_DC_core_adjustment	whole_tissue	2247	1.0	0.3914491131793822
GSE278687	GSM8552945_PA05-1	PA05	6	with_DC_core_adjustment	DC_core_above_median	1108	0.4931019136626613	0.5213919167692933
GSE278687	GSM8552945_PA05-1	PA05	6	with_DC_core_adjustment	DC_core_above_mean	1411	0.6279483756119271	0.45532739090953517
GSE278687	GSM8552945_PA05-1	PA05	6	with_DC_core_adjustment	DC_core_above_q75	554	0.24655095683133066	0.5565218017415416
GSE278687	GSM8552945_PA05-1	PA05	12	without_DC_core_adjustment	whole_tissue	2247	1.0	0.5876418875485716
GSE278687	GSM8552945_PA05-1	PA05	12	without_DC_core_adjustment	DC_core_above_median	1108	0.4931019136626613	0.6976305417130041
GSE278687	GSM8552945_PA05-1	PA05	12	without_DC_core_adjustment	DC_core_above_mean	1411	0.6279483756119271	0.6486283092245775
GSE278687	GSM8552945_PA05-1	PA05	12	without_DC_core_adjustment	DC_core_above_q75	554	0.24655095683133066	0.7433206696289858
GSE278687	GSM8552945_PA05-1	PA05	12	with_DC_core_adjustment	whole_tissue	2247	1.0	0.48881706536732855
GSE278687	GSM8552945_PA05-1	PA05	12	with_DC_core_adjustment	DC_core_above_median	1108	0.4931019136626613	0.6257512597469975
GSE278687	GSM8552945_PA05-1	PA05	12	with_DC_core_adjustment	DC_core_above_mean	1411	0.6279483756119271	0.5662385708316775
GSE278687	GSM8552945_PA05-1	PA05	12	with_DC_core_adjustment	DC_core_above_q75	554	0.24655095683133066	0.6761524793174828
GSE278687	GSM8552946_PA05-2	PA05	4	without_DC_core_adjustment	whole_tissue	4992	1.0	0.4383524572624447
GSE278687	GSM8552946_PA05-2	PA05	4	without_DC_core_adjustment	DC_core_above_median	2319	0.4645432692307692	0.4712616848943807
GSE278687	GSM8552946_PA05-2	PA05	4	without_DC_core_adjustment	DC_core_above_mean	2798	0.5604967948717948	0.46424517557673645
GSE278687	GSM8552946_PA05-2	PA05	4	without_DC_core_adjustment	DC_core_above_q75	1149	0.23016826923076922	0.509920637116499
GSE278687	GSM8552946_PA05-2	PA05	4	with_DC_core_adjustment	whole_tissue	4992	1.0	0.41920473923089724
GSE278687	GSM8552946_PA05-2	PA05	4	with_DC_core_adjustment	DC_core_above_median	2319	0.4645432692307692	0.44850142875799687
GSE278687	GSM8552946_PA05-2	PA05	4	with_DC_core_adjustment	DC_core_above_mean	2798	0.5604967948717948	0.44277480394532237
GSE278687	GSM8552946_PA05-2	PA05	4	with_DC_core_adjustment	DC_core_above_q75	1149	0.23016826923076922	0.4879368674218278
GSE278687	GSM8552946_PA05-2	PA05	6	without_DC_core_adjustment	whole_tissue	4992	1.0	0.47578867398197705
GSE278687	GSM8552946_PA05-2	PA05	6	without_DC_core_adjustment	DC_core_above_median	2319	0.4645432692307692	0.507921204217029
GSE278687	GSM8552946_PA05-2	PA05	6	without_DC_core_adjustment	DC_core_above_mean	2798	0.5604967948717948	0.5084095976751914
GSE278687	GSM8552946_PA05-2	PA05	6	without_DC_core_adjustment	DC_core_above_q75	1149	0.23016826923076922	0.5467694616569444
GSE278687	GSM8552946_PA05-2	PA05	6	with_DC_core_adjustment	whole_tissue	4992	1.0	0.45541520212183856
GSE278687	GSM8552946_PA05-2	PA05	6	with_DC_core_adjustment	DC_core_above_median	2319	0.4645432692307692	0.48268153722619
GSE278687	GSM8552946_PA05-2	PA05	6	with_DC_core_adjustment	DC_core_above_mean	2798	0.5604967948717948	0.4842584250854418
GSE278687	GSM8552946_PA05-2	PA05	6	with_DC_core_adjustment	DC_core_above_q75	1149	0.23016826923076922	0.5228796372893177
GSE278687	GSM8552946_PA05-2	PA05	12	without_DC_core_adjustment	whole_tissue	4992	1.0	0.5348405722367263
GSE278687	GSM8552946_PA05-2	PA05	12	without_DC_core_adjustment	DC_core_above_median	2319	0.4645432692307692	0.5515072059603019
GSE278687	GSM8552946_PA05-2	PA05	12	without_DC_core_adjustment	DC_core_above_mean	2798	0.5604967948717948	0.5531532959154233
GSE278687	GSM8552946_PA05-2	PA05	12	without_DC_core_adjustment	DC_core_above_q75	1149	0.23016826923076922	0.5786183043043602
GSE278687	GSM8552946_PA05-2	PA05	12	with_DC_core_adjustment	whole_tissue	4992	1.0	0.5117454007598896
GSE278687	GSM8552946_PA05-2	PA05	12	with_DC_core_adjustment	DC_core_above_median	2319	0.4645432692307692	0.5246012737955333
GSE278687	GSM8552946_PA05-2	PA05	12	with_DC_core_adjustment	DC_core_above_mean	2798	0.5604967948717948	0.5271700070149772
GSE278687	GSM8552946_PA05-2	PA05	12	with_DC_core_adjustment	DC_core_above_q75	1149	0.23016826923076922	0.552675262313434
GSE278687	GSM8552947_PA06	PA06	4	without_DC_core_adjustment	whole_tissue	2580	1.0	0.3884141697695725
GSE278687	GSM8552947_PA06	PA06	4	without_DC_core_adjustment	DC_core_above_median	1288	0.4992248062015504	0.37296391424999825
GSE278687	GSM8552947_PA06	PA06	4	without_DC_core_adjustment	DC_core_above_mean	1398	0.541860465116279	0.3751744385669165
GSE278687	GSM8552947_PA06	PA06	4	without_DC_core_adjustment	DC_core_above_q75	635	0.24612403100775193	0.4065921681507443
GSE278687	GSM8552947_PA06	PA06	4	with_DC_core_adjustment	whole_tissue	2580	1.0	0.3430576464001291
GSE278687	GSM8552947_PA06	PA06	4	with_DC_core_adjustment	DC_core_above_median	1288	0.4992248062015504	0.3487952841087136
GSE278687	GSM8552947_PA06	PA06	4	with_DC_core_adjustment	DC_core_above_mean	1398	0.541860465116279	0.34972026401224415
GSE278687	GSM8552947_PA06	PA06	4	with_DC_core_adjustment	DC_core_above_q75	635	0.24612403100775193	0.37941940360109866
GSE278687	GSM8552947_PA06	PA06	6	without_DC_core_adjustment	whole_tissue	2580	1.0	0.39715631721604944
GSE278687	GSM8552947_PA06	PA06	6	without_DC_core_adjustment	DC_core_above_median	1288	0.4992248062015504	0.3803266777649166
GSE278687	GSM8552947_PA06	PA06	6	without_DC_core_adjustment	DC_core_above_mean	1398	0.541860465116279	0.3769624765346094
GSE278687	GSM8552947_PA06	PA06	6	without_DC_core_adjustment	DC_core_above_q75	635	0.24612403100775193	0.42633836842157524
GSE278687	GSM8552947_PA06	PA06	6	with_DC_core_adjustment	whole_tissue	2580	1.0	0.3526123085139523
GSE278687	GSM8552947_PA06	PA06	6	with_DC_core_adjustment	DC_core_above_median	1288	0.4992248062015504	0.36056827081581516
GSE278687	GSM8552947_PA06	PA06	6	with_DC_core_adjustment	DC_core_above_mean	1398	0.541860465116279	0.35717097092452865
GSE278687	GSM8552947_PA06	PA06	6	with_DC_core_adjustment	DC_core_above_q75	635	0.24612403100775193	0.4040756029136867
GSE278687	GSM8552947_PA06	PA06	12	without_DC_core_adjustment	whole_tissue	2580	1.0	0.40562524027100105
GSE278687	GSM8552947_PA06	PA06	12	without_DC_core_adjustment	DC_core_above_median	1288	0.4992248062015504	0.36870948184287944
GSE278687	GSM8552947_PA06	PA06	12	without_DC_core_adjustment	DC_core_above_mean	1398	0.541860465116279	0.37546560892871284
GSE278687	GSM8552947_PA06	PA06	12	without_DC_core_adjustment	DC_core_above_q75	635	0.24612403100775193	0.40717965869569556
GSE278687	GSM8552947_PA06	PA06	12	with_DC_core_adjustment	whole_tissue	2580	1.0	0.36030054300787095
GSE278687	GSM8552947_PA06	PA06	12	with_DC_core_adjustment	DC_core_above_median	1288	0.4992248062015504	0.35456335053549276
GSE278687	GSM8552947_PA06	PA06	12	with_DC_core_adjustment	DC_core_above_mean	1398	0.541860465116279	0.3592143505189261
GSE278687	GSM8552947_PA06	PA06	12	with_DC_core_adjustment	DC_core_above_q75	635	0.24612403100775193	0.39155253553354197
GSE278687	GSM8552948_PA08	PA08	4	without_DC_core_adjustment	whole_tissue	2677	1.0	0.050623648752068456
GSE278687	GSM8552948_PA08	PA08	4	without_DC_core_adjustment	DC_core_above_median	1227	0.4583488980201718	0.04338031844414745
GSE278687	GSM8552948_PA08	PA08	4	without_DC_core_adjustment	DC_core_above_mean	1440	0.537915577138588	0.03431816577075655
GSE278687	GSM8552948_PA08	PA08	4	without_DC_core_adjustment	DC_core_above_q75	656	0.24505042958535675	0.01989829813169359
GSE278687	GSM8552948_PA08	PA08	4	with_DC_core_adjustment	whole_tissue	2677	1.0	0.0444565991377342
GSE278687	GSM8552948_PA08	PA08	4	with_DC_core_adjustment	DC_core_above_median	1227	0.4583488980201718	0.038560056907127244
GSE278687	GSM8552948_PA08	PA08	4	with_DC_core_adjustment	DC_core_above_mean	1440	0.537915577138588	0.02946328435508042
GSE278687	GSM8552948_PA08	PA08	4	with_DC_core_adjustment	DC_core_above_q75	656	0.24505042958535675	0.015535252800116417
GSE278687	GSM8552948_PA08	PA08	6	without_DC_core_adjustment	whole_tissue	2677	1.0	0.04268292166174995
GSE278687	GSM8552948_PA08	PA08	6	without_DC_core_adjustment	DC_core_above_median	1227	0.4583488980201718	0.012341767020561547
GSE278687	GSM8552948_PA08	PA08	6	without_DC_core_adjustment	DC_core_above_mean	1440	0.537915577138588	0.014369595007626067
GSE278687	GSM8552948_PA08	PA08	6	without_DC_core_adjustment	DC_core_above_q75	656	0.24505042958535675	-0.007598647912956867
GSE278687	GSM8552948_PA08	PA08	6	with_DC_core_adjustment	whole_tissue	2677	1.0	0.03474894246362176
GSE278687	GSM8552948_PA08	PA08	6	with_DC_core_adjustment	DC_core_above_median	1227	0.4583488980201718	0.0062557614020938715
GSE278687	GSM8552948_PA08	PA08	6	with_DC_core_adjustment	DC_core_above_mean	1440	0.537915577138588	0.008309910373205854
GSE278687	GSM8552948_PA08	PA08	6	with_DC_core_adjustment	DC_core_above_q75	656	0.24505042958535675	-0.013383337245280381
GSE278687	GSM8552948_PA08	PA08	12	without_DC_core_adjustment	whole_tissue	2677	1.0	0.04348161924127193
GSE278687	GSM8552948_PA08	PA08	12	without_DC_core_adjustment	DC_core_above_median	1227	0.4583488980201718	-0.007677934935677464
GSE278687	GSM8552948_PA08	PA08	12	without_DC_core_adjustment	DC_core_above_mean	1440	0.537915577138588	0.0038990715170482532
GSE278687	GSM8552948_PA08	PA08	12	without_DC_core_adjustment	DC_core_above_q75	656	0.24505042958535675	0.0032995060624643247
GSE278687	GSM8552948_PA08	PA08	12	with_DC_core_adjustment	whole_tissue	2677	1.0	0.030750670510190523
GSE278687	GSM8552948_PA08	PA08	12	with_DC_core_adjustment	DC_core_above_median	1227	0.4583488980201718	-0.018470515180828623
GSE278687	GSM8552948_PA08	PA08	12	with_DC_core_adjustment	DC_core_above_mean	1440	0.537915577138588	-0.006735221494609663
GSE278687	GSM8552948_PA08	PA08	12	with_DC_core_adjustment	DC_core_above_q75	656	0.24505042958535675	-0.007633924721355872
GSE278687	GSM8552949_PA11-1	PA11	4	without_DC_core_adjustment	whole_tissue	1824	1.0	0.13497315689130832
GSE278687	GSM8552949_PA11-1	PA11	4	without_DC_core_adjustment	DC_core_above_median	912	0.5	0.1604614570242896
GSE278687	GSM8552949_PA11-1	PA11	4	without_DC_core_adjustment	DC_core_above_mean	912	0.5	0.1604614570242896
GSE278687	GSM8552949_PA11-1	PA11	4	without_DC_core_adjustment	DC_core_above_q75	453	0.24835526315789475	0.2058007702010101
GSE278687	GSM8552949_PA11-1	PA11	4	with_DC_core_adjustment	whole_tissue	1824	1.0	0.10805129318618731
GSE278687	GSM8552949_PA11-1	PA11	4	with_DC_core_adjustment	DC_core_above_median	912	0.5	0.13752244851610998
GSE278687	GSM8552949_PA11-1	PA11	4	with_DC_core_adjustment	DC_core_above_mean	912	0.5	0.13752244851610998
GSE278687	GSM8552949_PA11-1	PA11	4	with_DC_core_adjustment	DC_core_above_q75	453	0.24835526315789475	0.18693045682420664
GSE278687	GSM8552949_PA11-1	PA11	6	without_DC_core_adjustment	whole_tissue	1824	1.0	0.18403408080100256
GSE278687	GSM8552949_PA11-1	PA11	6	without_DC_core_adjustment	DC_core_above_median	912	0.5	0.20151367100735265
GSE278687	GSM8552949_PA11-1	PA11	6	without_DC_core_adjustment	DC_core_above_mean	912	0.5	0.20151367100735265
GSE278687	GSM8552949_PA11-1	PA11	6	without_DC_core_adjustment	DC_core_above_q75	453	0.24835526315789475	0.20664030319928745
GSE278687	GSM8552949_PA11-1	PA11	6	with_DC_core_adjustment	whole_tissue	1824	1.0	0.15121337921274117
GSE278687	GSM8552949_PA11-1	PA11	6	with_DC_core_adjustment	DC_core_above_median	912	0.5	0.17484882573242766
GSE278687	GSM8552949_PA11-1	PA11	6	with_DC_core_adjustment	DC_core_above_mean	912	0.5	0.17484882573242766
GSE278687	GSM8552949_PA11-1	PA11	6	with_DC_core_adjustment	DC_core_above_q75	453	0.24835526315789475	0.18284491358586685
GSE278687	GSM8552949_PA11-1	PA11	12	without_DC_core_adjustment	whole_tissue	1824	1.0	0.2485931785592545
GSE278687	GSM8552949_PA11-1	PA11	12	without_DC_core_adjustment	DC_core_above_median	912	0.5	0.2503045960462201
GSE278687	GSM8552949_PA11-1	PA11	12	without_DC_core_adjustment	DC_core_above_mean	912	0.5	0.2503045960462201
GSE278687	GSM8552949_PA11-1	PA11	12	without_DC_core_adjustment	DC_core_above_q75	453	0.24835526315789475	0.27734087209125435
GSE278687	GSM8552949_PA11-1	PA11	12	with_DC_core_adjustment	whole_tissue	1824	1.0	0.20613216696440606
GSE278687	GSM8552949_PA11-1	PA11	12	with_DC_core_adjustment	DC_core_above_median	912	0.5	0.21506621462350553
GSE278687	GSM8552949_PA11-1	PA11	12	with_DC_core_adjustment	DC_core_above_mean	912	0.5	0.21506621462350553
GSE278687	GSM8552949_PA11-1	PA11	12	with_DC_core_adjustment	DC_core_above_q75	453	0.24835526315789475	0.2478962065315351
GSE278687	GSM8552950_PA11-2	PA11	4	without_DC_core_adjustment	whole_tissue	4990	1.0	0.46756763961021364
GSE278687	GSM8552950_PA11-2	PA11	4	without_DC_core_adjustment	DC_core_above_median	2459	0.49278557114228455	0.5097316627094459
GSE278687	GSM8552950_PA11-2	PA11	4	without_DC_core_adjustment	DC_core_above_mean	2666	0.5342685370741483	0.5106099507344605
GSE278687	GSM8552950_PA11-2	PA11	4	without_DC_core_adjustment	DC_core_above_q75	1225	0.24549098196392785	0.5196223110736022
GSE278687	GSM8552950_PA11-2	PA11	4	with_DC_core_adjustment	whole_tissue	4990	1.0	0.4373817607302243
GSE278687	GSM8552950_PA11-2	PA11	4	with_DC_core_adjustment	DC_core_above_median	2459	0.49278557114228455	0.4850055120739788
GSE278687	GSM8552950_PA11-2	PA11	4	with_DC_core_adjustment	DC_core_above_mean	2666	0.5342685370741483	0.4857823347161827
GSE278687	GSM8552950_PA11-2	PA11	4	with_DC_core_adjustment	DC_core_above_q75	1225	0.24549098196392785	0.48998317802831404
GSE278687	GSM8552950_PA11-2	PA11	6	without_DC_core_adjustment	whole_tissue	4990	1.0	0.509527447389987
GSE278687	GSM8552950_PA11-2	PA11	6	without_DC_core_adjustment	DC_core_above_median	2459	0.49278557114228455	0.5546423607906781
GSE278687	GSM8552950_PA11-2	PA11	6	without_DC_core_adjustment	DC_core_above_mean	2666	0.5342685370741483	0.5567262077825063
GSE278687	GSM8552950_PA11-2	PA11	6	without_DC_core_adjustment	DC_core_above_q75	1225	0.24549098196392785	0.5730216884437556
GSE278687	GSM8552950_PA11-2	PA11	6	with_DC_core_adjustment	whole_tissue	4990	1.0	0.47790522353549647
GSE278687	GSM8552950_PA11-2	PA11	6	with_DC_core_adjustment	DC_core_above_median	2459	0.49278557114228455	0.5284561040067733
GSE278687	GSM8552950_PA11-2	PA11	6	with_DC_core_adjustment	DC_core_above_mean	2666	0.5342685370741483	0.5301814347958812
GSE278687	GSM8552950_PA11-2	PA11	6	with_DC_core_adjustment	DC_core_above_q75	1225	0.24549098196392785	0.5423566001357181
GSE278687	GSM8552950_PA11-2	PA11	12	without_DC_core_adjustment	whole_tissue	4990	1.0	0.5637979381882314
GSE278687	GSM8552950_PA11-2	PA11	12	without_DC_core_adjustment	DC_core_above_median	2459	0.49278557114228455	0.6014986240491503
GSE278687	GSM8552950_PA11-2	PA11	12	without_DC_core_adjustment	DC_core_above_mean	2666	0.5342685370741483	0.6040617268302232
GSE278687	GSM8552950_PA11-2	PA11	12	without_DC_core_adjustment	DC_core_above_q75	1225	0.24549098196392785	0.6242517776982052
GSE278687	GSM8552950_PA11-2	PA11	12	with_DC_core_adjustment	whole_tissue	4990	1.0	0.5287832733941321
GSE278687	GSM8552950_PA11-2	PA11	12	with_DC_core_adjustment	DC_core_above_median	2459	0.49278557114228455	0.5735750778307207
GSE278687	GSM8552950_PA11-2	PA11	12	with_DC_core_adjustment	DC_core_above_mean	2666	0.5342685370741483	0.5760622469075583
GSE278687	GSM8552950_PA11-2	PA11	12	with_DC_core_adjustment	DC_core_above_q75	1225	0.24549098196392785	0.5925509388787948
GSE278687	GSM8552951_PA12	PA12	4	without_DC_core_adjustment	whole_tissue	4855	1.0	0.5449855553839243
GSE278687	GSM8552951_PA12	PA12	4	without_DC_core_adjustment	DC_core_above_median	2163	0.4455200823892894	0.6298901141946954
GSE278687	GSM8552951_PA12	PA12	4	without_DC_core_adjustment	DC_core_above_mean	2630	0.5417095777548918	0.6108364543909633
GSE278687	GSM8552951_PA12	PA12	4	without_DC_core_adjustment	DC_core_above_q75	1012	0.20844490216271885	0.6573429494339541
GSE278687	GSM8552951_PA12	PA12	4	with_DC_core_adjustment	whole_tissue	4855	1.0	0.5437975834561644
GSE278687	GSM8552951_PA12	PA12	4	with_DC_core_adjustment	DC_core_above_median	2163	0.4455200823892894	0.6290391215954502
GSE278687	GSM8552951_PA12	PA12	4	with_DC_core_adjustment	DC_core_above_mean	2630	0.5417095777548918	0.6098661711169253
GSE278687	GSM8552951_PA12	PA12	4	with_DC_core_adjustment	DC_core_above_q75	1012	0.20844490216271885	0.656039930749063
GSE278687	GSM8552951_PA12	PA12	6	without_DC_core_adjustment	whole_tissue	4855	1.0	0.5939932541468973
GSE278687	GSM8552951_PA12	PA12	6	without_DC_core_adjustment	DC_core_above_median	2163	0.4455200823892894	0.6717498404106577
GSE278687	GSM8552951_PA12	PA12	6	without_DC_core_adjustment	DC_core_above_mean	2630	0.5417095777548918	0.653960517638368
GSE278687	GSM8552951_PA12	PA12	6	without_DC_core_adjustment	DC_core_above_q75	1012	0.20844490216271885	0.6969890730361942
GSE278687	GSM8552951_PA12	PA12	6	with_DC_core_adjustment	whole_tissue	4855	1.0	0.5928745004622178
GSE278687	GSM8552951_PA12	PA12	6	with_DC_core_adjustment	DC_core_above_median	2163	0.4455200823892894	0.6709716848097091
GSE278687	GSM8552951_PA12	PA12	6	with_DC_core_adjustment	DC_core_above_mean	2630	0.5417095777548918	0.6530977753464938
GSE278687	GSM8552951_PA12	PA12	6	with_DC_core_adjustment	DC_core_above_q75	1012	0.20844490216271885	0.6959865612699584
GSE278687	GSM8552951_PA12	PA12	12	without_DC_core_adjustment	whole_tissue	4855	1.0	0.6748043715869891
GSE278687	GSM8552951_PA12	PA12	12	without_DC_core_adjustment	DC_core_above_median	2163	0.4455200823892894	0.7295014466162526
GSE278687	GSM8552951_PA12	PA12	12	without_DC_core_adjustment	DC_core_above_mean	2630	0.5417095777548918	0.7181201109161469
GSE278687	GSM8552951_PA12	PA12	12	without_DC_core_adjustment	DC_core_above_q75	1012	0.20844490216271885	0.7474325891048977
GSE278687	GSM8552951_PA12	PA12	12	with_DC_core_adjustment	whole_tissue	4855	1.0	0.6732996797700628
GSE278687	GSM8552951_PA12	PA12	12	with_DC_core_adjustment	DC_core_above_median	2163	0.4455200823892894	0.7286342452667292
GSE278687	GSM8552951_PA12	PA12	12	with_DC_core_adjustment	DC_core_above_mean	2630	0.5417095777548918	0.7171218337730432
GSE278687	GSM8552951_PA12	PA12	12	with_DC_core_adjustment	DC_core_above_q75	1012	0.20844490216271885	0.7461528892057769
GSE278687	GSM8552952_PA21	PA21	4	without_DC_core_adjustment	whole_tissue	4325	1.0	0.31577089106776834
GSE278687	GSM8552952_PA21	PA21	4	without_DC_core_adjustment	DC_core_above_median	2148	0.4966473988439306	0.3670953534192065
GSE278687	GSM8552952_PA21	PA21	4	without_DC_core_adjustment	DC_core_above_mean	2308	0.5336416184971098	0.3624821222412389
GSE278687	GSM8552952_PA21	PA21	4	without_DC_core_adjustment	DC_core_above_q75	1042	0.24092485549132947	0.3737024752816537
GSE278687	GSM8552952_PA21	PA21	4	with_DC_core_adjustment	whole_tissue	4325	1.0	0.2467646248391085
GSE278687	GSM8552952_PA21	PA21	4	with_DC_core_adjustment	DC_core_above_median	2148	0.4966473988439306	0.3232325319885839
GSE278687	GSM8552952_PA21	PA21	4	with_DC_core_adjustment	DC_core_above_mean	2308	0.5336416184971098	0.31687995502653865
GSE278687	GSM8552952_PA21	PA21	4	with_DC_core_adjustment	DC_core_above_q75	1042	0.24092485549132947	0.3230381404307666
GSE278687	GSM8552952_PA21	PA21	6	without_DC_core_adjustment	whole_tissue	4325	1.0	0.36878466782622127
GSE278687	GSM8552952_PA21	PA21	6	without_DC_core_adjustment	DC_core_above_median	2148	0.4966473988439306	0.4232322713003621
GSE278687	GSM8552952_PA21	PA21	6	without_DC_core_adjustment	DC_core_above_mean	2308	0.5336416184971098	0.41884751421842925
GSE278687	GSM8552952_PA21	PA21	6	without_DC_core_adjustment	DC_core_above_q75	1042	0.24092485549132947	0.432301131610857
GSE278687	GSM8552952_PA21	PA21	6	with_DC_core_adjustment	whole_tissue	4325	1.0	0.28902281248875783
GSE278687	GSM8552952_PA21	PA21	6	with_DC_core_adjustment	DC_core_above_median	2148	0.4966473988439306	0.3745481273997304
GSE278687	GSM8552952_PA21	PA21	6	with_DC_core_adjustment	DC_core_above_mean	2308	0.5336416184971098	0.36841659146225253
GSE278687	GSM8552952_PA21	PA21	6	with_DC_core_adjustment	DC_core_above_q75	1042	0.24092485549132947	0.37832798737370976
GSE278687	GSM8552952_PA21	PA21	12	without_DC_core_adjustment	whole_tissue	4325	1.0	0.4565072935633146
GSE278687	GSM8552952_PA21	PA21	12	without_DC_core_adjustment	DC_core_above_median	2148	0.4966473988439306	0.49624897184106087
GSE278687	GSM8552952_PA21	PA21	12	without_DC_core_adjustment	DC_core_above_mean	2308	0.5336416184971098	0.49330341016786217
GSE278687	GSM8552952_PA21	PA21	12	without_DC_core_adjustment	DC_core_above_q75	1042	0.24092485549132947	0.5006240349619461
GSE278687	GSM8552952_PA21	PA21	12	with_DC_core_adjustment	whole_tissue	4325	1.0	0.3565972247434224
GSE278687	GSM8552952_PA21	PA21	12	with_DC_core_adjustment	DC_core_above_median	2148	0.4966473988439306	0.43394278280925613
GSE278687	GSM8552952_PA21	PA21	12	with_DC_core_adjustment	DC_core_above_mean	2308	0.5336416184971098	0.42909118671408303
GSE278687	GSM8552952_PA21	PA21	12	with_DC_core_adjustment	DC_core_above_q75	1042	0.24092485549132947	0.43317128640052927
GSE278687	GSM8552953_PA22	PA22	4	without_DC_core_adjustment	whole_tissue	4322	1.0	0.49412699172457675
GSE278687	GSM8552953_PA22	PA22	4	without_DC_core_adjustment	DC_core_above_median	2038	0.47154095326237855	0.5345460190146757
GSE278687	GSM8552953_PA22	PA22	4	without_DC_core_adjustment	DC_core_above_mean	2465	0.570337806571032	0.5285039042770424
GSE278687	GSM8552953_PA22	PA22	4	without_DC_core_adjustment	DC_core_above_q75	1073	0.24826469227209624	0.5460831181264595
GSE278687	GSM8552953_PA22	PA22	4	with_DC_core_adjustment	whole_tissue	4322	1.0	0.49109996791127064
GSE278687	GSM8552953_PA22	PA22	4	with_DC_core_adjustment	DC_core_above_median	2038	0.47154095326237855	0.5314351942148243
GSE278687	GSM8552953_PA22	PA22	4	with_DC_core_adjustment	DC_core_above_mean	2465	0.570337806571032	0.5257554188908746
GSE278687	GSM8552953_PA22	PA22	4	with_DC_core_adjustment	DC_core_above_q75	1073	0.24826469227209624	0.5420423106609652
GSE278687	GSM8552953_PA22	PA22	6	without_DC_core_adjustment	whole_tissue	4322	1.0	0.548476254094087
GSE278687	GSM8552953_PA22	PA22	6	without_DC_core_adjustment	DC_core_above_median	2038	0.47154095326237855	0.5825627357282869
GSE278687	GSM8552953_PA22	PA22	6	without_DC_core_adjustment	DC_core_above_mean	2465	0.570337806571032	0.5778955882008561
GSE278687	GSM8552953_PA22	PA22	6	without_DC_core_adjustment	DC_core_above_q75	1073	0.24826469227209624	0.6060973381291613
GSE278687	GSM8552953_PA22	PA22	6	with_DC_core_adjustment	whole_tissue	4322	1.0	0.5451988954863648
GSE278687	GSM8552953_PA22	PA22	6	with_DC_core_adjustment	DC_core_above_median	2038	0.47154095326237855	0.5793131348249567
GSE278687	GSM8552953_PA22	PA22	6	with_DC_core_adjustment	DC_core_above_mean	2465	0.570337806571032	0.5748146659588018
GSE278687	GSM8552953_PA22	PA22	6	with_DC_core_adjustment	DC_core_above_q75	1073	0.24826469227209624	0.6018490579055915
GSE278687	GSM8552953_PA22	PA22	12	without_DC_core_adjustment	whole_tissue	4322	1.0	0.6162185980114399
GSE278687	GSM8552953_PA22	PA22	12	without_DC_core_adjustment	DC_core_above_median	2038	0.47154095326237855	0.6404643622978786
GSE278687	GSM8552953_PA22	PA22	12	without_DC_core_adjustment	DC_core_above_mean	2465	0.570337806571032	0.6385072956069014
GSE278687	GSM8552953_PA22	PA22	12	without_DC_core_adjustment	DC_core_above_q75	1073	0.24826469227209624	0.6437543945327961
GSE278687	GSM8552953_PA22	PA22	12	with_DC_core_adjustment	whole_tissue	4322	1.0	0.6129440971149247
GSE278687	GSM8552953_PA22	PA22	12	with_DC_core_adjustment	DC_core_above_median	2038	0.47154095326237855	0.6371626809620494
GSE278687	GSM8552953_PA22	PA22	12	with_DC_core_adjustment	DC_core_above_mean	2465	0.570337806571032	0.6354835025464629
GSE278687	GSM8552953_PA22	PA22	12	with_DC_core_adjustment	DC_core_above_q75	1073	0.24826469227209624	0.6399055121487861
GSE278687	GSM8552954_PA24	PA24	4	without_DC_core_adjustment	whole_tissue	4701	1.0	0.37262523994896546
GSE278687	GSM8552954_PA24	PA24	4	without_DC_core_adjustment	DC_core_above_median	1837	0.3907679217187832	0.4313392805568286
GSE278687	GSM8552954_PA24	PA24	4	without_DC_core_adjustment	DC_core_above_mean	2379	0.5060625398851308	0.4077360532602673
GSE278687	GSM8552954_PA24	PA24	4	without_DC_core_adjustment	DC_core_above_q75	1013	0.21548606679429907	0.49737684176077784
GSE278687	GSM8552954_PA24	PA24	4	with_DC_core_adjustment	whole_tissue	4701	1.0	0.36422268753735615
GSE278687	GSM8552954_PA24	PA24	4	with_DC_core_adjustment	DC_core_above_median	1837	0.3907679217187832	0.42461457656473134
GSE278687	GSM8552954_PA24	PA24	4	with_DC_core_adjustment	DC_core_above_mean	2379	0.5060625398851308	0.40030764042143274
GSE278687	GSM8552954_PA24	PA24	4	with_DC_core_adjustment	DC_core_above_q75	1013	0.21548606679429907	0.49198645487538517
GSE278687	GSM8552954_PA24	PA24	6	without_DC_core_adjustment	whole_tissue	4701	1.0	0.4361519498403169
GSE278687	GSM8552954_PA24	PA24	6	without_DC_core_adjustment	DC_core_above_median	1837	0.3907679217187832	0.5039464370779473
GSE278687	GSM8552954_PA24	PA24	6	without_DC_core_adjustment	DC_core_above_mean	2379	0.5060625398851308	0.4768936085143818
GSE278687	GSM8552954_PA24	PA24	6	without_DC_core_adjustment	DC_core_above_q75	1013	0.21548606679429907	0.5728033071913304
GSE278687	GSM8552954_PA24	PA24	6	with_DC_core_adjustment	whole_tissue	4701	1.0	0.42579015570685125
GSE278687	GSM8552954_PA24	PA24	6	with_DC_core_adjustment	DC_core_above_median	1837	0.3907679217187832	0.4960035773168364
GSE278687	GSM8552954_PA24	PA24	6	with_DC_core_adjustment	DC_core_above_mean	2379	0.5060625398851308	0.4682380950315235
GSE278687	GSM8552954_PA24	PA24	6	with_DC_core_adjustment	DC_core_above_q75	1013	0.21548606679429907	0.5666540348542655
GSE278687	GSM8552954_PA24	PA24	12	without_DC_core_adjustment	whole_tissue	4701	1.0	0.5549395980680983
GSE278687	GSM8552954_PA24	PA24	12	without_DC_core_adjustment	DC_core_above_median	1837	0.3907679217187832	0.6319002229723628
GSE278687	GSM8552954_PA24	PA24	12	without_DC_core_adjustment	DC_core_above_mean	2379	0.5060625398851308	0.6034992365775473
GSE278687	GSM8552954_PA24	PA24	12	without_DC_core_adjustment	DC_core_above_q75	1013	0.21548606679429907	0.6877330896576436
GSE278687	GSM8552954_PA24	PA24	12	with_DC_core_adjustment	whole_tissue	4701	1.0	0.541857840029103
GSE278687	GSM8552954_PA24	PA24	12	with_DC_core_adjustment	DC_core_above_median	1837	0.3907679217187832	0.623253593961175
GSE278687	GSM8552954_PA24	PA24	12	with_DC_core_adjustment	DC_core_above_mean	2379	0.5060625398851308	0.5936010496261228
GSE278687	GSM8552954_PA24	PA24	12	with_DC_core_adjustment	DC_core_above_q75	1013	0.21548606679429907	0.6813622011189543
GSE278687	GSM8552955_PA29	PA29	4	without_DC_core_adjustment	whole_tissue	4992	1.0	0.4672375894905792
GSE278687	GSM8552955_PA29	PA29	4	without_DC_core_adjustment	DC_core_above_median	2295	0.4597355769230769	0.45674953473913965
GSE278687	GSM8552955_PA29	PA29	4	without_DC_core_adjustment	DC_core_above_mean	2834	0.5677083333333334	0.4496127442557439
GSE278687	GSM8552955_PA29	PA29	4	without_DC_core_adjustment	DC_core_above_q75	1138	0.22796474358974358	0.4748751226269613
GSE278687	GSM8552955_PA29	PA29	4	with_DC_core_adjustment	whole_tissue	4992	1.0	0.4340643924203339
GSE278687	GSM8552955_PA29	PA29	4	with_DC_core_adjustment	DC_core_above_median	2295	0.4597355769230769	0.4324835880719758
GSE278687	GSM8552955_PA29	PA29	4	with_DC_core_adjustment	DC_core_above_mean	2834	0.5677083333333334	0.4287754366029473
GSE278687	GSM8552955_PA29	PA29	4	with_DC_core_adjustment	DC_core_above_q75	1138	0.22796474358974358	0.44611889567030044
GSE278687	GSM8552955_PA29	PA29	6	without_DC_core_adjustment	whole_tissue	4992	1.0	0.5128618919364067
GSE278687	GSM8552955_PA29	PA29	6	without_DC_core_adjustment	DC_core_above_median	2295	0.4597355769230769	0.5061367899661832
GSE278687	GSM8552955_PA29	PA29	6	without_DC_core_adjustment	DC_core_above_mean	2834	0.5677083333333334	0.49869860082658124
GSE278687	GSM8552955_PA29	PA29	6	without_DC_core_adjustment	DC_core_above_q75	1138	0.22796474358974358	0.5252873281603455
GSE278687	GSM8552955_PA29	PA29	6	with_DC_core_adjustment	whole_tissue	4992	1.0	0.47907009552624336
GSE278687	GSM8552955_PA29	PA29	6	with_DC_core_adjustment	DC_core_above_median	2295	0.4597355769230769	0.48072230979928515
GSE278687	GSM8552955_PA29	PA29	6	with_DC_core_adjustment	DC_core_above_mean	2834	0.5677083333333334	0.4781411813083204
GSE278687	GSM8552955_PA29	PA29	6	with_DC_core_adjustment	DC_core_above_q75	1138	0.22796474358974358	0.49450516273126416
GSE278687	GSM8552955_PA29	PA29	12	without_DC_core_adjustment	whole_tissue	4992	1.0	0.5793155959911038
GSE278687	GSM8552955_PA29	PA29	12	without_DC_core_adjustment	DC_core_above_median	2295	0.4597355769230769	0.5504817720751607
GSE278687	GSM8552955_PA29	PA29	12	without_DC_core_adjustment	DC_core_above_mean	2834	0.5677083333333334	0.5465113501899173
GSE278687	GSM8552955_PA29	PA29	12	without_DC_core_adjustment	DC_core_above_q75	1138	0.22796474358974358	0.5704351661940946
GSE278687	GSM8552955_PA29	PA29	12	with_DC_core_adjustment	whole_tissue	4992	1.0	0.5399123600986216
GSE278687	GSM8552955_PA29	PA29	12	with_DC_core_adjustment	DC_core_above_median	2295	0.4597355769230769	0.5207560518478702
GSE278687	GSM8552955_PA29	PA29	12	with_DC_core_adjustment	DC_core_above_mean	2834	0.5677083333333334	0.5204834895732985
GSE278687	GSM8552955_PA29	PA29	12	with_DC_core_adjustment	DC_core_above_q75	1138	0.22796474358974358	0.5366845012264019
GSE278687	GSM8552956_PA40	PA40	4	without_DC_core_adjustment	whole_tissue	4851	1.0	0.22511613063323976
GSE278687	GSM8552956_PA40	PA40	4	without_DC_core_adjustment	DC_core_above_median	2384	0.4914450628736343	0.2525848058009704
GSE278687	GSM8552956_PA40	PA40	4	without_DC_core_adjustment	DC_core_above_mean	2685	0.5534941249226963	0.2531303942657608
GSE278687	GSM8552956_PA40	PA40	4	without_DC_core_adjustment	DC_core_above_q75	1084	0.22345908060193775	0.29787874496277394
GSE278687	GSM8552956_PA40	PA40	4	with_DC_core_adjustment	whole_tissue	4851	1.0	0.2249629144410025
GSE278687	GSM8552956_PA40	PA40	4	with_DC_core_adjustment	DC_core_above_median	2384	0.4914450628736343	0.2522204462611001
GSE278687	GSM8552956_PA40	PA40	4	with_DC_core_adjustment	DC_core_above_mean	2685	0.5534941249226963	0.2530655439898632
GSE278687	GSM8552956_PA40	PA40	4	with_DC_core_adjustment	DC_core_above_q75	1084	0.22345908060193775	0.2971630051801445
GSE278687	GSM8552956_PA40	PA40	6	without_DC_core_adjustment	whole_tissue	4851	1.0	0.27709580253954597
GSE278687	GSM8552956_PA40	PA40	6	without_DC_core_adjustment	DC_core_above_median	2384	0.4914450628736343	0.3068076096999316
GSE278687	GSM8552956_PA40	PA40	6	without_DC_core_adjustment	DC_core_above_mean	2685	0.5534941249226963	0.3099521988604615
GSE278687	GSM8552956_PA40	PA40	6	without_DC_core_adjustment	DC_core_above_q75	1084	0.22345908060193775	0.3419923524229071
GSE278687	GSM8552956_PA40	PA40	6	with_DC_core_adjustment	whole_tissue	4851	1.0	0.2772843131331133
GSE278687	GSM8552956_PA40	PA40	6	with_DC_core_adjustment	DC_core_above_median	2384	0.4914450628736343	0.30678390427490426
GSE278687	GSM8552956_PA40	PA40	6	with_DC_core_adjustment	DC_core_above_mean	2685	0.5534941249226963	0.3098014452941048
GSE278687	GSM8552956_PA40	PA40	6	with_DC_core_adjustment	DC_core_above_q75	1084	0.22345908060193775	0.3411321349291925
GSE278687	GSM8552956_PA40	PA40	12	without_DC_core_adjustment	whole_tissue	4851	1.0	0.34084469877637574
GSE278687	GSM8552956_PA40	PA40	12	without_DC_core_adjustment	DC_core_above_median	2384	0.4914450628736343	0.3646685561571016
GSE278687	GSM8552956_PA40	PA40	12	without_DC_core_adjustment	DC_core_above_mean	2685	0.5534941249226963	0.3646489834958068
GSE278687	GSM8552956_PA40	PA40	12	without_DC_core_adjustment	DC_core_above_q75	1084	0.22345908060193775	0.40042226332528824
GSE278687	GSM8552956_PA40	PA40	12	with_DC_core_adjustment	whole_tissue	4851	1.0	0.34248022359321706
GSE278687	GSM8552956_PA40	PA40	12	with_DC_core_adjustment	DC_core_above_median	2384	0.4914450628736343	0.3661303633283426
GSE278687	GSM8552956_PA40	PA40	12	with_DC_core_adjustment	DC_core_above_mean	2685	0.5534941249226963	0.36608682434306544
GSE278687	GSM8552956_PA40	PA40	12	with_DC_core_adjustment	DC_core_above_q75	1084	0.22345908060193775	0.4009518445373342
GSE278687	GSM8552957_PA47	PA47	4	without_DC_core_adjustment	whole_tissue	4012	1.0	0.3217848014814328
GSE278687	GSM8552957_PA47	PA47	4	without_DC_core_adjustment	DC_core_above_median	1661	0.41400797607178463	0.40894675755911103
GSE278687	GSM8552957_PA47	PA47	4	without_DC_core_adjustment	DC_core_above_mean	1661	0.41400797607178463	0.40894675755911103
GSE278687	GSM8552957_PA47	PA47	4	without_DC_core_adjustment	DC_core_above_q75	948	0.23629112662013957	0.43252033574104054
GSE278687	GSM8552957_PA47	PA47	4	with_DC_core_adjustment	whole_tissue	4012	1.0	0.32047716830925155
GSE278687	GSM8552957_PA47	PA47	4	with_DC_core_adjustment	DC_core_above_median	1661	0.41400797607178463	0.4084346493305353
GSE278687	GSM8552957_PA47	PA47	4	with_DC_core_adjustment	DC_core_above_mean	1661	0.41400797607178463	0.4084346493305353
GSE278687	GSM8552957_PA47	PA47	4	with_DC_core_adjustment	DC_core_above_q75	948	0.23629112662013957	0.43267256853613933
GSE278687	GSM8552957_PA47	PA47	6	without_DC_core_adjustment	whole_tissue	4012	1.0	0.40153654126072236
GSE278687	GSM8552957_PA47	PA47	6	without_DC_core_adjustment	DC_core_above_median	1661	0.41400797607178463	0.4958905414449854
GSE278687	GSM8552957_PA47	PA47	6	without_DC_core_adjustment	DC_core_above_mean	1661	0.41400797607178463	0.4958905414449854
GSE278687	GSM8552957_PA47	PA47	6	without_DC_core_adjustment	DC_core_above_q75	948	0.23629112662013957	0.5186839336949571
GSE278687	GSM8552957_PA47	PA47	6	with_DC_core_adjustment	whole_tissue	4012	1.0	0.3996880181592674
GSE278687	GSM8552957_PA47	PA47	6	with_DC_core_adjustment	DC_core_above_median	1661	0.41400797607178463	0.49527827218234743
GSE278687	GSM8552957_PA47	PA47	6	with_DC_core_adjustment	DC_core_above_mean	1661	0.41400797607178463	0.49527827218234743
GSE278687	GSM8552957_PA47	PA47	6	with_DC_core_adjustment	DC_core_above_q75	948	0.23629112662013957	0.5191000497440331
GSE278687	GSM8552957_PA47	PA47	12	without_DC_core_adjustment	whole_tissue	4012	1.0	0.49201067410013105
GSE278687	GSM8552957_PA47	PA47	12	without_DC_core_adjustment	DC_core_above_median	1661	0.41400797607178463	0.5749625409357881
GSE278687	GSM8552957_PA47	PA47	12	without_DC_core_adjustment	DC_core_above_mean	1661	0.41400797607178463	0.5749625409357881
GSE278687	GSM8552957_PA47	PA47	12	without_DC_core_adjustment	DC_core_above_q75	948	0.23629112662013957	0.5906926996166569
GSE278687	GSM8552957_PA47	PA47	12	with_DC_core_adjustment	whole_tissue	4012	1.0	0.4894716984469147
GSE278687	GSM8552957_PA47	PA47	12	with_DC_core_adjustment	DC_core_above_median	1661	0.41400797607178463	0.5740803944757069
GSE278687	GSM8552957_PA47	PA47	12	with_DC_core_adjustment	DC_core_above_mean	1661	0.41400797607178463	0.5740803944757069
GSE278687	GSM8552957_PA47	PA47	12	with_DC_core_adjustment	DC_core_above_q75	948	0.23629112662013957	0.5908466733114879
GSE278687	GSM8552958_PA72	PA72	4	without_DC_core_adjustment	whole_tissue	4980	1.0	0.25192741049709316
GSE278687	GSM8552958_PA72	PA72	4	without_DC_core_adjustment	DC_core_above_median	2183	0.4383534136546185	0.29306937875579797
GSE278687	GSM8552958_PA72	PA72	4	without_DC_core_adjustment	DC_core_above_mean	2632	0.5285140562248996	0.2875433169276793
GSE278687	GSM8552958_PA72	PA72	4	without_DC_core_adjustment	DC_core_above_q75	1067	0.2142570281124498	0.363290198420218
GSE278687	GSM8552958_PA72	PA72	4	with_DC_core_adjustment	whole_tissue	4980	1.0	0.24333599020018634
GSE278687	GSM8552958_PA72	PA72	4	with_DC_core_adjustment	DC_core_above_median	2183	0.4383534136546185	0.2846159739707146
GSE278687	GSM8552958_PA72	PA72	4	with_DC_core_adjustment	DC_core_above_mean	2632	0.5285140562248996	0.2789260355487246
GSE278687	GSM8552958_PA72	PA72	4	with_DC_core_adjustment	DC_core_above_q75	1067	0.2142570281124498	0.3526445726283326
GSE278687	GSM8552958_PA72	PA72	6	without_DC_core_adjustment	whole_tissue	4980	1.0	0.2857392784639669
GSE278687	GSM8552958_PA72	PA72	6	without_DC_core_adjustment	DC_core_above_median	2183	0.4383534136546185	0.32913142084807173
GSE278687	GSM8552958_PA72	PA72	6	without_DC_core_adjustment	DC_core_above_mean	2632	0.5285140562248996	0.3222551343616869
GSE278687	GSM8552958_PA72	PA72	6	without_DC_core_adjustment	DC_core_above_q75	1067	0.2142570281124498	0.40296217245871707
GSE278687	GSM8552958_PA72	PA72	6	with_DC_core_adjustment	whole_tissue	4980	1.0	0.2771566691381822
GSE278687	GSM8552958_PA72	PA72	6	with_DC_core_adjustment	DC_core_above_median	2183	0.4383534136546185	0.3202152238003521
GSE278687	GSM8552958_PA72	PA72	6	with_DC_core_adjustment	DC_core_above_mean	2632	0.5285140562248996	0.31346844355574055
GSE278687	GSM8552958_PA72	PA72	6	with_DC_core_adjustment	DC_core_above_q75	1067	0.2142570281124498	0.39245733971543034
GSE278687	GSM8552958_PA72	PA72	12	without_DC_core_adjustment	whole_tissue	4980	1.0	0.3549391130128844
GSE278687	GSM8552958_PA72	PA72	12	without_DC_core_adjustment	DC_core_above_median	2183	0.4383534136546185	0.41018827122781276
GSE278687	GSM8552958_PA72	PA72	12	without_DC_core_adjustment	DC_core_above_mean	2632	0.5285140562248996	0.3979567581217408
GSE278687	GSM8552958_PA72	PA72	12	without_DC_core_adjustment	DC_core_above_q75	1067	0.2142570281124498	0.48899234223406846
GSE278687	GSM8552958_PA72	PA72	12	with_DC_core_adjustment	whole_tissue	4980	1.0	0.34533286775066496
GSE278687	GSM8552958_PA72	PA72	12	with_DC_core_adjustment	DC_core_above_median	2183	0.4383534136546185	0.40042339236677577
GSE278687	GSM8552958_PA72	PA72	12	with_DC_core_adjustment	DC_core_above_mean	2632	0.5285140562248996	0.38889357813525877
GSE278687	GSM8552958_PA72	PA72	12	with_DC_core_adjustment	DC_core_above_q75	1067	0.2142570281124498	0.4771854255688142
GSE278687	GSM8552959_PA85	PA85	4	without_DC_core_adjustment	whole_tissue	4823	1.0	0.4601598786131163
GSE278687	GSM8552959_PA85	PA85	4	without_DC_core_adjustment	DC_core_above_median	2348	0.4868339207961849	0.5019686445937054
GSE278687	GSM8552959_PA85	PA85	4	without_DC_core_adjustment	DC_core_above_mean	2654	0.5502799087704748	0.49362929289882906
GSE278687	GSM8552959_PA85	PA85	4	without_DC_core_adjustment	DC_core_above_q75	1124	0.2330499688990255	0.49936778692837447
GSE278687	GSM8552959_PA85	PA85	4	with_DC_core_adjustment	whole_tissue	4823	1.0	0.45919893212414825
GSE278687	GSM8552959_PA85	PA85	4	with_DC_core_adjustment	DC_core_above_median	2348	0.4868339207961849	0.5007980490914312
GSE278687	GSM8552959_PA85	PA85	4	with_DC_core_adjustment	DC_core_above_mean	2654	0.5502799087704748	0.492496814755124
GSE278687	GSM8552959_PA85	PA85	4	with_DC_core_adjustment	DC_core_above_q75	1124	0.2330499688990255	0.4979899099944414
GSE278687	GSM8552959_PA85	PA85	6	without_DC_core_adjustment	whole_tissue	4823	1.0	0.507795470605509
GSE278687	GSM8552959_PA85	PA85	6	without_DC_core_adjustment	DC_core_above_median	2348	0.4868339207961849	0.5453039902296628
GSE278687	GSM8552959_PA85	PA85	6	without_DC_core_adjustment	DC_core_above_mean	2654	0.5502799087704748	0.5391207351503553
GSE278687	GSM8552959_PA85	PA85	6	without_DC_core_adjustment	DC_core_above_q75	1124	0.2330499688990255	0.5370173676070387
GSE278687	GSM8552959_PA85	PA85	6	with_DC_core_adjustment	whole_tissue	4823	1.0	0.5068277159775874
GSE278687	GSM8552959_PA85	PA85	6	with_DC_core_adjustment	DC_core_above_median	2348	0.4868339207961849	0.5443064845089082
GSE278687	GSM8552959_PA85	PA85	6	with_DC_core_adjustment	DC_core_above_mean	2654	0.5502799087704748	0.5381761391102942
GSE278687	GSM8552959_PA85	PA85	6	with_DC_core_adjustment	DC_core_above_q75	1124	0.2330499688990255	0.5359395414904995
GSE278687	GSM8552959_PA85	PA85	12	without_DC_core_adjustment	whole_tissue	4823	1.0	0.5694152950298221
GSE278687	GSM8552959_PA85	PA85	12	without_DC_core_adjustment	DC_core_above_median	2348	0.4868339207961849	0.6024473038154646
GSE278687	GSM8552959_PA85	PA85	12	without_DC_core_adjustment	DC_core_above_mean	2654	0.5502799087704748	0.5943734769749243
GSE278687	GSM8552959_PA85	PA85	12	without_DC_core_adjustment	DC_core_above_q75	1124	0.2330499688990255	0.607209336377718
GSE278687	GSM8552959_PA85	PA85	12	with_DC_core_adjustment	whole_tissue	4823	1.0	0.5685840775332304
GSE278687	GSM8552959_PA85	PA85	12	with_DC_core_adjustment	DC_core_above_median	2348	0.4868339207961849	0.6015081823002382
GSE278687	GSM8552959_PA85	PA85	12	with_DC_core_adjustment	DC_core_above_mean	2654	0.5502799087704748	0.5934552281412143
GSE278687	GSM8552959_PA85	PA85	12	with_DC_core_adjustment	DC_core_above_q75	1124	0.2330499688990255	0.6062132302707229
GSE278687	GSM8552960_PA98	PA98	4	without_DC_core_adjustment	whole_tissue	4992	1.0	0.5402670373325584
GSE278687	GSM8552960_PA98	PA98	4	without_DC_core_adjustment	DC_core_above_median	2492	0.49919871794871795	0.5681794258579315
GSE278687	GSM8552960_PA98	PA98	4	without_DC_core_adjustment	DC_core_above_mean	3183	0.6376201923076923	0.5657514580019203
GSE278687	GSM8552960_PA98	PA98	4	without_DC_core_adjustment	DC_core_above_q75	1140	0.2283653846153846	0.5767062312477594
GSE278687	GSM8552960_PA98	PA98	4	with_DC_core_adjustment	whole_tissue	4992	1.0	0.5400783214150848
GSE278687	GSM8552960_PA98	PA98	4	with_DC_core_adjustment	DC_core_above_median	2492	0.49919871794871795	0.5677213897653219
GSE278687	GSM8552960_PA98	PA98	4	with_DC_core_adjustment	DC_core_above_mean	3183	0.6376201923076923	0.5656683635834637
GSE278687	GSM8552960_PA98	PA98	4	with_DC_core_adjustment	DC_core_above_q75	1140	0.2283653846153846	0.5758524949330233
GSE278687	GSM8552960_PA98	PA98	6	without_DC_core_adjustment	whole_tissue	4992	1.0	0.5857237129720034
GSE278687	GSM8552960_PA98	PA98	6	without_DC_core_adjustment	DC_core_above_median	2492	0.49919871794871795	0.6200227950070492
GSE278687	GSM8552960_PA98	PA98	6	without_DC_core_adjustment	DC_core_above_mean	3183	0.6376201923076923	0.6107278040228631
GSE278687	GSM8552960_PA98	PA98	6	without_DC_core_adjustment	DC_core_above_q75	1140	0.2283653846153846	0.6224623979940616
GSE278687	GSM8552960_PA98	PA98	6	with_DC_core_adjustment	whole_tissue	4992	1.0	0.5856664960281899
GSE278687	GSM8552960_PA98	PA98	6	with_DC_core_adjustment	DC_core_above_median	2492	0.49919871794871795	0.6194983897305308
GSE278687	GSM8552960_PA98	PA98	6	with_DC_core_adjustment	DC_core_above_mean	3183	0.6376201923076923	0.61064811676202
GSE278687	GSM8552960_PA98	PA98	6	with_DC_core_adjustment	DC_core_above_q75	1140	0.2283653846153846	0.6214778911109805
GSE278687	GSM8552960_PA98	PA98	12	without_DC_core_adjustment	whole_tissue	4992	1.0	0.6530312562646345
GSE278687	GSM8552960_PA98	PA98	12	without_DC_core_adjustment	DC_core_above_median	2492	0.49919871794871795	0.668646862002718
GSE278687	GSM8552960_PA98	PA98	12	without_DC_core_adjustment	DC_core_above_mean	3183	0.6376201923076923	0.6663128080864597
GSE278687	GSM8552960_PA98	PA98	12	without_DC_core_adjustment	DC_core_above_q75	1140	0.2283653846153846	0.669471904176705
GSE278687	GSM8552960_PA98	PA98	12	with_DC_core_adjustment	whole_tissue	4992	1.0	0.6529901340955692
GSE278687	GSM8552960_PA98	PA98	12	with_DC_core_adjustment	DC_core_above_median	2492	0.49919871794871795	0.6684838401978479
GSE278687	GSM8552960_PA98	PA98	12	with_DC_core_adjustment	DC_core_above_mean	3183	0.6376201923076923	0.666504517908089
GSE278687	GSM8552960_PA98	PA98	12	with_DC_core_adjustment	DC_core_above_q75	1140	0.2283653846153846	0.6688335760002068
GSE277116	pdac2	GSM8514530	4	without_DC_core_adjustment	whole_tissue	2553	1.0	0.26438854296937836
GSE277116	pdac2	GSM8514530	4	without_DC_core_adjustment	DC_core_above_median	1127	0.44144144144144143	0.2929864032422481
GSE277116	pdac2	GSM8514530	4	without_DC_core_adjustment	DC_core_above_mean	1471	0.5761848805327067	0.28226409882213704
GSE277116	pdac2	GSM8514530	4	without_DC_core_adjustment	DC_core_above_q75	601	0.2354093223658441	0.33485114226184604
GSE277116	pdac2	GSM8514530	4	with_DC_core_adjustment	whole_tissue	2553	1.0	0.2336287454608763
GSE277116	pdac2	GSM8514530	4	with_DC_core_adjustment	DC_core_above_median	1127	0.44144144144144143	0.2721863422814655
GSE277116	pdac2	GSM8514530	4	with_DC_core_adjustment	DC_core_above_mean	1471	0.5761848805327067	0.26006409706787725
GSE277116	pdac2	GSM8514530	4	with_DC_core_adjustment	DC_core_above_q75	601	0.2354093223658441	0.315368924722894
GSE277116	pdac2	GSM8514530	6	without_DC_core_adjustment	whole_tissue	2553	1.0	0.29640771637767144
GSE277116	pdac2	GSM8514530	6	without_DC_core_adjustment	DC_core_above_median	1127	0.44144144144144143	0.29989643785757314
GSE277116	pdac2	GSM8514530	6	without_DC_core_adjustment	DC_core_above_mean	1471	0.5761848805327067	0.29835336506796234
GSE277116	pdac2	GSM8514530	6	without_DC_core_adjustment	DC_core_above_q75	601	0.2354093223658441	0.3429074143920961
GSE277116	pdac2	GSM8514530	6	with_DC_core_adjustment	whole_tissue	2553	1.0	0.2590650876925961
GSE277116	pdac2	GSM8514530	6	with_DC_core_adjustment	DC_core_above_median	1127	0.44144144144144143	0.272414066302865
GSE277116	pdac2	GSM8514530	6	with_DC_core_adjustment	DC_core_above_mean	1471	0.5761848805327067	0.2699440571783039
GSE277116	pdac2	GSM8514530	6	with_DC_core_adjustment	DC_core_above_q75	601	0.2354093223658441	0.3209978428828103
GSE277116	pdac2	GSM8514530	12	without_DC_core_adjustment	whole_tissue	2553	1.0	0.4041865352747035
GSE277116	pdac2	GSM8514530	12	without_DC_core_adjustment	DC_core_above_median	1127	0.44144144144144143	0.40678897267599734
GSE277116	pdac2	GSM8514530	12	without_DC_core_adjustment	DC_core_above_mean	1471	0.5761848805327067	0.390701262370386
GSE277116	pdac2	GSM8514530	12	without_DC_core_adjustment	DC_core_above_q75	601	0.2354093223658441	0.44546528696579524
GSE277116	pdac2	GSM8514530	12	with_DC_core_adjustment	whole_tissue	2553	1.0	0.3535909379616253
GSE277116	pdac2	GSM8514530	12	with_DC_core_adjustment	DC_core_above_median	1127	0.44144144144144143	0.3669860204850626
GSE277116	pdac2	GSM8514530	12	with_DC_core_adjustment	DC_core_above_mean	1471	0.5761848805327067	0.3488265214874764
GSE277116	pdac2	GSM8514530	12	with_DC_core_adjustment	DC_core_above_q75	601	0.2354093223658441	0.41368736635780984
GSE277116	pdac4	GSM8514532	4	without_DC_core_adjustment	whole_tissue	2613	1.0	0.14909846783589337
GSE277116	pdac4	GSM8514532	4	without_DC_core_adjustment	DC_core_above_median	641	0.24531190202831993	0.17782462230710722
GSE277116	pdac4	GSM8514532	4	without_DC_core_adjustment	DC_core_above_mean	1484	0.567929582854956	0.16776310627970226
GSE277116	pdac4	GSM8514532	4	without_DC_core_adjustment	DC_core_above_q75	641	0.24531190202831993	0.17782462230710722
GSE277116	pdac4	GSM8514532	4	with_DC_core_adjustment	whole_tissue	2613	1.0	0.14787569745446885
GSE277116	pdac4	GSM8514532	4	with_DC_core_adjustment	DC_core_above_median	641	0.24531190202831993	0.1756526686989668
GSE277116	pdac4	GSM8514532	4	with_DC_core_adjustment	DC_core_above_mean	1484	0.567929582854956	0.165605922493317
GSE277116	pdac4	GSM8514532	4	with_DC_core_adjustment	DC_core_above_q75	641	0.24531190202831993	0.1756526686989668
GSE277116	pdac4	GSM8514532	6	without_DC_core_adjustment	whole_tissue	2613	1.0	0.15694572871147028
GSE277116	pdac4	GSM8514532	6	without_DC_core_adjustment	DC_core_above_median	641	0.24531190202831993	0.20699975614619867
GSE277116	pdac4	GSM8514532	6	without_DC_core_adjustment	DC_core_above_mean	1484	0.567929582854956	0.18453887805662755
GSE277116	pdac4	GSM8514532	6	without_DC_core_adjustment	DC_core_above_q75	641	0.24531190202831993	0.20699975614619867
GSE277116	pdac4	GSM8514532	6	with_DC_core_adjustment	whole_tissue	2613	1.0	0.15444079304664313
GSE277116	pdac4	GSM8514532	6	with_DC_core_adjustment	DC_core_above_median	641	0.24531190202831993	0.19987812836054986
GSE277116	pdac4	GSM8514532	6	with_DC_core_adjustment	DC_core_above_mean	1484	0.567929582854956	0.18099258137144988
GSE277116	pdac4	GSM8514532	6	with_DC_core_adjustment	DC_core_above_q75	641	0.24531190202831993	0.19987812836054986
GSE277116	pdac4	GSM8514532	12	without_DC_core_adjustment	whole_tissue	2613	1.0	0.22226801860845774
GSE277116	pdac4	GSM8514532	12	without_DC_core_adjustment	DC_core_above_median	641	0.24531190202831993	0.2532723394194254
GSE277116	pdac4	GSM8514532	12	without_DC_core_adjustment	DC_core_above_mean	1484	0.567929582854956	0.2540066379290045
GSE277116	pdac4	GSM8514532	12	without_DC_core_adjustment	DC_core_above_q75	641	0.24531190202831993	0.2532723394194254
GSE277116	pdac4	GSM8514532	12	with_DC_core_adjustment	whole_tissue	2613	1.0	0.2183616097607216
GSE277116	pdac4	GSM8514532	12	with_DC_core_adjustment	DC_core_above_median	641	0.24531190202831993	0.24801592877847464
GSE277116	pdac4	GSM8514532	12	with_DC_core_adjustment	DC_core_above_mean	1484	0.567929582854956	0.24974936873504325
GSE277116	pdac4	GSM8514532	12	with_DC_core_adjustment	DC_core_above_q75	641	0.24531190202831993	0.24801592877847464
GSE277116	pdac5	GSM8514533	4	without_DC_core_adjustment	whole_tissue	3250	1.0	0.1860899857611448
GSE277116	pdac5	GSM8514533	4	without_DC_core_adjustment	DC_core_above_median	1176	0.3618461538461539	0.2879214698544727
GSE277116	pdac5	GSM8514533	4	without_DC_core_adjustment	DC_core_above_mean	1671	0.5141538461538462	0.24320664807903639
GSE277116	pdac5	GSM8514533	4	without_DC_core_adjustment	DC_core_above_q75	623	0.1916923076923077	0.35239407578137577
GSE277116	pdac5	GSM8514533	4	with_DC_core_adjustment	whole_tissue	3250	1.0	0.16866675268636272
GSE277116	pdac5	GSM8514533	4	with_DC_core_adjustment	DC_core_above_median	1176	0.3618461538461539	0.2726441082333756
GSE277116	pdac5	GSM8514533	4	with_DC_core_adjustment	DC_core_above_mean	1671	0.5141538461538462	0.22711645550497536
GSE277116	pdac5	GSM8514533	4	with_DC_core_adjustment	DC_core_above_q75	623	0.1916923076923077	0.3358030444622624
GSE277116	pdac5	GSM8514533	6	without_DC_core_adjustment	whole_tissue	3250	1.0	0.2658615055663667
GSE277116	pdac5	GSM8514533	6	without_DC_core_adjustment	DC_core_above_median	1176	0.3618461538461539	0.37371491468568396
GSE277116	pdac5	GSM8514533	6	without_DC_core_adjustment	DC_core_above_mean	1671	0.5141538461538462	0.32915223292017753
GSE277116	pdac5	GSM8514533	6	without_DC_core_adjustment	DC_core_above_q75	623	0.1916923076923077	0.4332422342618703
GSE277116	pdac5	GSM8514533	6	with_DC_core_adjustment	whole_tissue	3250	1.0	0.244765619211892
GSE277116	pdac5	GSM8514533	6	with_DC_core_adjustment	DC_core_above_median	1176	0.3618461538461539	0.35521076376280813
GSE277116	pdac5	GSM8514533	6	with_DC_core_adjustment	DC_core_above_mean	1671	0.5141538461538462	0.30970765932892186
GSE277116	pdac5	GSM8514533	6	with_DC_core_adjustment	DC_core_above_q75	623	0.1916923076923077	0.4161808838897605
GSE277116	pdac5	GSM8514533	12	without_DC_core_adjustment	whole_tissue	3250	1.0	0.376763527973103
GSE277116	pdac5	GSM8514533	12	without_DC_core_adjustment	DC_core_above_median	1176	0.3618461538461539	0.4905724925525318
GSE277116	pdac5	GSM8514533	12	without_DC_core_adjustment	DC_core_above_mean	1671	0.5141538461538462	0.4470592520604042
GSE277116	pdac5	GSM8514533	12	without_DC_core_adjustment	DC_core_above_q75	623	0.1916923076923077	0.5598471157628667
GSE277116	pdac5	GSM8514533	12	with_DC_core_adjustment	whole_tissue	3250	1.0	0.34694392600403406
GSE277116	pdac5	GSM8514533	12	with_DC_core_adjustment	DC_core_above_median	1176	0.3618461538461539	0.46675463976007614
GSE277116	pdac5	GSM8514533	12	with_DC_core_adjustment	DC_core_above_mean	1671	0.5141538461538462	0.42044801817574096
GSE277116	pdac5	GSM8514533	12	with_DC_core_adjustment	DC_core_above_q75	623	0.1916923076923077	0.5424503439306553
GSE277116	pdac6	GSM8514534	4	without_DC_core_adjustment	whole_tissue	2929	1.0	0.40602098480380877
GSE277116	pdac6	GSM8514534	4	without_DC_core_adjustment	DC_core_above_median	1444	0.4930010242403551	0.37902292215120337
GSE277116	pdac6	GSM8514534	4	without_DC_core_adjustment	DC_core_above_mean	1674	0.5715261181290543	0.38622337788587396
GSE277116	pdac6	GSM8514534	4	without_DC_core_adjustment	DC_core_above_q75	726	0.24786616592693753	0.2972077747848478
GSE277116	pdac6	GSM8514534	4	with_DC_core_adjustment	whole_tissue	2929	1.0	0.4024754932664731
GSE277116	pdac6	GSM8514534	4	with_DC_core_adjustment	DC_core_above_median	1444	0.4930010242403551	0.3851035900165967
GSE277116	pdac6	GSM8514534	4	with_DC_core_adjustment	DC_core_above_mean	1674	0.5715261181290543	0.38799434518895687
GSE277116	pdac6	GSM8514534	4	with_DC_core_adjustment	DC_core_above_q75	726	0.24786616592693753	0.304657485356932
GSE277116	pdac6	GSM8514534	6	without_DC_core_adjustment	whole_tissue	2929	1.0	0.45660823510873
GSE277116	pdac6	GSM8514534	6	without_DC_core_adjustment	DC_core_above_median	1444	0.4930010242403551	0.41207071512249976
GSE277116	pdac6	GSM8514534	6	without_DC_core_adjustment	DC_core_above_mean	1674	0.5715261181290543	0.41678036198889823
GSE277116	pdac6	GSM8514534	6	without_DC_core_adjustment	DC_core_above_q75	726	0.24786616592693753	0.3201131805283585
GSE277116	pdac6	GSM8514534	6	with_DC_core_adjustment	whole_tissue	2929	1.0	0.4539158461790258
GSE277116	pdac6	GSM8514534	6	with_DC_core_adjustment	DC_core_above_median	1444	0.4930010242403551	0.4193666222463161
GSE277116	pdac6	GSM8514534	6	with_DC_core_adjustment	DC_core_above_mean	1674	0.5715261181290543	0.4199530786558533
GSE277116	pdac6	GSM8514534	6	with_DC_core_adjustment	DC_core_above_q75	726	0.24786616592693753	0.32873322082645773
GSE277116	pdac6	GSM8514534	12	without_DC_core_adjustment	whole_tissue	2929	1.0	0.5243373900053073
GSE277116	pdac6	GSM8514534	12	without_DC_core_adjustment	DC_core_above_median	1444	0.4930010242403551	0.4532465689114133
GSE277116	pdac6	GSM8514534	12	without_DC_core_adjustment	DC_core_above_mean	1674	0.5715261181290543	0.46692578769711596
GSE277116	pdac6	GSM8514534	12	without_DC_core_adjustment	DC_core_above_q75	726	0.24786616592693753	0.37411051802855716
GSE277116	pdac6	GSM8514534	12	with_DC_core_adjustment	whole_tissue	2929	1.0	0.5243287361416449
GSE277116	pdac6	GSM8514534	12	with_DC_core_adjustment	DC_core_above_median	1444	0.4930010242403551	0.46416592121763783
GSE277116	pdac6	GSM8514534	12	with_DC_core_adjustment	DC_core_above_mean	1674	0.5715261181290543	0.4728038126528487
GSE277116	pdac6	GSM8514534	12	with_DC_core_adjustment	DC_core_above_q75	726	0.24786616592693753	0.3868794092688992
GSE277116	pdac7	GSM8514535	4	without_DC_core_adjustment	whole_tissue	4992	1.0	0.46123191566911104
GSE277116	pdac7	GSM8514535	4	without_DC_core_adjustment	DC_core_above_median	2486	0.4979967948717949	0.42971677846388323
GSE277116	pdac7	GSM8514535	4	without_DC_core_adjustment	DC_core_above_mean	2757	0.5522836538461539	0.4423060754825943
GSE277116	pdac7	GSM8514535	4	without_DC_core_adjustment	DC_core_above_q75	1232	0.2467948717948718	0.4065371300796733
GSE277116	pdac7	GSM8514535	4	with_DC_core_adjustment	whole_tissue	4992	1.0	0.376586267486459
GSE277116	pdac7	GSM8514535	4	with_DC_core_adjustment	DC_core_above_median	2486	0.4979967948717949	0.36958357385214846
GSE277116	pdac7	GSM8514535	4	with_DC_core_adjustment	DC_core_above_mean	2757	0.5522836538461539	0.3815260114876393
GSE277116	pdac7	GSM8514535	4	with_DC_core_adjustment	DC_core_above_q75	1232	0.2467948717948718	0.34730888702914636
GSE277116	pdac7	GSM8514535	6	without_DC_core_adjustment	whole_tissue	4992	1.0	0.5212393860522708
GSE277116	pdac7	GSM8514535	6	without_DC_core_adjustment	DC_core_above_median	2486	0.4979967948717949	0.4865042338314682
GSE277116	pdac7	GSM8514535	6	without_DC_core_adjustment	DC_core_above_mean	2757	0.5522836538461539	0.4970051928310671
GSE277116	pdac7	GSM8514535	6	without_DC_core_adjustment	DC_core_above_q75	1232	0.2467948717948718	0.45939930009223645
GSE277116	pdac7	GSM8514535	6	with_DC_core_adjustment	whole_tissue	4992	1.0	0.4304684267186253
GSE277116	pdac7	GSM8514535	6	with_DC_core_adjustment	DC_core_above_median	2486	0.4979967948717949	0.4224556526758099
GSE277116	pdac7	GSM8514535	6	with_DC_core_adjustment	DC_core_above_mean	2757	0.5522836538461539	0.4314539898927193
GSE277116	pdac7	GSM8514535	6	with_DC_core_adjustment	DC_core_above_q75	1232	0.2467948717948718	0.39462193800214823
GSE277116	pdac7	GSM8514535	12	without_DC_core_adjustment	whole_tissue	4992	1.0	0.6144486347908517
GSE277116	pdac7	GSM8514535	12	without_DC_core_adjustment	DC_core_above_median	2486	0.4979967948717949	0.5821181034902294
GSE277116	pdac7	GSM8514535	12	without_DC_core_adjustment	DC_core_above_mean	2757	0.5522836538461539	0.5948727378178641
GSE277116	pdac7	GSM8514535	12	without_DC_core_adjustment	DC_core_above_q75	1232	0.2467948717948718	0.5519690963310663
GSE277116	pdac7	GSM8514535	12	with_DC_core_adjustment	whole_tissue	4992	1.0	0.5122558726806182
GSE277116	pdac7	GSM8514535	12	with_DC_core_adjustment	DC_core_above_median	2486	0.4979967948717949	0.506301211804903
GSE277116	pdac7	GSM8514535	12	with_DC_core_adjustment	DC_core_above_mean	2757	0.5522836538461539	0.5186758915715483
GSE277116	pdac7	GSM8514535	12	with_DC_core_adjustment	DC_core_above_q75	1232	0.2467948717948718	0.472779158553619
GSE277116	pdac8	GSM8514536	4	without_DC_core_adjustment	whole_tissue	3320	1.0	0.49371254889496485
GSE277116	pdac8	GSM8514536	4	without_DC_core_adjustment	DC_core_above_median	1616	0.4867469879518072	0.48650311092946497
GSE277116	pdac8	GSM8514536	4	without_DC_core_adjustment	DC_core_above_mean	1987	0.5984939759036144	0.49004701631892644
GSE277116	pdac8	GSM8514536	4	without_DC_core_adjustment	DC_core_above_q75	815	0.24548192771084337	0.4895147629031031
GSE277116	pdac8	GSM8514536	4	with_DC_core_adjustment	whole_tissue	3320	1.0	0.42879151466734006
GSE277116	pdac8	GSM8514536	4	with_DC_core_adjustment	DC_core_above_median	1616	0.4867469879518072	0.4469065116774731
GSE277116	pdac8	GSM8514536	4	with_DC_core_adjustment	DC_core_above_mean	1987	0.5984939759036144	0.44637428846287536
GSE277116	pdac8	GSM8514536	4	with_DC_core_adjustment	DC_core_above_q75	815	0.24548192771084337	0.4655270599178537
GSE277116	pdac8	GSM8514536	6	without_DC_core_adjustment	whole_tissue	3320	1.0	0.5630567251134656
GSE277116	pdac8	GSM8514536	6	without_DC_core_adjustment	DC_core_above_median	1616	0.4867469879518072	0.5536643632868545
GSE277116	pdac8	GSM8514536	6	without_DC_core_adjustment	DC_core_above_mean	1987	0.5984939759036144	0.5571431550597639
GSE277116	pdac8	GSM8514536	6	without_DC_core_adjustment	DC_core_above_q75	815	0.24548192771084337	0.5495295664915283
GSE277116	pdac8	GSM8514536	6	with_DC_core_adjustment	whole_tissue	3320	1.0	0.4970649156592105
GSE277116	pdac8	GSM8514536	6	with_DC_core_adjustment	DC_core_above_median	1616	0.4867469879518072	0.5191461162486546
GSE277116	pdac8	GSM8514536	6	with_DC_core_adjustment	DC_core_above_mean	1987	0.5984939759036144	0.5168811174213416
GSE277116	pdac8	GSM8514536	6	with_DC_core_adjustment	DC_core_above_q75	815	0.24548192771084337	0.5320761696902965
GSE277116	pdac8	GSM8514536	12	without_DC_core_adjustment	whole_tissue	3320	1.0	0.6443407921278738
GSE277116	pdac8	GSM8514536	12	without_DC_core_adjustment	DC_core_above_median	1616	0.4867469879518072	0.6283339199025406
GSE277116	pdac8	GSM8514536	12	without_DC_core_adjustment	DC_core_above_mean	1987	0.5984939759036144	0.6316114972402318
GSE277116	pdac8	GSM8514536	12	without_DC_core_adjustment	DC_core_above_q75	815	0.24548192771084337	0.6268885154746071
GSE277116	pdac8	GSM8514536	12	with_DC_core_adjustment	whole_tissue	3320	1.0	0.5885483420933808
GSE277116	pdac8	GSM8514536	12	with_DC_core_adjustment	DC_core_above_median	1616	0.4867469879518072	0.6028367508170752
GSE277116	pdac8	GSM8514536	12	with_DC_core_adjustment	DC_core_above_mean	1987	0.5984939759036144	0.6000002130100394
GSE277116	pdac8	GSM8514536	12	with_DC_core_adjustment	DC_core_above_q75	815	0.24548192771084337	0.6161514462419955
GSE277116	pdac9	GSM8514537	4	without_DC_core_adjustment	whole_tissue	3134	1.0	0.16180680517551524
GSE277116	pdac9	GSM8514537	4	without_DC_core_adjustment	DC_core_above_median	1561	0.498085513720485	0.14940926295235765
GSE277116	pdac9	GSM8514537	4	without_DC_core_adjustment	DC_core_above_mean	1811	0.5778557753669432	0.13822697381217333
GSE277116	pdac9	GSM8514537	4	without_DC_core_adjustment	DC_core_above_q75	740	0.23611997447351626	0.19360890703997777
GSE277116	pdac9	GSM8514537	4	with_DC_core_adjustment	whole_tissue	3134	1.0	0.16210239492636014
GSE277116	pdac9	GSM8514537	4	with_DC_core_adjustment	DC_core_above_median	1561	0.498085513720485	0.14960943241351202
GSE277116	pdac9	GSM8514537	4	with_DC_core_adjustment	DC_core_above_mean	1811	0.5778557753669432	0.13849040558364606
GSE277116	pdac9	GSM8514537	4	with_DC_core_adjustment	DC_core_above_q75	740	0.23611997447351626	0.19387106543588928
GSE277116	pdac9	GSM8514537	6	without_DC_core_adjustment	whole_tissue	3134	1.0	0.20668407132016728
GSE277116	pdac9	GSM8514537	6	without_DC_core_adjustment	DC_core_above_median	1561	0.498085513720485	0.19002003911186785
GSE277116	pdac9	GSM8514537	6	without_DC_core_adjustment	DC_core_above_mean	1811	0.5778557753669432	0.17359818380401418
GSE277116	pdac9	GSM8514537	6	without_DC_core_adjustment	DC_core_above_q75	740	0.23611997447351626	0.21598222738109873
GSE277116	pdac9	GSM8514537	6	with_DC_core_adjustment	whole_tissue	3134	1.0	0.2070429620382568
GSE277116	pdac9	GSM8514537	6	with_DC_core_adjustment	DC_core_above_median	1561	0.498085513720485	0.19028681111048254
GSE277116	pdac9	GSM8514537	6	with_DC_core_adjustment	DC_core_above_mean	1811	0.5778557753669432	0.17390476892753304
GSE277116	pdac9	GSM8514537	6	with_DC_core_adjustment	DC_core_above_q75	740	0.23611997447351626	0.21627593553932067
GSE277116	pdac9	GSM8514537	12	without_DC_core_adjustment	whole_tissue	3134	1.0	0.2720139969149763
GSE277116	pdac9	GSM8514537	12	without_DC_core_adjustment	DC_core_above_median	1561	0.498085513720485	0.26187727223242974
GSE277116	pdac9	GSM8514537	12	without_DC_core_adjustment	DC_core_above_mean	1811	0.5778557753669432	0.2464054081011975
GSE277116	pdac9	GSM8514537	12	without_DC_core_adjustment	DC_core_above_q75	740	0.23611997447351626	0.23097246022909554
GSE277116	pdac9	GSM8514537	12	with_DC_core_adjustment	whole_tissue	3134	1.0	0.2724352757660388
GSE277116	pdac9	GSM8514537	12	with_DC_core_adjustment	DC_core_above_median	1561	0.498085513720485	0.2622623315953451
GSE277116	pdac9	GSM8514537	12	with_DC_core_adjustment	DC_core_above_mean	1811	0.5778557753669432	0.2467905592188043
GSE277116	pdac9	GSM8514537	12	with_DC_core_adjustment	DC_core_above_q75	740	0.23611997447351626	0.2313726777223036
GSE277116	pdac11	GSM8514539	4	without_DC_core_adjustment	whole_tissue	3024	1.0	0.31720367274313915
GSE277116	pdac11	GSM8514539	4	without_DC_core_adjustment	DC_core_above_median	1478	0.4887566137566138	0.3050824354293223
GSE277116	pdac11	GSM8514539	4	without_DC_core_adjustment	DC_core_above_mean	1590	0.5257936507936508	0.3132907903296906
GSE277116	pdac11	GSM8514539	4	without_DC_core_adjustment	DC_core_above_q75	679	0.22453703703703703	0.3109923346437149
GSE277116	pdac11	GSM8514539	4	with_DC_core_adjustment	whole_tissue	3024	1.0	0.24962361861600668
GSE277116	pdac11	GSM8514539	4	with_DC_core_adjustment	DC_core_above_median	1478	0.4887566137566138	0.2597573119371869
GSE277116	pdac11	GSM8514539	4	with_DC_core_adjustment	DC_core_above_mean	1590	0.5257936507936508	0.2648716423017989
GSE277116	pdac11	GSM8514539	4	with_DC_core_adjustment	DC_core_above_q75	679	0.22453703703703703	0.2819330242324402
GSE277116	pdac11	GSM8514539	6	without_DC_core_adjustment	whole_tissue	3024	1.0	0.3651901546285394
GSE277116	pdac11	GSM8514539	6	without_DC_core_adjustment	DC_core_above_median	1478	0.4887566137566138	0.35439583259732815
GSE277116	pdac11	GSM8514539	6	without_DC_core_adjustment	DC_core_above_mean	1590	0.5257936507936508	0.3571618825486597
GSE277116	pdac11	GSM8514539	6	without_DC_core_adjustment	DC_core_above_q75	679	0.22453703703703703	0.35701705013640767
GSE277116	pdac11	GSM8514539	6	with_DC_core_adjustment	whole_tissue	3024	1.0	0.2944753603213937
GSE277116	pdac11	GSM8514539	6	with_DC_core_adjustment	DC_core_above_median	1478	0.4887566137566138	0.3061703548603698
GSE277116	pdac11	GSM8514539	6	with_DC_core_adjustment	DC_core_above_mean	1590	0.5257936507936508	0.305013652295327
GSE277116	pdac11	GSM8514539	6	with_DC_core_adjustment	DC_core_above_q75	679	0.22453703703703703	0.3216395185484503
GSE277116	pdac11	GSM8514539	12	without_DC_core_adjustment	whole_tissue	3024	1.0	0.44880948592504377
GSE277116	pdac11	GSM8514539	12	without_DC_core_adjustment	DC_core_above_median	1478	0.4887566137566138	0.42328716122468096
GSE277116	pdac11	GSM8514539	12	without_DC_core_adjustment	DC_core_above_mean	1590	0.5257936507936508	0.4314541995588361
GSE277116	pdac11	GSM8514539	12	without_DC_core_adjustment	DC_core_above_q75	679	0.22453703703703703	0.41486522025384814
GSE277116	pdac11	GSM8514539	12	with_DC_core_adjustment	whole_tissue	3024	1.0	0.3760427413717608
GSE277116	pdac11	GSM8514539	12	with_DC_core_adjustment	DC_core_above_median	1478	0.4887566137566138	0.37271147506265345
GSE277116	pdac11	GSM8514539	12	with_DC_core_adjustment	DC_core_above_mean	1590	0.5257936507936508	0.3777146104758976
GSE277116	pdac11	GSM8514539	12	with_DC_core_adjustment	DC_core_above_q75	679	0.22453703703703703	0.37925953408926993
GSE277116	pdac15	GSM8514543	4	without_DC_core_adjustment	whole_tissue	1324	1.0	0.5372342944555575
GSE277116	pdac15	GSM8514543	4	without_DC_core_adjustment	DC_core_above_median	640	0.48338368580060426	0.5766912480031642
GSE277116	pdac15	GSM8514543	4	without_DC_core_adjustment	DC_core_above_mean	707	0.533987915407855	0.5694324972059039
GSE277116	pdac15	GSM8514543	4	without_DC_core_adjustment	DC_core_above_q75	329	0.24848942598187312	0.6384813719764743
GSE277116	pdac15	GSM8514543	4	with_DC_core_adjustment	whole_tissue	1324	1.0	0.493538950172389
GSE277116	pdac15	GSM8514543	4	with_DC_core_adjustment	DC_core_above_median	640	0.48338368580060426	0.550615771056805
GSE277116	pdac15	GSM8514543	4	with_DC_core_adjustment	DC_core_above_mean	707	0.533987915407855	0.5389617138046623
GSE277116	pdac15	GSM8514543	4	with_DC_core_adjustment	DC_core_above_q75	329	0.24848942598187312	0.6235591185726949
GSE277116	pdac15	GSM8514543	6	without_DC_core_adjustment	whole_tissue	1324	1.0	0.6118477028972339
GSE277116	pdac15	GSM8514543	6	without_DC_core_adjustment	DC_core_above_median	640	0.48338368580060426	0.6564578057805488
GSE277116	pdac15	GSM8514543	6	without_DC_core_adjustment	DC_core_above_mean	707	0.533987915407855	0.6500957003039824
GSE277116	pdac15	GSM8514543	6	without_DC_core_adjustment	DC_core_above_q75	329	0.24848942598187312	0.7243827854389678
GSE277116	pdac15	GSM8514543	6	with_DC_core_adjustment	whole_tissue	1324	1.0	0.5663759797587279
GSE277116	pdac15	GSM8514543	6	with_DC_core_adjustment	DC_core_above_median	640	0.48338368580060426	0.6300746156259596
GSE277116	pdac15	GSM8514543	6	with_DC_core_adjustment	DC_core_above_mean	707	0.533987915407855	0.6186050420261737
GSE277116	pdac15	GSM8514543	6	with_DC_core_adjustment	DC_core_above_q75	329	0.24848942598187312	0.7075441124403764
GSE277116	pdac15	GSM8514543	12	without_DC_core_adjustment	whole_tissue	1324	1.0	0.7664844860667476
GSE277116	pdac15	GSM8514543	12	without_DC_core_adjustment	DC_core_above_median	640	0.48338368580060426	0.8162820545793114
GSE277116	pdac15	GSM8514543	12	without_DC_core_adjustment	DC_core_above_mean	707	0.533987915407855	0.8089591605148484
GSE277116	pdac15	GSM8514543	12	without_DC_core_adjustment	DC_core_above_q75	329	0.24848942598187312	0.859687994889067
GSE277116	pdac15	GSM8514543	12	with_DC_core_adjustment	whole_tissue	1324	1.0	0.7243728819262528
GSE277116	pdac15	GSM8514543	12	with_DC_core_adjustment	DC_core_above_median	640	0.48338368580060426	0.7923383161388579
GSE277116	pdac15	GSM8514543	12	with_DC_core_adjustment	DC_core_above_mean	707	0.533987915407855	0.7828620063084195
GSE277116	pdac15	GSM8514543	12	with_DC_core_adjustment	DC_core_above_q75	329	0.24848942598187312	0.8461453170508044
GSE277116	pdac16	GSM8514544	4	without_DC_core_adjustment	whole_tissue	1699	1.0	0.46787669123449294
GSE277116	pdac16	GSM8514544	4	without_DC_core_adjustment	DC_core_above_median	634	0.3731606827545615	0.5587350726569565
GSE277116	pdac16	GSM8514544	4	without_DC_core_adjustment	DC_core_above_mean	634	0.3731606827545615	0.5587350726569565
GSE277116	pdac16	GSM8514544	4	without_DC_core_adjustment	DC_core_above_q75	384	0.22601530311948204	0.6275835545852866
GSE277116	pdac16	GSM8514544	4	with_DC_core_adjustment	whole_tissue	1699	1.0	0.4309894827774126
GSE277116	pdac16	GSM8514544	4	with_DC_core_adjustment	DC_core_above_median	634	0.3731606827545615	0.5351133627564582
GSE277116	pdac16	GSM8514544	4	with_DC_core_adjustment	DC_core_above_mean	634	0.3731606827545615	0.5351133627564582
GSE277116	pdac16	GSM8514544	4	with_DC_core_adjustment	DC_core_above_q75	384	0.22601530311948204	0.6047901208761218
GSE277116	pdac16	GSM8514544	6	without_DC_core_adjustment	whole_tissue	1699	1.0	0.5497947309627215
GSE277116	pdac16	GSM8514544	6	without_DC_core_adjustment	DC_core_above_median	634	0.3731606827545615	0.6316463309020293
GSE277116	pdac16	GSM8514544	6	without_DC_core_adjustment	DC_core_above_mean	634	0.3731606827545615	0.6316463309020293
GSE277116	pdac16	GSM8514544	6	without_DC_core_adjustment	DC_core_above_q75	384	0.22601530311948204	0.6974973280359048
GSE277116	pdac16	GSM8514544	6	with_DC_core_adjustment	whole_tissue	1699	1.0	0.5043517286880028
GSE277116	pdac16	GSM8514544	6	with_DC_core_adjustment	DC_core_above_median	634	0.3731606827545615	0.5994190460438923
GSE277116	pdac16	GSM8514544	6	with_DC_core_adjustment	DC_core_above_mean	634	0.3731606827545615	0.5994190460438923
GSE277116	pdac16	GSM8514544	6	with_DC_core_adjustment	DC_core_above_q75	384	0.22601530311948204	0.6684956142185674
GSE277116	pdac16	GSM8514544	12	without_DC_core_adjustment	whole_tissue	1699	1.0	0.645968131948535
GSE277116	pdac16	GSM8514544	12	without_DC_core_adjustment	DC_core_above_median	634	0.3731606827545615	0.7015860598255381
GSE277116	pdac16	GSM8514544	12	without_DC_core_adjustment	DC_core_above_mean	634	0.3731606827545615	0.7015860598255381
GSE277116	pdac16	GSM8514544	12	without_DC_core_adjustment	DC_core_above_q75	384	0.22601530311948204	0.756347989118254
GSE277116	pdac16	GSM8514544	12	with_DC_core_adjustment	whole_tissue	1699	1.0	0.6008339002765847
GSE277116	pdac16	GSM8514544	12	with_DC_core_adjustment	DC_core_above_median	634	0.3731606827545615	0.6741721489342937
GSE277116	pdac16	GSM8514544	12	with_DC_core_adjustment	DC_core_above_mean	634	0.3731606827545615	0.6741721489342937
GSE277116	pdac16	GSM8514544	12	with_DC_core_adjustment	DC_core_above_q75	384	0.22601530311948204	0.7344209524866926
GSE277116	pdac18	GSM8514546	4	without_DC_core_adjustment	whole_tissue	1693	1.0	0.3335198829648386
GSE277116	pdac18	GSM8514546	4	without_DC_core_adjustment	DC_core_above_median	843	0.49793266391021856	0.3743349956952066
GSE277116	pdac18	GSM8514546	4	without_DC_core_adjustment	DC_core_above_mean	773	0.45658594211458947	0.387185340833389
GSE277116	pdac18	GSM8514546	4	without_DC_core_adjustment	DC_core_above_q75	420	0.24808033077377437	0.40035474648052943
GSE277116	pdac18	GSM8514546	4	with_DC_core_adjustment	whole_tissue	1693	1.0	0.2987187353821934
GSE277116	pdac18	GSM8514546	4	with_DC_core_adjustment	DC_core_above_median	843	0.49793266391021856	0.3321678436440087
GSE277116	pdac18	GSM8514546	4	with_DC_core_adjustment	DC_core_above_mean	773	0.45658594211458947	0.34505796061186816
GSE277116	pdac18	GSM8514546	4	with_DC_core_adjustment	DC_core_above_q75	420	0.24808033077377437	0.3628247962309864
GSE277116	pdac18	GSM8514546	6	without_DC_core_adjustment	whole_tissue	1693	1.0	0.38161247635133166
GSE277116	pdac18	GSM8514546	6	without_DC_core_adjustment	DC_core_above_median	843	0.49793266391021856	0.42556735424080727
GSE277116	pdac18	GSM8514546	6	without_DC_core_adjustment	DC_core_above_mean	773	0.45658594211458947	0.43234196304262124
GSE277116	pdac18	GSM8514546	6	without_DC_core_adjustment	DC_core_above_q75	420	0.24808033077377437	0.46471868765087004
GSE277116	pdac18	GSM8514546	6	with_DC_core_adjustment	whole_tissue	1693	1.0	0.33892139213215783
GSE277116	pdac18	GSM8514546	6	with_DC_core_adjustment	DC_core_above_median	843	0.49793266391021856	0.37805938977668685
GSE277116	pdac18	GSM8514546	6	with_DC_core_adjustment	DC_core_above_mean	773	0.45658594211458947	0.38371117595835164
GSE277116	pdac18	GSM8514546	6	with_DC_core_adjustment	DC_core_above_q75	420	0.24808033077377437	0.42160862225594725
GSE277116	pdac18	GSM8514546	12	without_DC_core_adjustment	whole_tissue	1693	1.0	0.5213022268681923
GSE277116	pdac18	GSM8514546	12	without_DC_core_adjustment	DC_core_above_median	843	0.49793266391021856	0.5849368649023314
GSE277116	pdac18	GSM8514546	12	without_DC_core_adjustment	DC_core_above_mean	773	0.45658594211458947	0.5912501312750122
GSE277116	pdac18	GSM8514546	12	without_DC_core_adjustment	DC_core_above_q75	420	0.24808033077377437	0.6233619143980971
GSE277116	pdac18	GSM8514546	12	with_DC_core_adjustment	whole_tissue	1693	1.0	0.4769829001740112
GSE277116	pdac18	GSM8514546	12	with_DC_core_adjustment	DC_core_above_median	843	0.49793266391021856	0.5363518332851485
GSE277116	pdac18	GSM8514546	12	with_DC_core_adjustment	DC_core_above_mean	773	0.45658594211458947	0.5419344903268518
GSE277116	pdac18	GSM8514546	12	with_DC_core_adjustment	DC_core_above_q75	420	0.24808033077377437	0.5805090407992444
GSE277116	pdac19	GSM8514547	4	without_DC_core_adjustment	whole_tissue	2499	1.0	0.36918563621310324
GSE277116	pdac19	GSM8514547	4	without_DC_core_adjustment	DC_core_above_median	1085	0.4341736694677871	0.43721853178436587
GSE277116	pdac19	GSM8514547	4	without_DC_core_adjustment	DC_core_above_mean	1256	0.5026010404161665	0.4287652466514903
GSE277116	pdac19	GSM8514547	4	without_DC_core_adjustment	DC_core_above_q75	608	0.24329731892757103	0.5028403365880407
GSE277116	pdac19	GSM8514547	4	with_DC_core_adjustment	whole_tissue	2499	1.0	0.35425041789492256
GSE277116	pdac19	GSM8514547	4	with_DC_core_adjustment	DC_core_above_median	1085	0.4341736694677871	0.42244090149108066
GSE277116	pdac19	GSM8514547	4	with_DC_core_adjustment	DC_core_above_mean	1256	0.5026010404161665	0.4130765225290229
GSE277116	pdac19	GSM8514547	4	with_DC_core_adjustment	DC_core_above_q75	608	0.24329731892757103	0.4883447285587364
GSE277116	pdac19	GSM8514547	6	without_DC_core_adjustment	whole_tissue	2499	1.0	0.4414994175831739
GSE277116	pdac19	GSM8514547	6	without_DC_core_adjustment	DC_core_above_median	1085	0.4341736694677871	0.5152650588214335
GSE277116	pdac19	GSM8514547	6	without_DC_core_adjustment	DC_core_above_mean	1256	0.5026010404161665	0.4977507375008637
GSE277116	pdac19	GSM8514547	6	without_DC_core_adjustment	DC_core_above_q75	608	0.24329731892757103	0.5605331156464434
GSE277116	pdac19	GSM8514547	6	with_DC_core_adjustment	whole_tissue	2499	1.0	0.4255795984740685
GSE277116	pdac19	GSM8514547	6	with_DC_core_adjustment	DC_core_above_median	1085	0.4341736694677871	0.5015599013664971
GSE277116	pdac19	GSM8514547	6	with_DC_core_adjustment	DC_core_above_mean	1256	0.5026010404161665	0.4829276475671366
GSE277116	pdac19	GSM8514547	6	with_DC_core_adjustment	DC_core_above_q75	608	0.24329731892757103	0.5457706414213848
GSE277116	pdac19	GSM8514547	12	without_DC_core_adjustment	whole_tissue	2499	1.0	0.5096111570896855
GSE277116	pdac19	GSM8514547	12	without_DC_core_adjustment	DC_core_above_median	1085	0.4341736694677871	0.5890773764883112
GSE277116	pdac19	GSM8514547	12	without_DC_core_adjustment	DC_core_above_mean	1256	0.5026010404161665	0.5754296090628813
GSE277116	pdac19	GSM8514547	12	without_DC_core_adjustment	DC_core_above_q75	608	0.24329731892757103	0.6281721918108661
GSE277116	pdac19	GSM8514547	12	with_DC_core_adjustment	whole_tissue	2499	1.0	0.49164181658799605
GSE277116	pdac19	GSM8514547	12	with_DC_core_adjustment	DC_core_above_median	1085	0.4341736694677871	0.5725098722123315
GSE277116	pdac19	GSM8514547	12	with_DC_core_adjustment	DC_core_above_mean	1256	0.5026010404161665	0.5587120121897978
GSE277116	pdac19	GSM8514547	12	with_DC_core_adjustment	DC_core_above_q75	608	0.24329731892757103	0.6100547761785339
GSE277116	pdac20	GSM8514548	4	without_DC_core_adjustment	whole_tissue	3423	1.0	0.36151488213682664
GSE277116	pdac20	GSM8514548	4	without_DC_core_adjustment	DC_core_above_median	1151	0.33625474729769206	0.44703705255863524
GSE277116	pdac20	GSM8514548	4	without_DC_core_adjustment	DC_core_above_mean	1766	0.5159217061057552	0.40915862939659065
GSE277116	pdac20	GSM8514548	4	without_DC_core_adjustment	DC_core_above_q75	787	0.22991527899503358	0.4750765170740488
GSE277116	pdac20	GSM8514548	4	with_DC_core_adjustment	whole_tissue	3423	1.0	0.3431879755432826
GSE277116	pdac20	GSM8514548	4	with_DC_core_adjustment	DC_core_above_median	1151	0.33625474729769206	0.4272799359921426
GSE277116	pdac20	GSM8514548	4	with_DC_core_adjustment	DC_core_above_mean	1766	0.5159217061057552	0.38923230014396093
GSE277116	pdac20	GSM8514548	4	with_DC_core_adjustment	DC_core_above_q75	787	0.22991527899503358	0.45697430077488455
GSE277116	pdac20	GSM8514548	6	without_DC_core_adjustment	whole_tissue	3423	1.0	0.41832048205036787
GSE277116	pdac20	GSM8514548	6	without_DC_core_adjustment	DC_core_above_median	1151	0.33625474729769206	0.5026750454407981
GSE277116	pdac20	GSM8514548	6	without_DC_core_adjustment	DC_core_above_mean	1766	0.5159217061057552	0.4712762321979204
GSE277116	pdac20	GSM8514548	6	without_DC_core_adjustment	DC_core_above_q75	787	0.22991527899503358	0.5308184243873739
GSE277116	pdac20	GSM8514548	6	with_DC_core_adjustment	whole_tissue	3423	1.0	0.3981130674422697
GSE277116	pdac20	GSM8514548	6	with_DC_core_adjustment	DC_core_above_median	1151	0.33625474729769206	0.47854443775053923
GSE277116	pdac20	GSM8514548	6	with_DC_core_adjustment	DC_core_above_mean	1766	0.5159217061057552	0.44914598262231564
GSE277116	pdac20	GSM8514548	6	with_DC_core_adjustment	DC_core_above_q75	787	0.22991527899503358	0.507651869894257
GSE277116	pdac20	GSM8514548	12	without_DC_core_adjustment	whole_tissue	3423	1.0	0.4497367572310593
GSE277116	pdac20	GSM8514548	12	without_DC_core_adjustment	DC_core_above_median	1151	0.33625474729769206	0.5337177911290423
GSE277116	pdac20	GSM8514548	12	without_DC_core_adjustment	DC_core_above_mean	1766	0.5159217061057552	0.5031388027104717
GSE277116	pdac20	GSM8514548	12	without_DC_core_adjustment	DC_core_above_q75	787	0.22991527899503358	0.561150027768988
GSE277116	pdac20	GSM8514548	12	with_DC_core_adjustment	whole_tissue	3423	1.0	0.4213971340965003
GSE277116	pdac20	GSM8514548	12	with_DC_core_adjustment	DC_core_above_median	1151	0.33625474729769206	0.500198309096327
GSE277116	pdac20	GSM8514548	12	with_DC_core_adjustment	DC_core_above_mean	1766	0.5159217061057552	0.47249760331294827
GSE277116	pdac20	GSM8514548	12	with_DC_core_adjustment	DC_core_above_q75	787	0.22991527899503358	0.5275853660298028
GSE277116	pdac22	GSM8514550	4	without_DC_core_adjustment	whole_tissue	1458	1.0	0.423229221591815
GSE277116	pdac22	GSM8514550	4	without_DC_core_adjustment	DC_core_above_median	701	0.48079561042524005	0.470645250226867
GSE277116	pdac22	GSM8514550	4	without_DC_core_adjustment	DC_core_above_mean	701	0.48079561042524005	0.470645250226867
GSE277116	pdac22	GSM8514550	4	without_DC_core_adjustment	DC_core_above_q75	363	0.24897119341563786	0.5375115845403418
GSE277116	pdac22	GSM8514550	4	with_DC_core_adjustment	whole_tissue	1458	1.0	0.3597910773202603
GSE277116	pdac22	GSM8514550	4	with_DC_core_adjustment	DC_core_above_median	701	0.48079561042524005	0.4172658831615143
GSE277116	pdac22	GSM8514550	4	with_DC_core_adjustment	DC_core_above_mean	701	0.48079561042524005	0.4172658831615143
GSE277116	pdac22	GSM8514550	4	with_DC_core_adjustment	DC_core_above_q75	363	0.24897119341563786	0.48748135504683165
GSE277116	pdac22	GSM8514550	6	without_DC_core_adjustment	whole_tissue	1458	1.0	0.5082017427600537
GSE277116	pdac22	GSM8514550	6	without_DC_core_adjustment	DC_core_above_median	701	0.48079561042524005	0.5552024559695329
GSE277116	pdac22	GSM8514550	6	without_DC_core_adjustment	DC_core_above_mean	701	0.48079561042524005	0.5552024559695329
GSE277116	pdac22	GSM8514550	6	without_DC_core_adjustment	DC_core_above_q75	363	0.24897119341563786	0.6136585689066804
GSE277116	pdac22	GSM8514550	6	with_DC_core_adjustment	whole_tissue	1458	1.0	0.4469653120460962
GSE277116	pdac22	GSM8514550	6	with_DC_core_adjustment	DC_core_above_median	701	0.48079561042524005	0.5091952747484702
GSE277116	pdac22	GSM8514550	6	with_DC_core_adjustment	DC_core_above_mean	701	0.48079561042524005	0.5091952747484702
GSE277116	pdac22	GSM8514550	6	with_DC_core_adjustment	DC_core_above_q75	363	0.24897119341563786	0.5734178309775849
GSE277116	pdac22	GSM8514550	12	without_DC_core_adjustment	whole_tissue	1458	1.0	0.6512272693463375
GSE277116	pdac22	GSM8514550	12	without_DC_core_adjustment	DC_core_above_median	701	0.48079561042524005	0.7089142969789329
GSE277116	pdac22	GSM8514550	12	without_DC_core_adjustment	DC_core_above_mean	701	0.48079561042524005	0.7089142969789329
GSE277116	pdac22	GSM8514550	12	without_DC_core_adjustment	DC_core_above_q75	363	0.24897119341563786	0.7604322824037946
GSE277116	pdac22	GSM8514550	12	with_DC_core_adjustment	whole_tissue	1458	1.0	0.5847884765080402
GSE277116	pdac22	GSM8514550	12	with_DC_core_adjustment	DC_core_above_median	701	0.48079561042524005	0.6584126212975816
GSE277116	pdac22	GSM8514550	12	with_DC_core_adjustment	DC_core_above_mean	701	0.48079561042524005	0.6584126212975816
GSE277116	pdac22	GSM8514550	12	with_DC_core_adjustment	DC_core_above_q75	363	0.24897119341563786	0.7186096431633252
GSE277116	pdac23	GSM8514551	4	without_DC_core_adjustment	whole_tissue	2973	1.0	0.012325737982625859
GSE277116	pdac23	GSM8514551	4	without_DC_core_adjustment	DC_core_above_median	1463	0.49209552640430543	-0.018056870964589238
GSE277116	pdac23	GSM8514551	4	without_DC_core_adjustment	DC_core_above_mean	1463	0.49209552640430543	-0.018056870964589238
GSE277116	pdac23	GSM8514551	4	without_DC_core_adjustment	DC_core_above_q75	702	0.23612512613521694	-0.0967775988248417
GSE277116	pdac23	GSM8514551	4	with_DC_core_adjustment	whole_tissue	2973	1.0	0.010088712853427124
GSE277116	pdac23	GSM8514551	4	with_DC_core_adjustment	DC_core_above_median	1463	0.49209552640430543	-0.020690810378956488
GSE277116	pdac23	GSM8514551	4	with_DC_core_adjustment	DC_core_above_mean	1463	0.49209552640430543	-0.020690810378956488
GSE277116	pdac23	GSM8514551	4	with_DC_core_adjustment	DC_core_above_q75	702	0.23612512613521694	-0.09983225783325127
GSE277116	pdac23	GSM8514551	6	without_DC_core_adjustment	whole_tissue	2973	1.0	0.04022816197655003
GSE277116	pdac23	GSM8514551	6	without_DC_core_adjustment	DC_core_above_median	1463	0.49209552640430543	0.014652697430424596
GSE277116	pdac23	GSM8514551	6	without_DC_core_adjustment	DC_core_above_mean	1463	0.49209552640430543	0.014652697430424596
GSE277116	pdac23	GSM8514551	6	without_DC_core_adjustment	DC_core_above_q75	702	0.23612512613521694	-0.05206693552086539
GSE277116	pdac23	GSM8514551	6	with_DC_core_adjustment	whole_tissue	2973	1.0	0.03576539763763121
GSE277116	pdac23	GSM8514551	6	with_DC_core_adjustment	DC_core_above_median	1463	0.49209552640430543	0.010216999494317643
GSE277116	pdac23	GSM8514551	6	with_DC_core_adjustment	DC_core_above_mean	1463	0.49209552640430543	0.010216999494317643
GSE277116	pdac23	GSM8514551	6	with_DC_core_adjustment	DC_core_above_q75	702	0.23612512613521694	-0.05595455630223683
GSE277116	pdac23	GSM8514551	12	without_DC_core_adjustment	whole_tissue	2973	1.0	0.0810365677271696
GSE277116	pdac23	GSM8514551	12	without_DC_core_adjustment	DC_core_above_median	1463	0.49209552640430543	0.030453854709402227
GSE277116	pdac23	GSM8514551	12	without_DC_core_adjustment	DC_core_above_mean	1463	0.49209552640430543	0.030453854709402227
GSE277116	pdac23	GSM8514551	12	without_DC_core_adjustment	DC_core_above_q75	702	0.23612512613521694	-0.03020534589196549
GSE277116	pdac23	GSM8514551	12	with_DC_core_adjustment	whole_tissue	2973	1.0	0.0740107793528171
GSE277116	pdac23	GSM8514551	12	with_DC_core_adjustment	DC_core_above_median	1463	0.49209552640430543	0.022939082763782967
GSE277116	pdac23	GSM8514551	12	with_DC_core_adjustment	DC_core_above_mean	1463	0.49209552640430543	0.022939082763782967
GSE277116	pdac23	GSM8514551	12	with_DC_core_adjustment	DC_core_above_q75	702	0.23612512613521694	-0.03614824303464351
GSE277116	pdac24	GSM8514552	4	without_DC_core_adjustment	whole_tissue	1938	1.0	0.15237192764130142
GSE277116	pdac24	GSM8514552	4	without_DC_core_adjustment	DC_core_above_median	855	0.4411764705882353	0.18308801002897454
GSE277116	pdac24	GSM8514552	4	without_DC_core_adjustment	DC_core_above_mean	1036	0.5345717234262126	0.20125842442553016
GSE277116	pdac24	GSM8514552	4	without_DC_core_adjustment	DC_core_above_q75	443	0.22858617131062953	0.20716574305293448
GSE277116	pdac24	GSM8514552	4	with_DC_core_adjustment	whole_tissue	1938	1.0	0.14813781311892876
GSE277116	pdac24	GSM8514552	4	with_DC_core_adjustment	DC_core_above_median	855	0.4411764705882353	0.18054358003886223
GSE277116	pdac24	GSM8514552	4	with_DC_core_adjustment	DC_core_above_mean	1036	0.5345717234262126	0.1971806319912777
GSE277116	pdac24	GSM8514552	4	with_DC_core_adjustment	DC_core_above_q75	443	0.22858617131062953	0.20350118742794684
GSE277116	pdac24	GSM8514552	6	without_DC_core_adjustment	whole_tissue	1938	1.0	0.19332331223505836
GSE277116	pdac24	GSM8514552	6	without_DC_core_adjustment	DC_core_above_median	855	0.4411764705882353	0.23595448219600293
GSE277116	pdac24	GSM8514552	6	without_DC_core_adjustment	DC_core_above_mean	1036	0.5345717234262126	0.250914300802341
GSE277116	pdac24	GSM8514552	6	without_DC_core_adjustment	DC_core_above_q75	443	0.22858617131062953	0.26360288082236216
GSE277116	pdac24	GSM8514552	6	with_DC_core_adjustment	whole_tissue	1938	1.0	0.1871717358608778
GSE277116	pdac24	GSM8514552	6	with_DC_core_adjustment	DC_core_above_median	855	0.4411764705882353	0.23110490325965266
GSE277116	pdac24	GSM8514552	6	with_DC_core_adjustment	DC_core_above_mean	1036	0.5345717234262126	0.24437518657000915
GSE277116	pdac24	GSM8514552	6	with_DC_core_adjustment	DC_core_above_q75	443	0.22858617131062953	0.2585469986756885
GSE277116	pdac24	GSM8514552	12	without_DC_core_adjustment	whole_tissue	1938	1.0	0.29514137083411063
GSE277116	pdac24	GSM8514552	12	without_DC_core_adjustment	DC_core_above_median	855	0.4411764705882353	0.3204726055657995
GSE277116	pdac24	GSM8514552	12	without_DC_core_adjustment	DC_core_above_mean	1036	0.5345717234262126	0.3257389038288407
GSE277116	pdac24	GSM8514552	12	without_DC_core_adjustment	DC_core_above_q75	443	0.22858617131062953	0.3386857045354454
GSE277116	pdac24	GSM8514552	12	with_DC_core_adjustment	whole_tissue	1938	1.0	0.28672570517828627
GSE277116	pdac24	GSM8514552	12	with_DC_core_adjustment	DC_core_above_median	855	0.4411764705882353	0.3156790482870592
GSE277116	pdac24	GSM8514552	12	with_DC_core_adjustment	DC_core_above_mean	1036	0.5345717234262126	0.31890629553841393
GSE277116	pdac24	GSM8514552	12	with_DC_core_adjustment	DC_core_above_q75	443	0.22858617131062953	0.33413688693735416
GSE277116	pdac25	GSM8514553	4	without_DC_core_adjustment	whole_tissue	1450	1.0	0.32924379298002
GSE277116	pdac25	GSM8514553	4	without_DC_core_adjustment	DC_core_above_median	724	0.4993103448275862	0.3783045413110908
GSE277116	pdac25	GSM8514553	4	without_DC_core_adjustment	DC_core_above_mean	724	0.4993103448275862	0.3783045413110908
GSE277116	pdac25	GSM8514553	4	without_DC_core_adjustment	DC_core_above_q75	358	0.24689655172413794	0.39552957899748503
GSE277116	pdac25	GSM8514553	4	with_DC_core_adjustment	whole_tissue	1450	1.0	0.3112988973202724
GSE277116	pdac25	GSM8514553	4	with_DC_core_adjustment	DC_core_above_median	724	0.4993103448275862	0.3639707891949222
GSE277116	pdac25	GSM8514553	4	with_DC_core_adjustment	DC_core_above_mean	724	0.4993103448275862	0.3639707891949222
GSE277116	pdac25	GSM8514553	4	with_DC_core_adjustment	DC_core_above_q75	358	0.24689655172413794	0.3801526329410233
GSE277116	pdac25	GSM8514553	6	without_DC_core_adjustment	whole_tissue	1450	1.0	0.3802424511843267
GSE277116	pdac25	GSM8514553	6	without_DC_core_adjustment	DC_core_above_median	724	0.4993103448275862	0.42396049821581183
GSE277116	pdac25	GSM8514553	6	without_DC_core_adjustment	DC_core_above_mean	724	0.4993103448275862	0.42396049821581183
GSE277116	pdac25	GSM8514553	6	without_DC_core_adjustment	DC_core_above_q75	358	0.24689655172413794	0.4467146088795541
GSE277116	pdac25	GSM8514553	6	with_DC_core_adjustment	whole_tissue	1450	1.0	0.3624304805797907
GSE277116	pdac25	GSM8514553	6	with_DC_core_adjustment	DC_core_above_median	724	0.4993103448275862	0.4073138539341038
GSE277116	pdac25	GSM8514553	6	with_DC_core_adjustment	DC_core_above_mean	724	0.4993103448275862	0.4073138539341038
GSE277116	pdac25	GSM8514553	6	with_DC_core_adjustment	DC_core_above_q75	358	0.24689655172413794	0.4309891213549937
GSE277116	pdac25	GSM8514553	12	without_DC_core_adjustment	whole_tissue	1450	1.0	0.44659692662538125
GSE277116	pdac25	GSM8514553	12	without_DC_core_adjustment	DC_core_above_median	724	0.4993103448275862	0.4882695234137292
GSE277116	pdac25	GSM8514553	12	without_DC_core_adjustment	DC_core_above_mean	724	0.4993103448275862	0.4882695234137292
GSE277116	pdac25	GSM8514553	12	without_DC_core_adjustment	DC_core_above_q75	358	0.24689655172413794	0.5475293644771766
GSE277116	pdac25	GSM8514553	12	with_DC_core_adjustment	whole_tissue	1450	1.0	0.42548468828511943
GSE277116	pdac25	GSM8514553	12	with_DC_core_adjustment	DC_core_above_median	724	0.4993103448275862	0.46944667318726147
GSE277116	pdac25	GSM8514553	12	with_DC_core_adjustment	DC_core_above_mean	724	0.4993103448275862	0.46944667318726147
GSE277116	pdac25	GSM8514553	12	with_DC_core_adjustment	DC_core_above_q75	358	0.24689655172413794	0.5348686811948681
GSE277116	pdac27	GSM8514555	4	without_DC_core_adjustment	whole_tissue	2814	1.0	0.30706571645134895
GSE277116	pdac27	GSM8514555	4	without_DC_core_adjustment	DC_core_above_median	1216	0.43212508884150674	0.4031236704564638
GSE277116	pdac27	GSM8514555	4	without_DC_core_adjustment	DC_core_above_mean	1472	0.5230987917555082	0.386853575993762
GSE277116	pdac27	GSM8514555	4	without_DC_core_adjustment	DC_core_above_q75	654	0.232409381663113	0.48946481922708823
GSE277116	pdac27	GSM8514555	4	with_DC_core_adjustment	whole_tissue	2814	1.0	0.2983656061541481
GSE277116	pdac27	GSM8514555	4	with_DC_core_adjustment	DC_core_above_median	1216	0.43212508884150674	0.3956261898221914
GSE277116	pdac27	GSM8514555	4	with_DC_core_adjustment	DC_core_above_mean	1472	0.5230987917555082	0.3791713905947604
GSE277116	pdac27	GSM8514555	4	with_DC_core_adjustment	DC_core_above_q75	654	0.232409381663113	0.4846686133629015
GSE277116	pdac27	GSM8514555	6	without_DC_core_adjustment	whole_tissue	2814	1.0	0.38537320479364445
GSE277116	pdac27	GSM8514555	6	without_DC_core_adjustment	DC_core_above_median	1216	0.43212508884150674	0.4935112953141222
GSE277116	pdac27	GSM8514555	6	without_DC_core_adjustment	DC_core_above_mean	1472	0.5230987917555082	0.4672361052894732
GSE277116	pdac27	GSM8514555	6	without_DC_core_adjustment	DC_core_above_q75	654	0.232409381663113	0.5808535300426201
GSE277116	pdac27	GSM8514555	6	with_DC_core_adjustment	whole_tissue	2814	1.0	0.3757551840276915
GSE277116	pdac27	GSM8514555	6	with_DC_core_adjustment	DC_core_above_median	1216	0.43212508884150674	0.48464379945560354
GSE277116	pdac27	GSM8514555	6	with_DC_core_adjustment	DC_core_above_mean	1472	0.5230987917555082	0.4574517036100717
GSE277116	pdac27	GSM8514555	6	with_DC_core_adjustment	DC_core_above_q75	654	0.232409381663113	0.5767625885511183
GSE277116	pdac27	GSM8514555	12	without_DC_core_adjustment	whole_tissue	2814	1.0	0.47890904323141087
GSE277116	pdac27	GSM8514555	12	without_DC_core_adjustment	DC_core_above_median	1216	0.43212508884150674	0.5781702151265915
GSE277116	pdac27	GSM8514555	12	without_DC_core_adjustment	DC_core_above_mean	1472	0.5230987917555082	0.5537133102607735
GSE277116	pdac27	GSM8514555	12	without_DC_core_adjustment	DC_core_above_q75	654	0.232409381663113	0.6585227625662519
GSE277116	pdac27	GSM8514555	12	with_DC_core_adjustment	whole_tissue	2814	1.0	0.469895009464921
GSE277116	pdac27	GSM8514555	12	with_DC_core_adjustment	DC_core_above_median	1216	0.43212508884150674	0.5699419188287654
GSE277116	pdac27	GSM8514555	12	with_DC_core_adjustment	DC_core_above_mean	1472	0.5230987917555082	0.5441346651083089
GSE277116	pdac27	GSM8514555	12	with_DC_core_adjustment	DC_core_above_q75	654	0.232409381663113	0.6548180779040064
