array_coordinate_block_size	seed	draw	cohort_median_patient_local_r
4	20260813	1	0.37686631561623707
4	20260813	2	0.36870927738333115
4	20260813	3	0.3745347648129767
4	20260813	4	0.37343089899818876
4	20260813	5	0.3811540199471312
4	20260813	6	0.364584510175015
4	20260813	7	0.37384458139041
4	20260813	8	0.3733241327566841
4	20260813	9	0.36040479494557937
4	20260813	10	0.37038977572461335
4	20260813	11	0.3693288023817548
4	20260813	12	0.364980591916644
4	20260813	13	0.37853676889679966
4	20260813	14	0.3770708499453699
4	20260813	15	0.3701894293984098
4	20260813	16	0.36147972292994174
4	20260813	17	0.3661050582100901
4	20260813	18	0.36729539585269716
4	20260813	19	0.3636817341329999
4	20260813	20	0.37801895178073347
4	20260813	21	0.37495472292246984
4	20260813	22	0.3631637190094916
4	20260813	23	0.3622277342889241
4	20260813	24	0.374077743542938
4	20260813	25	0.36588606730152273
4	20260813	26	0.36343651727822734
4	20260813	27	0.3761513709179742
4	20260813	28	0.3717421644744978
4	20260813	29	0.3789105408347275
4	20260813	30	0.36184521623885474
4	20260813	31	0.3861124227878383
4	20260813	32	0.36472197422549824
4	20260813	33	0.374439519897656
4	20260813	34	0.35255834504400674
4	20260813	35	0.35897304983628564
4	20260813	36	0.37004046196777984
4	20260813	37	0.3589183135317572
4	20260813	38	0.35870204919015325
4	20260813	39	0.36788861946081264
4	20260813	40	0.3598415202997954
4	20260813	41	0.37537794244724104
4	20260813	42	0.3678244131194678
4	20260813	43	0.3795058904975668
4	20260813	44	0.3728148664134223
4	20260813	45	0.36242821620726073
4	20260813	46	0.36798444908449535
4	20260813	47	0.37195768886295877
4	20260813	48	0.3782296360646823
4	20260813	49	0.3717012792468089
4	20260813	50	0.3790854332507696
4	20260813	51	0.3761655945363877
4	20260813	52	0.3642043200035817
4	20260813	53	0.3719229043602899
4	20260813	54	0.3654900028266417
4	20260813	55	0.3586513929297313
4	20260813	56	0.3770974355925234
4	20260813	57	0.36475707292959914
4	20260813	58	0.37772959617352897
4	20260813	59	0.3535415641590911
4	20260813	60	0.37586025270771506
4	20260813	61	0.37721693801527684
4	20260813	62	0.36858280030034724
4	20260813	63	0.3653328580837123
4	20260813	64	0.36808814189580935
4	20260813	65	0.3715159545779777
4	20260813	66	0.3780566554991025
4	20260813	67	0.371831341723168
4	20260813	68	0.3756616680984387
4	20260813	69	0.36052143806912323
4	20260813	70	0.3714862370186279
4	20260813	71	0.3765366807606151
4	20260813	72	0.35755356428870877
4	20260813	73	0.3734941022305266
4	20260813	74	0.3706744469466694
4	20260813	75	0.3606524496333192
4	20260813	76	0.3695127662091019
4	20260813	77	0.37648613680305376
4	20260813	78	0.3714731303904627
4	20260813	79	0.3855269653422847
4	20260813	80	0.3677868090516584
4	20260813	81	0.37324296619069486
4	20260813	82	0.36428173182168416
4	20260813	83	0.3596731072977817
4	20260813	84	0.365312247907396
4	20260813	85	0.3641491905077229
4	20260813	86	0.3847089622513105
4	20260813	87	0.3633791633925679
4	20260813	88	0.36924300387112596
4	20260813	89	0.3643918792948893
4	20260813	90	0.36561908370522206
4	20260813	91	0.3778926467584825
4	20260813	92	0.364530677073518
4	20260813	93	0.36799905104007946
4	20260813	94	0.36667582105910534
4	20260813	95	0.3664394466436113
4	20260813	96	0.3688998503974421
4	20260813	97	0.37286344188835197
4	20260813	98	0.36826252734676185
4	20260813	99	0.37108651050601105
4	20260813	100	0.35951587052658596
4	20260813	101	0.37349949665607524
4	20260813	102	0.3631308816030479
4	20260813	103	0.3662785382339021
4	20260813	104	0.37781187917374204
4	20260813	105	0.37437065413176995
4	20260813	106	0.35896551321460757
4	20260813	107	0.37051177714945593
4	20260813	108	0.36290119910611973
4	20260813	109	0.36150722625321985
4	20260813	110	0.3588924119790978
4	20260813	111	0.3698109948600475
4	20260813	112	0.36517398741926427
4	20260813	113	0.37165986101775755
4	20260813	114	0.3710706324693156
4	20260813	115	0.3891256921295534
4	20260813	116	0.37267663791771755
4	20260813	117	0.36339386603821994
4	20260813	118	0.3608629858756779
4	20260813	119	0.3652920796996748
4	20260813	120	0.36767893306213817
4	20260813	121	0.38248779880829853
4	20260813	122	0.3624092377659467
4	20260813	123	0.378244906440378
4	20260813	124	0.3710660032468054
4	20260813	125	0.3697828610530389
4	20260813	126	0.3777730759298177
4	20260813	127	0.3641248706093082
4	20260813	128	0.3736456913828252
4	20260813	129	0.375344430390164
4	20260813	130	0.37673769616827424
4	20260813	131	0.3840902893787693
4	20260813	132	0.35492774022402773
4	20260813	133	0.36832301350254126
4	20260813	134	0.3777454825605927
4	20260813	135	0.37959210436848445
4	20260813	136	0.35598739119449907
4	20260813	137	0.3787261085215423
4	20260813	138	0.36713205715465147
4	20260813	139	0.37530350546394387
4	20260813	140	0.3634078908545799
4	20260813	141	0.3667132937184412
4	20260813	142	0.377088969931666
4	20260813	143	0.3682109635516928
4	20260813	144	0.36510519619247617
4	20260813	145	0.3579306690252591
4	20260813	146	0.36216607573729986
4	20260813	147	0.3652951708128369
4	20260813	148	0.3637641860400247
4	20260813	149	0.36480173882730643
4	20260813	150	0.37708149979771655
4	20260813	151	0.3826014517184034
4	20260813	152	0.3717774879753722
4	20260813	153	0.380534259752078
4	20260813	154	0.3696766281939038
4	20260813	155	0.37183599996790784
4	20260813	156	0.36961406166583105
4	20260813	157	0.36491881803038095
4	20260813	158	0.3646976918918021
4	20260813	159	0.37450344132419444
4	20260813	160	0.3728845567292567
4	20260813	161	0.3750354061581107
4	20260813	162	0.377564706936174
4	20260813	163	0.3728801530016748
4	20260813	164	0.37018593127872595
4	20260813	165	0.3720906524541411
4	20260813	166	0.3544427964183724
4	20260813	167	0.3674604472590405
4	20260813	168	0.3893210713770158
4	20260813	169	0.36777982063047987
4	20260813	170	0.3701875235760601
4	20260813	171	0.3684717957187945
4	20260813	172	0.36354994858817863
4	20260813	173	0.3640721635350913
4	20260813	174	0.36485627434277196
4	20260813	175	0.3694958525052377
4	20260813	176	0.3816266851310789
4	20260813	177	0.374747571611846
4	20260813	178	0.36993687747143134
4	20260813	179	0.3722935550974191
4	20260813	180	0.3655716526766766
4	20260813	181	0.3703275833977878
4	20260813	182	0.36852421409860575
4	20260813	183	0.36839170072885374
4	20260813	184	0.3654078709249269
4	20260813	185	0.3764228894818743
4	20260813	186	0.35482604310137544
4	20260813	187	0.37214725035969665
4	20260813	188	0.3676111137013436
4	20260813	189	0.37111925597648876
4	20260813	190	0.3709487270530958
4	20260813	191	0.36312760214415785
4	20260813	192	0.3761299454264616
4	20260813	193	0.3754093738690545
4	20260813	194	0.36452831467473734
4	20260813	195	0.3713707028997102
4	20260813	196	0.37317404555269
4	20260813	197	0.3820005168961242
4	20260813	198	0.36727372758436755
4	20260813	199	0.38037941818842524
4	20260813	200	0.3584266674089453
4	20260813	201	0.35561649298341397
4	20260813	202	0.3525591892412304
4	20260813	203	0.3653629015184774
4	20260813	204	0.3753834293004539
4	20260813	205	0.37081437107502746
4	20260813	206	0.3534732892150879
4	20260813	207	0.3807959719903221
4	20260813	208	0.3681779224863189
4	20260813	209	0.37565944546850105
4	20260813	210	0.3789706218194425
4	20260813	211	0.3653210528997436
4	20260813	212	0.376059518697359
4	20260813	213	0.380494526988448
4	20260813	214	0.36923587395260404
4	20260813	215	0.37605001807674965
4	20260813	216	0.3774730321503188
4	20260813	217	0.36384125925085087
4	20260813	218	0.37586693544772987
4	20260813	219	0.3647448329235834
4	20260813	220	0.3830704961085533
4	20260813	221	0.3744964824537884
4	20260813	222	0.3615200833917751
4	20260813	223	0.3601204870276224
4	20260813	224	0.3703591325203529
4	20260813	225	0.3736088822024968
4	20260813	226	0.37426185376536303
4	20260813	227	0.36423722404757847
4	20260813	228	0.3599628384485086
4	20260813	229	0.36758752189025445
4	20260813	230	0.3638532430505348
4	20260813	231	0.3850874270673833
4	20260813	232	0.3726217538906037
4	20260813	233	0.3608150769153604
4	20260813	234	0.36314483193814195
4	20260813	235	0.3786711890394939
4	20260813	236	0.3533627690317812
4	20260813	237	0.3641227770222074
4	20260813	238	0.36945158475870477
4	20260813	239	0.362022690995862
4	20260813	240	0.37079784655991
4	20260813	241	0.3762670067242272
4	20260813	242	0.36690213373325775
4	20260813	243	0.36664851240873153
4	20260813	244	0.36772582668359555
4	20260813	245	0.3712705909117989
4	20260813	246	0.3717149388860205
4	20260813	247	0.3723072378575564
4	20260813	248	0.36260975505043525
4	20260813	249	0.3711597745164183
4	20260813	250	0.368374620846191
4	20260813	251	0.3775034345495284
4	20260813	252	0.36076539338348823
4	20260813	253	0.36736288089417996
4	20260813	254	0.36449773195772206
4	20260813	255	0.36706639666287
4	20260813	256	0.36298981842075073
4	20260813	257	0.3701696584808065
4	20260813	258	0.3866865491632662
4	20260813	259	0.3789076032729041
4	20260813	260	0.36000742547283904
4	20260813	261	0.3599407108414089
4	20260813	262	0.37822503443077327
4	20260813	263	0.37060347940828453
4	20260813	264	0.36825661413431465
4	20260813	265	0.3778733114400241
4	20260813	266	0.36689045523931896
4	20260813	267	0.36974353245177344
4	20260813	268	0.37736989847676033
4	20260813	269	0.3686509282187844
4	20260813	270	0.36954932988498057
4	20260813	271	0.3669787118379726
4	20260813	272	0.37765886268402515
4	20260813	273	0.3687019500545309
4	20260813	274	0.3675664270876945
4	20260813	275	0.37496398836229605
4	20260813	276	0.3704760874074449
4	20260813	277	0.37652921864316863
4	20260813	278	0.3660995808938161
4	20260813	279	0.37809448102903065
4	20260813	280	0.37796028951577276
4	20260813	281	0.3783153980964328
4	20260813	282	0.3702213815402055
4	20260813	283	0.3701235555551199
4	20260813	284	0.37150869673772224
4	20260813	285	0.3505658203462212
4	20260813	286	0.37000117748616873
4	20260813	287	0.36773246354922695
4	20260813	288	0.3706414517624008
4	20260813	289	0.3781838504919018
4	20260813	290	0.3746438015101302
4	20260813	291	0.3733041268133521
4	20260813	292	0.3819025013983818
4	20260813	293	0.37796678956852425
4	20260813	294	0.3695843826924623
4	20260813	295	0.38284793592082444
4	20260813	296	0.3684029373894634
4	20260813	297	0.37234110351752137
4	20260813	298	0.3700256381891961
4	20260813	299	0.3638495194542557
4	20260813	300	0.3690630974160676
4	20260813	301	0.37136300539611444
4	20260813	302	0.372659527511786
4	20260813	303	0.36389125633785935
4	20260813	304	0.36234684600374245
4	20260813	305	0.3624017052836983
4	20260813	306	0.36698837881656743
4	20260813	307	0.37760805157056654
4	20260813	308	0.35982278267843215
4	20260813	309	0.3618003125523578
4	20260813	310	0.3695277540372105
4	20260813	311	0.37189557600401607
4	20260813	312	0.36140602913566844
4	20260813	313	0.37694172127123726
4	20260813	314	0.35926992357788634
4	20260813	315	0.3640093096440049
4	20260813	316	0.3667137670511606
4	20260813	317	0.3776849094935654
4	20260813	318	0.3758920332314784
4	20260813	319	0.3609923613481202
4	20260813	320	0.3701509934172812
4	20260813	321	0.3789221592801013
4	20260813	322	0.3719144423250791
4	20260813	323	0.37016284960181295
4	20260813	324	0.3689616348907153
4	20260813	325	0.36275680940707666
4	20260813	326	0.3628434774812829
4	20260813	327	0.3636022960815768
4	20260813	328	0.37555851481541325
4	20260813	329	0.372402763618789
4	20260813	330	0.3620728176860303
4	20260813	331	0.3724018434233083
4	20260813	332	0.36645109535609277
4	20260813	333	0.36807399649086286
4	20260813	334	0.3674084381905025
4	20260813	335	0.37070874419043554
4	20260813	336	0.3576207299150056
4	20260813	337	0.36362021043733417
4	20260813	338	0.36756450569959365
4	20260813	339	0.38753788118193
4	20260813	340	0.3691358248671768
4	20260813	341	0.37764157089364625
4	20260813	342	0.37472877289801065
4	20260813	343	0.36456535782863275
4	20260813	344	0.3791057125803854
4	20260813	345	0.36886108364802517
4	20260813	346	0.3673511800479262
4	20260813	347	0.3692854412045236
4	20260813	348	0.37083520209894255
4	20260813	349	0.3746297938302167
4	20260813	350	0.3775770503861531
4	20260813	351	0.36492005566602037
4	20260813	352	0.3723219840821792
4	20260813	353	0.36814303981336327
4	20260813	354	0.369418758000985
4	20260813	355	0.3631358827502783
4	20260813	356	0.36783031974665215
4	20260813	357	0.37183716113276116
4	20260813	358	0.36867164017199
4	20260813	359	0.37605038068285523
4	20260813	360	0.3843350972108388
4	20260813	361	0.3551281582034221
4	20260813	362	0.37644388812807106
4	20260813	363	0.37122452817209795
4	20260813	364	0.36633003458940444
4	20260813	365	0.3654685327347922
4	20260813	366	0.36955871269417007
4	20260813	367	0.38185678400005146
4	20260813	368	0.36478459959678344
4	20260813	369	0.36878775806447006
4	20260813	370	0.3812511299708715
4	20260813	371	0.36467465947282607
4	20260813	372	0.3659302490953048
4	20260813	373	0.3630798455787737
4	20260813	374	0.3770037439515632
4	20260813	375	0.3779065990038779
4	20260813	376	0.3828050912862567
4	20260813	377	0.3631670265651271
4	20260813	378	0.37255205853537743
4	20260813	379	0.3780882530576475
4	20260813	380	0.36390529998528615
4	20260813	381	0.356891978209829
4	20260813	382	0.3695289051151953
4	20260813	383	0.3792130163988233
4	20260813	384	0.3675978545773988
4	20260813	385	0.35736220805177354
4	20260813	386	0.3785172246679057
4	20260813	387	0.3757976069808502
4	20260813	388	0.37580867617646496
4	20260813	389	0.3593756028190354
4	20260813	390	0.3823266048673797
4	20260813	391	0.3588794512788207
4	20260813	392	0.37226562271660346
4	20260813	393	0.3710886197144858
4	20260813	394	0.3813010788238336
4	20260813	395	0.3719852020589859
4	20260813	396	0.37242540906693183
4	20260813	397	0.37045372834994145
4	20260813	398	0.370313009299464
4	20260813	399	0.38273237985401026
4	20260813	400	0.35808526510326233
4	20260813	401	0.36944630759730396
4	20260813	402	0.3683452264654515
4	20260813	403	0.3612615076083611
4	20260813	404	0.38315670844462557
4	20260813	405	0.36234204998876085
4	20260813	406	0.38163210401333736
4	20260813	407	0.3654164137306439
4	20260813	408	0.38254603214307503
4	20260813	409	0.36554248109636756
4	20260813	410	0.36146957159268184
4	20260813	411	0.3625771878584171
4	20260813	412	0.3792998325966491
4	20260813	413	0.369902843344717
4	20260813	414	0.36996857536884886
4	20260813	415	0.3636147274454037
4	20260813	416	0.36276865838405425
4	20260813	417	0.3638487282513798
4	20260813	418	0.3609629770229671
4	20260813	419	0.3537433775837779
4	20260813	420	0.3659376552405338
4	20260813	421	0.37979483388275403
4	20260813	422	0.37015207202761274
4	20260813	423	0.37025123350005384
4	20260813	424	0.3794382205847979
4	20260813	425	0.36906994066057747
4	20260813	426	0.35739177245624776
4	20260813	427	0.3624043926882299
4	20260813	428	0.3734078101090248
4	20260813	429	0.35616326032342066
4	20260813	430	0.366276465304348
4	20260813	431	0.3830706019045683
4	20260813	432	0.3712555760397813
4	20260813	433	0.3664804803457275
4	20260813	434	0.3691260367104978
4	20260813	435	0.3783833692953933
4	20260813	436	0.3714128995489806
4	20260813	437	0.3690642775018711
4	20260813	438	0.36586450964785167
4	20260813	439	0.3613596090736808
4	20260813	440	0.36392951269330936
4	20260813	441	0.3803802695262516
4	20260813	442	0.36688888405917053
4	20260813	443	0.36879090159290884
4	20260813	444	0.3549820629021856
4	20260813	445	0.3704789234599756
4	20260813	446	0.36309629976128366
4	20260813	447	0.3719446831722828
4	20260813	448	0.36699448249199057
4	20260813	449	0.3616690822047204
4	20260813	450	0.38035242745935943
4	20260813	451	0.3610184301534264
4	20260813	452	0.37330769198228037
4	20260813	453	0.3753766938549554
4	20260813	454	0.37791510095307956
4	20260813	455	0.3683431464393354
4	20260813	456	0.37988896296201635
4	20260813	457	0.37393529799158093
4	20260813	458	0.3572877292583834
4	20260813	459	0.36528520335959175
4	20260813	460	0.36038239008354717
4	20260813	461	0.3657669003822325
4	20260813	462	0.3689885597055193
4	20260813	463	0.36806002889409106
4	20260813	464	0.3649154266783696
4	20260813	465	0.3751257835493547
4	20260813	466	0.3805749054284219
4	20260813	467	0.3755709204604417
4	20260813	468	0.36563154956174015
4	20260813	469	0.3742661128139005
4	20260813	470	0.3611517168759538
4	20260813	471	0.3676122908967349
4	20260813	472	0.35942913946713984
4	20260813	473	0.3702590526247896
4	20260813	474	0.3696051700754319
4	20260813	475	0.3693077557480464
4	20260813	476	0.3640918918976366
4	20260813	477	0.36626816408592294
4	20260813	478	0.3687489445090825
4	20260813	479	0.3720701882447481
4	20260813	480	0.37181266948404634
4	20260813	481	0.372281949268884
4	20260813	482	0.38452623807769637
4	20260813	483	0.38103759691704114
4	20260813	484	0.3754370414872731
4	20260813	485	0.37359480578541404
4	20260813	486	0.3632247041452339
4	20260813	487	0.3673211758551659
4	20260813	488	0.3813177822418443
4	20260813	489	0.36721561509524436
4	20260813	490	0.36627383399550517
4	20260813	491	0.3801274570111261
4	20260813	492	0.37083482641304344
4	20260813	493	0.3848671003607774
4	20260813	494	0.3596533453184294
4	20260813	495	0.3690695419954483
4	20260813	496	0.37023861995981105
4	20260813	497	0.3697503117179479
4	20260813	498	0.36490474083224855
4	20260813	499	0.3649544297127463
4	20260813	500	0.386232850409858
4	20260813	501	0.36964679326500216
4	20260813	502	0.36426489597475953
4	20260813	503	0.3781940604400942
4	20260813	504	0.37393426548487385
4	20260813	505	0.35840933273648873
4	20260813	506	0.36453641361990136
4	20260813	507	0.36697569376530237
4	20260813	508	0.3741891907673224
4	20260813	509	0.38310129205658194
4	20260813	510	0.3639665622319894
4	20260813	511	0.3717425053874165
4	20260813	512	0.3637884260372653
4	20260813	513	0.3639605061587775
4	20260813	514	0.3645071818077306
4	20260813	515	0.37860004969000205
4	20260813	516	0.3635793066553298
4	20260813	517	0.36802652117975215
4	20260813	518	0.38892373734916685
4	20260813	519	0.36524897279170687
4	20260813	520	0.37234409090037063
4	20260813	521	0.37718821235625455
4	20260813	522	0.3661106610928164
4	20260813	523	0.3748882023003674
4	20260813	524	0.37079687637437664
4	20260813	525	0.36630496314263566
4	20260813	526	0.36324375000610165
4	20260813	527	0.3871257541929826
4	20260813	528	0.37865415975167566
4	20260813	529	0.36434610424621444
4	20260813	530	0.37697145830020834
4	20260813	531	0.3770845392865734
4	20260813	532	0.360776404681165
4	20260813	533	0.36253923625361967
4	20260813	534	0.37396004510237446
4	20260813	535	0.3784734095097212
4	20260813	536	0.3712209371293004
4	20260813	537	0.3657310507646667
4	20260813	538	0.3718302931858366
4	20260813	539	0.3614765441122187
4	20260813	540	0.36316878892087334
4	20260813	541	0.3674018612172999
4	20260813	542	0.37538609108629345
4	20260813	543	0.36256230131913214
4	20260813	544	0.3787426991432955
4	20260813	545	0.37377406947532743
4	20260813	546	0.3787593084095707
4	20260813	547	0.37414694518059793
4	20260813	548	0.3762043516621966
4	20260813	549	0.3642678103827003
4	20260813	550	0.36418086559533575
4	20260813	551	0.3765344714502883
4	20260813	552	0.36413665139581775
4	20260813	553	0.38430440312516995
4	20260813	554	0.37030461723718333
4	20260813	555	0.3577019223825466
4	20260813	556	0.3826925725186151
4	20260813	557	0.38341989113171926
4	20260813	558	0.37618948951859466
4	20260813	559	0.3612502121300174
4	20260813	560	0.37300027322194684
4	20260813	561	0.3550492288414033
4	20260813	562	0.37139809684014347
4	20260813	563	0.3788763978629375
4	20260813	564	0.3645031081781527
4	20260813	565	0.370431234184655
4	20260813	566	0.373388544434361
4	20260813	567	0.35703157529691987
4	20260813	568	0.376495373908167
4	20260813	569	0.3603687965632424
4	20260813	570	0.3701005387311622
4	20260813	571	0.3512373299833953
4	20260813	572	0.371327950728684
4	20260813	573	0.3649184469072725
4	20260813	574	0.3800364332625693
4	20260813	575	0.3783577669063052
4	20260813	576	0.3624197173020638
4	20260813	577	0.3742893946285029
4	20260813	578	0.37711527526724564
4	20260813	579	0.36739946916565647
4	20260813	580	0.3821643217594743
4	20260813	581	0.3620822127360504
4	20260813	582	0.35894954809588586
4	20260813	583	0.3638520083598743
4	20260813	584	0.38185825739902013
4	20260813	585	0.3588043865494
4	20260813	586	0.36504193151096065
4	20260813	587	0.36482371817520165
4	20260813	588	0.3814851542991456
4	20260813	589	0.37315696488877603
4	20260813	590	0.36184969065875605
4	20260813	591	0.357369522895253
4	20260813	592	0.3706096282642857
4	20260813	593	0.3815794773330735
4	20260813	594	0.37113457218577206
4	20260813	595	0.3534890170306002
4	20260813	596	0.373054068757117
4	20260813	597	0.36018415850176766
4	20260813	598	0.3577187555564622
4	20260813	599	0.37635239875837223
4	20260813	600	0.37072586139628505
4	20260813	601	0.358836329420013
4	20260813	602	0.36306728109339725
4	20260813	603	0.38964254037798957
4	20260813	604	0.36729049035651123
4	20260813	605	0.3635331608571968
4	20260813	606	0.3750665933919368
4	20260813	607	0.3803390521898942
4	20260813	608	0.37592826351356845
4	20260813	609	0.3486842475965657
4	20260813	610	0.36617006459229284
4	20260813	611	0.35895588436620524
4	20260813	612	0.3686300592224998
4	20260813	613	0.36683802968268675
4	20260813	614	0.36957819069785364
4	20260813	615	0.3772258630757178
4	20260813	616	0.3620367497512955
4	20260813	617	0.36735899046368414
4	20260813	618	0.36638551586066403
4	20260813	619	0.3702766867386579
4	20260813	620	0.3765056848690933
4	20260813	621	0.36413003931889065
4	20260813	622	0.37617597676594083
4	20260813	623	0.37231317099325645
4	20260813	624	0.3658450704231233
4	20260813	625	0.3659300694084445
4	20260813	626	0.3735459240289103
4	20260813	627	0.367759334147979
4	20260813	628	0.3719475326430125
4	20260813	629	0.3663385338737687
4	20260813	630	0.3611151346796921
4	20260813	631	0.3741680624170387
4	20260813	632	0.36717225818712684
4	20260813	633	0.371501451219185
4	20260813	634	0.3782210792359329
4	20260813	635	0.37040226212302046
4	20260813	636	0.36658133780689817
4	20260813	637	0.3701355065170243
4	20260813	638	0.3690614378905932
4	20260813	639	0.36411797764122456
4	20260813	640	0.37852981006472786
4	20260813	641	0.3682649994417182
4	20260813	642	0.3613038034593218
4	20260813	643	0.368446736541375
4	20260813	644	0.3856110656812884
4	20260813	645	0.3655512264030193
4	20260813	646	0.37154968437921954
4	20260813	647	0.37819697746042025
4	20260813	648	0.3509329728892562
4	20260813	649	0.37290795709883573
4	20260813	650	0.35798034801109624
4	20260813	651	0.3719932897210406
4	20260813	652	0.38349896126962313
4	20260813	653	0.36127949995742714
4	20260813	654	0.38218779696262445
4	20260813	655	0.3724148990443569
4	20260813	656	0.36832278371163285
4	20260813	657	0.3592839799219927
4	20260813	658	0.36110673590847314
4	20260813	659	0.37602693621439853
4	20260813	660	0.3623205917175739
4	20260813	661	0.3756319085468253
4	20260813	662	0.3762957558552191
4	20260813	663	0.3729968204808387
4	20260813	664	0.3743176622382488
4	20260813	665	0.35730236574770885
4	20260813	666	0.3688160969086415
4	20260813	667	0.3643375720430563
4	20260813	668	0.3749265629249624
4	20260813	669	0.3826601936708969
4	20260813	670	0.3666046809605894
4	20260813	671	0.3714781545871713
4	20260813	672	0.38093962749293475
4	20260813	673	0.3690806832102168
4	20260813	674	0.36662777300385524
4	20260813	675	0.37146886418040603
4	20260813	676	0.36569273799587154
4	20260813	677	0.366900666959884
4	20260813	678	0.36275565847612834
4	20260813	679	0.39027945411827264
4	20260813	680	0.3804565903886349
4	20260813	681	0.3722882774028885
4	20260813	682	0.36333825706226125
4	20260813	683	0.3748220471094593
4	20260813	684	0.3719380672970285
4	20260813	685	0.36644091511411886
4	20260813	686	0.3703812336467169
4	20260813	687	0.35982584111273197
4	20260813	688	0.36913854883534425
4	20260813	689	0.38367567025569893
4	20260813	690	0.36864485923963697
4	20260813	691	0.37342105960892963
4	20260813	692	0.36749241966351404
4	20260813	693	0.34754514270247894
4	20260813	694	0.3636025724670843
4	20260813	695	0.3712672451840052
4	20260813	696	0.3781912745465293
4	20260813	697	0.3775603210267521
4	20260813	698	0.36458709786888943
4	20260813	699	0.3658888259384255
4	20260813	700	0.37836351746482255
4	20260813	701	0.3678274823968294
4	20260813	702	0.3735849806834306
4	20260813	703	0.3692720819870211
4	20260813	704	0.37000059011021813
4	20260813	705	0.355574034784913
4	20260813	706	0.3551631287894845
4	20260813	707	0.3591232905885565
4	20260813	708	0.3768161834824372
4	20260813	709	0.381324748070921
4	20260813	710	0.37077273577103664
4	20260813	711	0.36592878508726
4	20260813	712	0.3674527871476221
4	20260813	713	0.3737552651691919
4	20260813	714	0.37209468545235086
4	20260813	715	0.37149955343514157
4	20260813	716	0.37043584748522873
4	20260813	717	0.3723460544884952
4	20260813	718	0.35886732430642426
4	20260813	719	0.35761502805782674
4	20260813	720	0.38265131291112847
4	20260813	721	0.3666527103010352
4	20260813	722	0.38121825575124385
4	20260813	723	0.37018217523906194
4	20260813	724	0.38097472181612824
4	20260813	725	0.3603712699329281
4	20260813	726	0.36560832163854956
4	20260813	727	0.38217251371797534
4	20260813	728	0.3671239182725459
4	20260813	729	0.37321091565794473
4	20260813	730	0.3600141401372138
4	20260813	731	0.37333464704012764
4	20260813	732	0.3794648465984297
4	20260813	733	0.37480055823835234
4	20260813	734	0.3527158125218757
4	20260813	735	0.37560926403904427
4	20260813	736	0.3737346256988481
4	20260813	737	0.3530758352068184
4	20260813	738	0.357785018380665
4	20260813	739	0.36622779832957614
4	20260813	740	0.3856410279556708
4	20260813	741	0.3766102815793205
4	20260813	742	0.37971622040885733
4	20260813	743	0.36539039304870846
4	20260813	744	0.35495685646652453
4	20260813	745	0.3566610730848244
4	20260813	746	0.3610443357814964
4	20260813	747	0.38112732978988584
4	20260813	748	0.3680662676275873
4	20260813	749	0.3696708464352679
4	20260813	750	0.3714693695608495
4	20260813	751	0.3720112597351237
4	20260813	752	0.3722822233623403
4	20260813	753	0.37513804455598543
4	20260813	754	0.3659422660568476
4	20260813	755	0.36391298931091864
4	20260813	756	0.3739323942636708
4	20260813	757	0.37734453508152405
4	20260813	758	0.37714435695265053
4	20260813	759	0.36107656100109786
4	20260813	760	0.36699528928650377
4	20260813	761	0.353701011468706
4	20260813	762	0.3750396752173444
4	20260813	763	0.36762582101515995
4	20260813	764	0.36131106557834797
4	20260813	765	0.36610908852032487
4	20260813	766	0.36668916526930284
4	20260813	767	0.37323878772901753
4	20260813	768	0.37366162310686457
4	20260813	769	0.38700816361798596
4	20260813	770	0.37393642934873916
4	20260813	771	0.36833041634441777
4	20260813	772	0.3726267850357404
4	20260813	773	0.36790259689326793
4	20260813	774	0.3623510067427985
4	20260813	775	0.3641517226883109
4	20260813	776	0.37355239394206796
4	20260813	777	0.37229069205317544
4	20260813	778	0.37059075908968064
4	20260813	779	0.36939794206515447
4	20260813	780	0.37027702165971244
4	20260813	781	0.355520262094839
4	20260813	782	0.3696008132799922
4	20260813	783	0.3849957848386897
4	20260813	784	0.3737780133522126
4	20260813	785	0.3683303305851532
4	20260813	786	0.3700959625290819
4	20260813	787	0.36842983422605163
4	20260813	788	0.3573057883110281
4	20260813	789	0.37148747782963903
4	20260813	790	0.37029256371605773
4	20260813	791	0.3637643635994701
4	20260813	792	0.36507611733607237
4	20260813	793	0.37303695448736485
4	20260813	794	0.3596141194264091
4	20260813	795	0.37710853572351
4	20260813	796	0.3589899386442098
4	20260813	797	0.37988762710904084
4	20260813	798	0.36325506349615655
4	20260813	799	0.380980789766149
4	20260813	800	0.371771335496179
4	20260813	801	0.3805599892167873
4	20260813	802	0.3634048837010806
4	20260813	803	0.36342077735222206
4	20260813	804	0.36315907932342884
4	20260813	805	0.38078538467615936
4	20260813	806	0.37170058358054237
4	20260813	807	0.3748548645361098
4	20260813	808	0.38119299024666764
4	20260813	809	0.37131152790894073
4	20260813	810	0.38139348136604007
4	20260813	811	0.3684044497878476
4	20260813	812	0.3719129644500908
4	20260813	813	0.3800649827381475
4	20260813	814	0.3530607637443115
4	20260813	815	0.37390312298396644
4	20260813	816	0.3734131277387688
4	20260813	817	0.3791457055810991
4	20260813	818	0.3798125470610896
4	20260813	819	0.3853688538766124
4	20260813	820	0.37132155906082287
4	20260813	821	0.36798983766156584
4	20260813	822	0.36161229252529364
4	20260813	823	0.3664592926546293
4	20260813	824	0.3718443420650704
4	20260813	825	0.3717567773142785
4	20260813	826	0.372309275829012
4	20260813	827	0.35902912672405596
4	20260813	828	0.36526273603024706
4	20260813	829	0.3736218214163858
4	20260813	830	0.37372415086029187
4	20260813	831	0.37215525117505216
4	20260813	832	0.3662623597874361
4	20260813	833	0.3650760419737046
4	20260813	834	0.3770976841997844
4	20260813	835	0.3764498474374228
4	20260813	836	0.3755632988464409
4	20260813	837	0.3762677831615986
4	20260813	838	0.3619424286076721
4	20260813	839	0.37356734699898636
4	20260813	840	0.3814775167179829
4	20260813	841	0.3734187012451091
4	20260813	842	0.362211779396568
4	20260813	843	0.37085067498813656
4	20260813	844	0.38164655429076133
4	20260813	845	0.36482403262587493
4	20260813	846	0.3516889307790424
4	20260813	847	0.37215793102767436
4	20260813	848	0.3666335711534263
4	20260813	849	0.3653663082001667
4	20260813	850	0.3730196037910827
4	20260813	851	0.3744579626243396
4	20260813	852	0.3709230369445795
4	20260813	853	0.3682974594550428
4	20260813	854	0.38271348439112707
4	20260813	855	0.3648704572116339
4	20260813	856	0.3601005412449735
4	20260813	857	0.3667257899913623
4	20260813	858	0.36752467421722246
4	20260813	859	0.3689436518991047
4	20260813	860	0.3757650364749544
4	20260813	861	0.37627807496268817
4	20260813	862	0.3765755926686537
4	20260813	863	0.36167432473568134
4	20260813	864	0.37447799754769073
4	20260813	865	0.37468495036980887
4	20260813	866	0.3690353146710296
4	20260813	867	0.3687502272516042
4	20260813	868	0.35891443335818485
4	20260813	869	0.36813834241743404
4	20260813	870	0.3663540369773379
4	20260813	871	0.37391733485109796
4	20260813	872	0.3664406908691743
4	20260813	873	0.38099373496645406
4	20260813	874	0.36919363989822773
4	20260813	875	0.3702758850068942
4	20260813	876	0.35661079129654405
4	20260813	877	0.384775371758946
4	20260813	878	0.3838262070967132
4	20260813	879	0.37651765345697613
4	20260813	880	0.36846482689249194
4	20260813	881	0.3703235789975474
4	20260813	882	0.38195768227382043
4	20260813	883	0.37283344836234444
4	20260813	884	0.3707658952466396
4	20260813	885	0.3691280558397405
4	20260813	886	0.3573471256570937
4	20260813	887	0.36581777511371616
4	20260813	888	0.36195929098164403
4	20260813	889	0.36927556748801477
4	20260813	890	0.363450627837604
4	20260813	891	0.36278226943028946
4	20260813	892	0.35951829790936607
4	20260813	893	0.3700765401750417
4	20260813	894	0.3643788114064219
4	20260813	895	0.3782953563522564
4	20260813	896	0.37034055758419016
4	20260813	897	0.36160259562268704
4	20260813	898	0.3640958137984562
4	20260813	899	0.37253019036451307
4	20260813	900	0.3715519572341789
4	20260813	901	0.37672076214430045
4	20260813	902	0.3756942524738333
4	20260813	903	0.37558674536435266
4	20260813	904	0.37903699246438716
4	20260813	905	0.37211623067569727
4	20260813	906	0.3671506250232662
4	20260813	907	0.36566697006005355
4	20260813	908	0.37298950485472293
4	20260813	909	0.3628743326302768
4	20260813	910	0.3794396835591052
4	20260813	911	0.38071982252716663
4	20260813	912	0.3780610640945171
4	20260813	913	0.36806925468226404
4	20260813	914	0.3722287059752549
4	20260813	915	0.36571883233683256
4	20260813	916	0.37333927143500467
4	20260813	917	0.376780724199158
4	20260813	918	0.3713193693876941
4	20260813	919	0.3779587131855104
4	20260813	920	0.37071833116723474
4	20260813	921	0.37092197820383543
4	20260813	922	0.36991731847448217
4	20260813	923	0.36723027029923827
4	20260813	924	0.3680246858425385
4	20260813	925	0.374522447046589
4	20260813	926	0.3742835906927564
4	20260813	927	0.3560968786474979
4	20260813	928	0.38026031074435257
4	20260813	929	0.37625828860467453
4	20260813	930	0.3704612693170516
4	20260813	931	0.3610769956184681
4	20260813	932	0.3591630117061039
4	20260813	933	0.3793787861549015
4	20260813	934	0.3698457131730541
4	20260813	935	0.3713048748610329
4	20260813	936	0.35706245049983865
4	20260813	937	0.36569752616150397
4	20260813	938	0.37392233350569337
4	20260813	939	0.36010935484415946
4	20260813	940	0.3825501692998857
4	20260813	941	0.36302481610607396
4	20260813	942	0.36138960804486053
4	20260813	943	0.3693870889642126
4	20260813	944	0.3672255582739473
4	20260813	945	0.37009167303516644
4	20260813	946	0.368477706826546
4	20260813	947	0.3691708160429179
4	20260813	948	0.35542670667541076
4	20260813	949	0.37593208350127383
4	20260813	950	0.36648081074701877
4	20260813	951	0.37007012838953673
4	20260813	952	0.3715946566801631
4	20260813	953	0.3837090051614455
4	20260813	954	0.3752864605783932
4	20260813	955	0.3596414571406542
4	20260813	956	0.3571055491518492
4	20260813	957	0.38244232166482584
4	20260813	958	0.38693792204008914
4	20260813	959	0.3562286672306339
4	20260813	960	0.3648107109807768
4	20260813	961	0.37047633614011355
4	20260813	962	0.3673920608586013
4	20260813	963	0.36322113490632546
4	20260813	964	0.3655793158947067
4	20260813	965	0.36493325932785997
4	20260813	966	0.36362208410361646
4	20260813	967	0.3670933604366972
4	20260813	968	0.37059003207570623
4	20260813	969	0.38051394857045384
4	20260813	970	0.36391467148059425
4	20260813	971	0.36845737320954147
4	20260813	972	0.3762311390592418
4	20260813	973	0.3627998291042774
4	20260813	974	0.3702606675209237
4	20260813	975	0.36124468058687387
4	20260813	976	0.36621218739993333
4	20260813	977	0.3740333992690562
4	20260813	978	0.37054512280218427
4	20260813	979	0.35962695288957125
4	20260813	980	0.377075938700359
4	20260813	981	0.38288437248513896
4	20260813	982	0.37236179912933143
4	20260813	983	0.36481257067823997
4	20260813	984	0.36353694581945006
4	20260813	985	0.365995248962088
4	20260813	986	0.3678750847865035
4	20260813	987	0.37130377744618165
4	20260813	988	0.3708407699080918
4	20260813	989	0.36881720097176685
4	20260813	990	0.3754646516834231
4	20260813	991	0.3754487897894557
4	20260813	992	0.3651570261289028
4	20260813	993	0.356678505930339
4	20260813	994	0.3569548591301823
4	20260813	995	0.3650115087848481
4	20260813	996	0.36288713829189856
4	20260813	997	0.3644903279596994
4	20260813	998	0.3686656886600663
4	20260813	999	0.35958457896416973
8	20260813	1	0.2824429813612136
8	20260813	2	0.2766724182892125
8	20260813	3	0.24853309493067066
8	20260813	4	0.2913655409307546
8	20260813	5	0.2623416491566575
8	20260813	6	0.275454864440466
8	20260813	7	0.2983364516683181
8	20260813	8	0.24961495731084943
8	20260813	9	0.2757273918981846
8	20260813	10	0.2697073654998129
8	20260813	11	0.26527705056154477
8	20260813	12	0.22676935700377718
8	20260813	13	0.2724963489549703
8	20260813	14	0.2694144416298799
8	20260813	15	0.2878369041413627
8	20260813	16	0.2553071873326974
8	20260813	17	0.24942750305858552
8	20260813	18	0.2522104266176869
8	20260813	19	0.2469906861925057
8	20260813	20	0.2886640348576094
8	20260813	21	0.26949746037259126
8	20260813	22	0.2612006814381606
8	20260813	23	0.28616561289698395
8	20260813	24	0.2575245349759702
8	20260813	25	0.27234969767183304
8	20260813	26	0.2742705299856474
8	20260813	27	0.27969186171930965
8	20260813	28	0.2752172327215855
8	20260813	29	0.2629732223253626
8	20260813	30	0.2647649543430071
8	20260813	31	0.24661808505002336
8	20260813	32	0.2592445156623804
8	20260813	33	0.27418057510506416
8	20260813	34	0.2725046566231736
8	20260813	35	0.27510606585606207
8	20260813	36	0.26080619840602143
8	20260813	37	0.2692861222331838
8	20260813	38	0.2692243675396315
8	20260813	39	0.27676891519169106
8	20260813	40	0.28062262217397194
8	20260813	41	0.24951731882317932
8	20260813	42	0.27454798423602905
8	20260813	43	0.2718144592631701
8	20260813	44	0.25113147323452795
8	20260813	45	0.26608965731823164
8	20260813	46	0.2792848836351474
8	20260813	47	0.24147701876882915
8	20260813	48	0.27961702490249657
8	20260813	49	0.2654086721485987
8	20260813	50	0.26567382291391517
8	20260813	51	0.277965597818041
8	20260813	52	0.3006637062552997
8	20260813	53	0.24989263977921305
8	20260813	54	0.28317598170357866
8	20260813	55	0.27888247767859947
8	20260813	56	0.2436699745140256
8	20260813	57	0.27486663709018333
8	20260813	58	0.2764068746933522
8	20260813	59	0.2729637858147099
8	20260813	60	0.2663732527476556
8	20260813	61	0.2701776773619562
8	20260813	62	0.27938776572563007
8	20260813	63	0.27987632053675343
8	20260813	64	0.2687852506985111
8	20260813	65	0.2847443277464601
8	20260813	66	0.27087499779171703
8	20260813	67	0.2601012206381745
8	20260813	68	0.2757144122663599
8	20260813	69	0.24818598906997058
8	20260813	70	0.26755268062859044
8	20260813	71	0.29968255141652644
8	20260813	72	0.2752425775197681
8	20260813	73	0.2609586543049044
8	20260813	74	0.27041881133451967
8	20260813	75	0.2834442747878475
8	20260813	76	0.25364249241972525
8	20260813	77	0.2541612945501588
8	20260813	78	0.26324433042022466
8	20260813	79	0.2769564768381104
8	20260813	80	0.2764560973042353
8	20260813	81	0.2684715559999773
8	20260813	82	0.2793341386091627
8	20260813	83	0.27696752321719087
8	20260813	84	0.2609044949668301
8	20260813	85	0.27025554563562565
8	20260813	86	0.2762000214419516
8	20260813	87	0.28424914648223126
8	20260813	88	0.26360564774399475
8	20260813	89	0.25183908506430563
8	20260813	90	0.269103324640791
8	20260813	91	0.2800470329207133
8	20260813	92	0.28294993561128895
8	20260813	93	0.24916388297778433
8	20260813	94	0.2879493170499138
8	20260813	95	0.2608655713212886
8	20260813	96	0.2578707132361832
8	20260813	97	0.2708355761583392
8	20260813	98	0.26948550776081803
8	20260813	99	0.26711710906139297
8	20260813	100	0.26512881312530207
8	20260813	101	0.2678015022933053
8	20260813	102	0.2781995303209061
8	20260813	103	0.2809453277887599
8	20260813	104	0.2832714175311084
8	20260813	105	0.2626588182651217
8	20260813	106	0.255486052096486
8	20260813	107	0.2759877644014218
8	20260813	108	0.2857127805519756
8	20260813	109	0.25554731428512556
8	20260813	110	0.2790017851343708
8	20260813	111	0.2693706654954012
8	20260813	112	0.27867548647203444
8	20260813	113	0.2553724234149442
8	20260813	114	0.25278647989416037
8	20260813	115	0.28618423076044
8	20260813	116	0.2850376701910199
8	20260813	117	0.2552550758015706
8	20260813	118	0.28420123390276975
8	20260813	119	0.24524053213105992
8	20260813	120	0.27456798497186025
8	20260813	121	0.27765091332642133
8	20260813	122	0.25528308599950195
8	20260813	123	0.2808290965702547
8	20260813	124	0.2844365524023345
8	20260813	125	0.2526064707056077
8	20260813	126	0.2595705538699152
8	20260813	127	0.25156477043232195
8	20260813	128	0.28371905084027776
8	20260813	129	0.2567079824613955
8	20260813	130	0.27433729815154595
8	20260813	131	0.2772681048469465
8	20260813	132	0.26130070952600437
8	20260813	133	0.2686008984803086
8	20260813	134	0.2728254630085319
8	20260813	135	0.2508836844469611
8	20260813	136	0.2783249864343593
8	20260813	137	0.278276762748484
8	20260813	138	0.24012819547071196
8	20260813	139	0.24327526992405446
8	20260813	140	0.26983559526091405
8	20260813	141	0.26640924291201434
8	20260813	142	0.27788943016870354
8	20260813	143	0.23474577651505837
8	20260813	144	0.27227766381504204
8	20260813	145	0.27360660360737765
8	20260813	146	0.2795269457726419
8	20260813	147	0.2771483699433062
8	20260813	148	0.2578457426405627
8	20260813	149	0.27589064012299624
8	20260813	150	0.2757076277119108
8	20260813	151	0.26317964113325
8	20260813	152	0.26844157834942195
8	20260813	153	0.28955749444395235
8	20260813	154	0.24371809019427026
8	20260813	155	0.27289185254848414
8	20260813	156	0.2835508406374049
8	20260813	157	0.27779627971156384
8	20260813	158	0.27548508078351
8	20260813	159	0.2771489600534056
8	20260813	160	0.2540046049810418
8	20260813	161	0.2702597395359738
8	20260813	162	0.2620438304567355
8	20260813	163	0.26402710858330625
8	20260813	164	0.2827937899375749
8	20260813	165	0.2949191097141257
8	20260813	166	0.2780327546744961
8	20260813	167	0.2723967167821554
8	20260813	168	0.28260413551924873
8	20260813	169	0.2583563969100317
8	20260813	170	0.2720332775885202
8	20260813	171	0.24803075901813687
8	20260813	172	0.26839261818184157
8	20260813	173	0.2425568056972031
8	20260813	174	0.2524046499685898
8	20260813	175	0.28496301995545587
8	20260813	176	0.26937383181595964
8	20260813	177	0.2838630826914164
8	20260813	178	0.28288583770304077
8	20260813	179	0.25991034903011284
8	20260813	180	0.2787806395443887
8	20260813	181	0.259111403115603
8	20260813	182	0.2730440061597222
8	20260813	183	0.2751738440199215
8	20260813	184	0.2588075615657276
8	20260813	185	0.2680140409282029
8	20260813	186	0.23173250582699575
8	20260813	187	0.2855304770213307
8	20260813	188	0.3018899639236465
8	20260813	189	0.2884379664544038
8	20260813	190	0.2629980883121208
8	20260813	191	0.24738530557967842
8	20260813	192	0.29908245173532266
8	20260813	193	0.2577636873975345
8	20260813	194	0.28161576750917966
8	20260813	195	0.2698297655242011
8	20260813	196	0.27307976352810515
8	20260813	197	0.2694510344927592
8	20260813	198	0.24897141066968603
8	20260813	199	0.28669313897766857
8	20260813	200	0.2597835227926722
8	20260813	201	0.2872350283697405
8	20260813	202	0.2314038645310949
8	20260813	203	0.2755619056853034
8	20260813	204	0.29405996516576116
8	20260813	205	0.25898227179421945
8	20260813	206	0.2661259291810629
8	20260813	207	0.2803512024876822
8	20260813	208	0.24850933526345265
8	20260813	209	0.28297000204628786
8	20260813	210	0.2490766455269825
8	20260813	211	0.2512401494167345
8	20260813	212	0.2707670585102715
8	20260813	213	0.26104714080579916
8	20260813	214	0.27235152451657496
8	20260813	215	0.24694163990780826
8	20260813	216	0.2831858510812053
8	20260813	217	0.2898225084891194
8	20260813	218	0.2763636117593016
8	20260813	219	0.26887984779182195
8	20260813	220	0.27282710105948427
8	20260813	221	0.24859702551165136
8	20260813	222	0.28159718071074163
8	20260813	223	0.2652943024404366
8	20260813	224	0.24876204744187677
8	20260813	225	0.27887322317824237
8	20260813	226	0.2768587521072577
8	20260813	227	0.27236517301012053
8	20260813	228	0.2843414701933036
8	20260813	229	0.255359438719869
8	20260813	230	0.26422358753828584
8	20260813	231	0.26636959220382644
8	20260813	232	0.2711396673664714
8	20260813	233	0.2818719252341455
8	20260813	234	0.2730074808608814
8	20260813	235	0.2592873257893855
8	20260813	236	0.2614238929556536
8	20260813	237	0.257218192666694
8	20260813	238	0.2476420681031875
8	20260813	239	0.25648555076603996
8	20260813	240	0.2516708989951496
8	20260813	241	0.259518539828965
8	20260813	242	0.26118818824178774
8	20260813	243	0.26137557733947353
8	20260813	244	0.2648611207144309
8	20260813	245	0.2832020113420997
8	20260813	246	0.2577326177662008
8	20260813	247	0.2982306197178218
8	20260813	248	0.27017401930013957
8	20260813	249	0.2677165008834752
8	20260813	250	0.264299489905074
8	20260813	251	0.2741559544689582
8	20260813	252	0.286719752130194
8	20260813	253	0.2581462438317383
8	20260813	254	0.2745132871372845
8	20260813	255	0.270735066547913
8	20260813	256	0.28069312638425875
8	20260813	257	0.28084110972155185
8	20260813	258	0.2887900400187482
8	20260813	259	0.29294517239310136
8	20260813	260	0.2682977403275353
8	20260813	261	0.2612146508123468
8	20260813	262	0.2803886160066548
8	20260813	263	0.26111521845838
8	20260813	264	0.2709536411152448
8	20260813	265	0.2817150289070939
8	20260813	266	0.27693613450504695
8	20260813	267	0.27959346841469157
8	20260813	268	0.27114852907549775
8	20260813	269	0.29035872882110936
8	20260813	270	0.2830257830694807
8	20260813	271	0.2743242795712322
8	20260813	272	0.27388222221281033
8	20260813	273	0.25538879986435825
8	20260813	274	0.26361916414832837
8	20260813	275	0.2710058419838945
8	20260813	276	0.2641725224270569
8	20260813	277	0.2875374738450231
8	20260813	278	0.2725553843723449
8	20260813	279	0.2643131684905694
8	20260813	280	0.2683635978530258
8	20260813	281	0.2836247545375353
8	20260813	282	0.2561209764801041
8	20260813	283	0.2522343668083303
8	20260813	284	0.2930739749984185
8	20260813	285	0.27628033205119584
8	20260813	286	0.26531657396670827
8	20260813	287	0.26030295228459477
8	20260813	288	0.26392636414924797
8	20260813	289	0.2676729924201675
8	20260813	290	0.27717129299208243
8	20260813	291	0.27264585492100535
8	20260813	292	0.2765944770865464
8	20260813	293	0.2663807782676178
8	20260813	294	0.27472949921020123
8	20260813	295	0.2857352537179422
8	20260813	296	0.26364860640583354
8	20260813	297	0.28307259781793603
8	20260813	298	0.2759758677167198
8	20260813	299	0.2815123673258946
8	20260813	300	0.22999095362847896
8	20260813	301	0.2515283228339159
8	20260813	302	0.26497004939747265
8	20260813	303	0.24444250760838696
8	20260813	304	0.2753847820035198
8	20260813	305	0.2583938476747256
8	20260813	306	0.2816358184886474
8	20260813	307	0.26707947535626997
8	20260813	308	0.27002792865481867
8	20260813	309	0.27728005693168667
8	20260813	310	0.2762233078738974
8	20260813	311	0.2785877452946917
8	20260813	312	0.28232546864132535
8	20260813	313	0.2982623708743072
8	20260813	314	0.27831275669819106
8	20260813	315	0.26775461532363976
8	20260813	316	0.25862280517033354
8	20260813	317	0.2812663621111563
8	20260813	318	0.2940341247522583
8	20260813	319	0.2907593964673163
8	20260813	320	0.2798985451726003
8	20260813	321	0.26340729019738124
8	20260813	322	0.25817293041084827
8	20260813	323	0.2890965433154634
8	20260813	324	0.2794623053820192
8	20260813	325	0.2787693532814094
8	20260813	326	0.2666826757996989
8	20260813	327	0.25935593082718944
8	20260813	328	0.2683470151056446
8	20260813	329	0.2854830510551844
8	20260813	330	0.27345611223186184
8	20260813	331	0.2773882409947135
8	20260813	332	0.2478567461558105
8	20260813	333	0.2674732071492795
8	20260813	334	0.26775293932404787
8	20260813	335	0.2577260512231579
8	20260813	336	0.2856101944356623
8	20260813	337	0.2912934292562285
8	20260813	338	0.2581433203780392
8	20260813	339	0.29119774153672184
8	20260813	340	0.29223558549589224
8	20260813	341	0.26817216049737613
8	20260813	342	0.2776821877343898
8	20260813	343	0.27450758130097597
8	20260813	344	0.26435633939318026
8	20260813	345	0.2770415448055738
8	20260813	346	0.2723647331982223
8	20260813	347	0.2554479894332869
8	20260813	348	0.2754857136953845
8	20260813	349	0.2840376853668491
8	20260813	350	0.2606180179975812
8	20260813	351	0.25034687063255145
8	20260813	352	0.2632802635620326
8	20260813	353	0.2681119323696893
8	20260813	354	0.27642464822891144
8	20260813	355	0.27889041274091936
8	20260813	356	0.28070788147927744
8	20260813	357	0.2778590562033937
8	20260813	358	0.2933990596816486
8	20260813	359	0.293074482854184
8	20260813	360	0.2491135092873027
8	20260813	361	0.2848889986531812
8	20260813	362	0.27831023348092226
8	20260813	363	0.2568782057537014
8	20260813	364	0.28667364694867087
8	20260813	365	0.24981393721629774
8	20260813	366	0.26358894360856433
8	20260813	367	0.2728218156480684
8	20260813	368	0.27429079969142517
8	20260813	369	0.2696693292796309
8	20260813	370	0.2732790794237023
8	20260813	371	0.24548455978154868
8	20260813	372	0.26785592460285135
8	20260813	373	0.2654201460802859
8	20260813	374	0.2738939521786987
8	20260813	375	0.2591982534450087
8	20260813	376	0.276474537400367
8	20260813	377	0.2744720418688088
8	20260813	378	0.2804329712385363
8	20260813	379	0.2647529980011976
8	20260813	380	0.28512134868017025
8	20260813	381	0.28107084165714763
8	20260813	382	0.2721503558115185
8	20260813	383	0.26633244128232536
8	20260813	384	0.26763115471339743
8	20260813	385	0.2652372200516898
8	20260813	386	0.26630176347939005
8	20260813	387	0.2722350791897219
8	20260813	388	0.2870385339199697
8	20260813	389	0.28760770424370496
8	20260813	390	0.2730929679044868
8	20260813	391	0.28542475528304856
8	20260813	392	0.27549532653597053
8	20260813	393	0.2813825457916222
8	20260813	394	0.2630125888675078
8	20260813	395	0.2737204452664601
8	20260813	396	0.25834624437002307
8	20260813	397	0.2709807139078559
8	20260813	398	0.26760260760804044
8	20260813	399	0.2973323016297141
8	20260813	400	0.28591144003802194
8	20260813	401	0.2736288560359262
8	20260813	402	0.26943135607003504
8	20260813	403	0.2996080263371153
8	20260813	404	0.27882332695216594
8	20260813	405	0.266183518411007
8	20260813	406	0.28511031262313363
8	20260813	407	0.3044149410043101
8	20260813	408	0.27457056302238786
8	20260813	409	0.2559684975337668
8	20260813	410	0.2781927053247487
8	20260813	411	0.2532905790270842
8	20260813	412	0.2530507827713704
8	20260813	413	0.25578423557407964
8	20260813	414	0.2781126326554866
8	20260813	415	0.25911158957985464
8	20260813	416	0.2902760204221568
8	20260813	417	0.28431025957870354
8	20260813	418	0.2800865382015104
8	20260813	419	0.26118776389050735
8	20260813	420	0.28555283108913904
8	20260813	421	0.2537160769411112
8	20260813	422	0.2659380903193642
8	20260813	423	0.24730889480520893
8	20260813	424	0.2828041187399238
8	20260813	425	0.27281009363786535
8	20260813	426	0.2699141586429139
8	20260813	427	0.254747726913295
8	20260813	428	0.2732159296746073
8	20260813	429	0.2847600802795392
8	20260813	430	0.28405383032303505
8	20260813	431	0.2819369432014429
8	20260813	432	0.2618415829532023
8	20260813	433	0.26558278481389697
8	20260813	434	0.28075116008843304
8	20260813	435	0.25437984452761087
8	20260813	436	0.27665738321319056
8	20260813	437	0.28758396268645114
8	20260813	438	0.2667096137739937
8	20260813	439	0.2755640052928446
8	20260813	440	0.2583796539668036
8	20260813	441	0.27078557765033906
8	20260813	442	0.27572560336310636
8	20260813	443	0.2957337637356118
8	20260813	444	0.27131312672505037
8	20260813	445	0.27722607204791055
8	20260813	446	0.28055474704220484
8	20260813	447	0.2845528652774819
8	20260813	448	0.27068912864464223
8	20260813	449	0.2563971146338244
8	20260813	450	0.26013217938589284
8	20260813	451	0.28284354096738384
8	20260813	452	0.2713688325006676
8	20260813	453	0.26311689652794357
8	20260813	454	0.280705192791061
8	20260813	455	0.28551538020317435
8	20260813	456	0.26661595948528827
8	20260813	457	0.2868042472582888
8	20260813	458	0.260498156310501
8	20260813	459	0.27792552713533814
8	20260813	460	0.27870868759723716
8	20260813	461	0.2697977450549513
8	20260813	462	0.2593352136259749
8	20260813	463	0.2746064858426217
8	20260813	464	0.27459018872591423
8	20260813	465	0.27229048568282055
8	20260813	466	0.26956732398101263
8	20260813	467	0.2812006095717132
8	20260813	468	0.28267156007706584
8	20260813	469	0.2763244400895731
8	20260813	470	0.27163982387457375
8	20260813	471	0.24933777238803972
8	20260813	472	0.26704297184015136
8	20260813	473	0.29106652401710476
8	20260813	474	0.27979963996838575
8	20260813	475	0.2741072773985893
8	20260813	476	0.2538089178751762
8	20260813	477	0.2834291552313741
8	20260813	478	0.2711462339429398
8	20260813	479	0.2638938214618437
8	20260813	480	0.2700100084949403
8	20260813	481	0.26616039870480224
8	20260813	482	0.24883204078371005
8	20260813	483	0.26398651445463717
8	20260813	484	0.24286413071278823
8	20260813	485	0.275121710969931
8	20260813	486	0.25749585252472595
8	20260813	487	0.26893842389246214
8	20260813	488	0.27739699969410114
8	20260813	489	0.24257153865444425
8	20260813	490	0.26380952236087074
8	20260813	491	0.26745788500830253
8	20260813	492	0.2927157048265035
8	20260813	493	0.2739950934342704
8	20260813	494	0.28393209841573075
8	20260813	495	0.29024380635666613
8	20260813	496	0.2721108193995078
8	20260813	497	0.25135204698055874
8	20260813	498	0.2782539561680211
8	20260813	499	0.2753677875193702
8	20260813	500	0.2655127481352917
8	20260813	501	0.2735017536882631
8	20260813	502	0.26420535055403066
8	20260813	503	0.2644090019462885
8	20260813	504	0.26138055367614627
8	20260813	505	0.26726886817771145
8	20260813	506	0.289394163736276
8	20260813	507	0.2644680325618499
8	20260813	508	0.2770431904422299
8	20260813	509	0.27499201083452435
8	20260813	510	0.259388626286081
8	20260813	511	0.21656964702715042
8	20260813	512	0.28130870928249607
8	20260813	513	0.26896198476340805
8	20260813	514	0.26675421349946404
8	20260813	515	0.2736992280028481
8	20260813	516	0.2716106316460932
8	20260813	517	0.2742136255514626
8	20260813	518	0.2840371222727006
8	20260813	519	0.2707742588968756
8	20260813	520	0.26910347436879756
8	20260813	521	0.25998375467217705
8	20260813	522	0.2654048104807136
8	20260813	523	0.2581419222773623
8	20260813	524	0.2646250198772693
8	20260813	525	0.26229552380421073
8	20260813	526	0.25866054770319646
8	20260813	527	0.2788266776088274
8	20260813	528	0.2702471475213729
8	20260813	529	0.27353190251847787
8	20260813	530	0.2731405900400783
8	20260813	531	0.2629442540831951
8	20260813	532	0.2662211992101427
8	20260813	533	0.2500138390712052
8	20260813	534	0.2914277442566815
8	20260813	535	0.25884494151205156
8	20260813	536	0.27017831928711966
8	20260813	537	0.2637227867905856
8	20260813	538	0.2630852557540495
8	20260813	539	0.27096628392122724
8	20260813	540	0.27293765279910237
8	20260813	541	0.2804455194507989
8	20260813	542	0.2553083798410548
8	20260813	543	0.2664578090639133
8	20260813	544	0.27686038335946894
8	20260813	545	0.25566100914687107
8	20260813	546	0.277159543251582
8	20260813	547	0.26401677210278196
8	20260813	548	0.28266595675624917
8	20260813	549	0.27552571729702746
8	20260813	550	0.25609170023035555
8	20260813	551	0.23268015506624906
8	20260813	552	0.2699784000244725
8	20260813	553	0.2643293274387193
8	20260813	554	0.27794822995847623
8	20260813	555	0.2866144315534197
8	20260813	556	0.272093839768756
8	20260813	557	0.27334741189714695
8	20260813	558	0.2849119908339308
8	20260813	559	0.24548528578693643
8	20260813	560	0.2756143410665166
8	20260813	561	0.29182265583932887
8	20260813	562	0.27690607374956644
8	20260813	563	0.26879380684170284
8	20260813	564	0.26947674767343166
8	20260813	565	0.2747801732528937
8	20260813	566	0.26869928296402945
8	20260813	567	0.2801846726925207
8	20260813	568	0.2645856459364398
8	20260813	569	0.27189308678919316
8	20260813	570	0.27912495721621766
8	20260813	571	0.2619844374812478
8	20260813	572	0.2778600699566256
8	20260813	573	0.2597125673352094
8	20260813	574	0.2685008322295587
8	20260813	575	0.2820796017843811
8	20260813	576	0.2611249133394737
8	20260813	577	0.28175673281666014
8	20260813	578	0.27556172001729823
8	20260813	579	0.27510118722499166
8	20260813	580	0.2564438063439863
8	20260813	581	0.29079370781230046
8	20260813	582	0.27933796801443506
8	20260813	583	0.28873063115232167
8	20260813	584	0.2725727227926598
8	20260813	585	0.26320731688271476
8	20260813	586	0.26176071565302234
8	20260813	587	0.28754377767328854
8	20260813	588	0.2788698515841035
8	20260813	589	0.2730008090286268
8	20260813	590	0.2756844871926447
8	20260813	591	0.30045575045339834
8	20260813	592	0.2381103270804188
8	20260813	593	0.26249271718606926
8	20260813	594	0.2801037198843488
8	20260813	595	0.27227204588879017
8	20260813	596	0.2795120684045837
8	20260813	597	0.28765743883802986
8	20260813	598	0.2718104857989563
8	20260813	599	0.27378778023392625
8	20260813	600	0.2587096426070927
8	20260813	601	0.26462833464587
8	20260813	602	0.260525940343641
8	20260813	603	0.27213770700490353
8	20260813	604	0.2719831194682333
8	20260813	605	0.2938164421927516
8	20260813	606	0.24901468314223346
8	20260813	607	0.2690966135529745
8	20260813	608	0.2881464280776671
8	20260813	609	0.2657380514995926
8	20260813	610	0.26216728997079175
8	20260813	611	0.2964991380092572
8	20260813	612	0.27074732513322947
8	20260813	613	0.2574660500572259
8	20260813	614	0.2439041766659153
8	20260813	615	0.2649872386528538
8	20260813	616	0.2663990785961996
8	20260813	617	0.26776566013321396
8	20260813	618	0.2679487063588819
8	20260813	619	0.25814318739033265
8	20260813	620	0.2833096425664142
8	20260813	621	0.25857364823547535
8	20260813	622	0.2558503409755651
8	20260813	623	0.2800868717276481
8	20260813	624	0.25184513692763505
8	20260813	625	0.2646074219461359
8	20260813	626	0.2595871225324988
8	20260813	627	0.27337535596727536
8	20260813	628	0.2614356254993023
8	20260813	629	0.2656662557045942
8	20260813	630	0.27298774899707456
8	20260813	631	0.2614906081847854
8	20260813	632	0.27885592620912464
8	20260813	633	0.2564098235195025
8	20260813	634	0.26729357271239945
8	20260813	635	0.2953642386538975
8	20260813	636	0.2594324465508613
8	20260813	637	0.2727570070719968
8	20260813	638	0.2798440286638405
8	20260813	639	0.27696135033970504
8	20260813	640	0.2758938750085185
8	20260813	641	0.28340090103542676
8	20260813	642	0.2777562128382909
8	20260813	643	0.25852970851963775
8	20260813	644	0.2563770449697723
8	20260813	645	0.2722926335588761
8	20260813	646	0.282679615812825
8	20260813	647	0.28726860203285276
8	20260813	648	0.261930932736805
8	20260813	649	0.2740258872343504
8	20260813	650	0.2585534294264361
8	20260813	651	0.2770360620447052
8	20260813	652	0.2645497406406966
8	20260813	653	0.26421020288230923
8	20260813	654	0.2536888682939259
8	20260813	655	0.25846862398113535
8	20260813	656	0.27815640515660967
8	20260813	657	0.27804329391295335
8	20260813	658	0.27523048987373283
8	20260813	659	0.28101045687956416
8	20260813	660	0.26158841608342404
8	20260813	661	0.2848285136391824
8	20260813	662	0.2635993908053793
8	20260813	663	0.2680249018727688
8	20260813	664	0.2595807619302807
8	20260813	665	0.26462693160850037
8	20260813	666	0.2715121924776757
8	20260813	667	0.2601431651909437
8	20260813	668	0.2610890598199119
8	20260813	669	0.24300868997063677
8	20260813	670	0.27104886807657147
8	20260813	671	0.2609434864881698
8	20260813	672	0.2803238432013697
8	20260813	673	0.27141641658718707
8	20260813	674	0.25252035860965233
8	20260813	675	0.27873044045899
8	20260813	676	0.27002491685438457
8	20260813	677	0.29546589073787594
8	20260813	678	0.2814050027520738
8	20260813	679	0.2650434959232763
8	20260813	680	0.2775415332256882
8	20260813	681	0.26686423287084626
8	20260813	682	0.29627647236268106
8	20260813	683	0.2697186458478175
8	20260813	684	0.24831250339818423
8	20260813	685	0.24978132462201952
8	20260813	686	0.2755946601380972
8	20260813	687	0.2791743384000232
8	20260813	688	0.2551460435538143
8	20260813	689	0.25634583483597917
8	20260813	690	0.28967615889834114
8	20260813	691	0.2716891578548577
8	20260813	692	0.27495954496575886
8	20260813	693	0.2658644395325667
8	20260813	694	0.2656289456207108
8	20260813	695	0.27080360330662206
8	20260813	696	0.27554517487317515
8	20260813	697	0.2643246966193236
8	20260813	698	0.24953191484502846
8	20260813	699	0.28673694970592273
8	20260813	700	0.2690805092312268
8	20260813	701	0.2511912493935616
8	20260813	702	0.2686551621197673
8	20260813	703	0.28368708753013555
8	20260813	704	0.2768076636726393
8	20260813	705	0.2725266135489624
8	20260813	706	0.26365612163760277
8	20260813	707	0.2729164813500564
8	20260813	708	0.2813648002355259
8	20260813	709	0.2671525328318215
8	20260813	710	0.2374597069407648
8	20260813	711	0.2689128643177317
8	20260813	712	0.24802413406823873
8	20260813	713	0.27773600008290233
8	20260813	714	0.26056728241926597
8	20260813	715	0.27409742413987537
8	20260813	716	0.27243183264182474
8	20260813	717	0.2685805767353152
8	20260813	718	0.26746442042417906
8	20260813	719	0.2602541871497273
8	20260813	720	0.2698470034653511
8	20260813	721	0.28724970224089835
8	20260813	722	0.2712339897508594
8	20260813	723	0.274053474677167
8	20260813	724	0.2550107327105928
8	20260813	725	0.2608209588348005
8	20260813	726	0.27158279530445617
8	20260813	727	0.27347106667529564
8	20260813	728	0.246684627081282
8	20260813	729	0.2914457731595227
8	20260813	730	0.2649148397576272
8	20260813	731	0.2613162239367177
8	20260813	732	0.26384776455950926
8	20260813	733	0.25359018851148285
8	20260813	734	0.2810828304004002
8	20260813	735	0.2821620765220296
8	20260813	736	0.2760933366653878
8	20260813	737	0.25593296653143216
8	20260813	738	0.27275022865941984
8	20260813	739	0.2556212384287547
8	20260813	740	0.2867661877701313
8	20260813	741	0.2668635410554754
8	20260813	742	0.2730073073437216
8	20260813	743	0.28065270782622165
8	20260813	744	0.2667916592161206
8	20260813	745	0.25955929993256094
8	20260813	746	0.27813081537679885
8	20260813	747	0.2568411513475429
8	20260813	748	0.2853615108373744
8	20260813	749	0.2901716575847416
8	20260813	750	0.2599172154050813
8	20260813	751	0.26828435889238433
8	20260813	752	0.27003974284276766
8	20260813	753	0.27010012660947086
8	20260813	754	0.27767441329332054
8	20260813	755	0.2644157207409135
8	20260813	756	0.24491386469319965
8	20260813	757	0.28943304335875675
8	20260813	758	0.2596727661490762
8	20260813	759	0.2782282613350075
8	20260813	760	0.2659256025316716
8	20260813	761	0.26231120255163154
8	20260813	762	0.27271964369779234
8	20260813	763	0.259481232563008
8	20260813	764	0.24806937794620887
8	20260813	765	0.2559860802091296
8	20260813	766	0.2515282840209228
8	20260813	767	0.24862408912151046
8	20260813	768	0.2584656246248304
8	20260813	769	0.2512028639222985
8	20260813	770	0.2512439916240126
8	20260813	771	0.2640536605716705
8	20260813	772	0.26478042008298575
8	20260813	773	0.2581380653893235
8	20260813	774	0.2877512504742
8	20260813	775	0.26058661350318246
8	20260813	776	0.28153441958551134
8	20260813	777	0.2737092217435618
8	20260813	778	0.26615661717421546
8	20260813	779	0.2563129762267772
8	20260813	780	0.2549988617079497
8	20260813	781	0.2688383825771473
8	20260813	782	0.282089664298358
8	20260813	783	0.2783926068288153
8	20260813	784	0.26229496066551083
8	20260813	785	0.2599614675937554
8	20260813	786	0.26635552063067114
8	20260813	787	0.2788431495005826
8	20260813	788	0.268943561260837
8	20260813	789	0.2794144090309065
8	20260813	790	0.2563708632377041
8	20260813	791	0.2654616080312862
8	20260813	792	0.26922393253050036
8	20260813	793	0.27284666718016615
8	20260813	794	0.27381702478718883
8	20260813	795	0.2862473830811475
8	20260813	796	0.2757214187757382
8	20260813	797	0.25407968516755897
8	20260813	798	0.26929065975178224
8	20260813	799	0.2916177370249853
8	20260813	800	0.2830343280832839
8	20260813	801	0.272642877186051
8	20260813	802	0.2416813438018778
8	20260813	803	0.26315176583937205
8	20260813	804	0.2813188254818449
8	20260813	805	0.2705003678173873
8	20260813	806	0.2521788295862439
8	20260813	807	0.25925732096851595
8	20260813	808	0.2988419589179304
8	20260813	809	0.27023611061619124
8	20260813	810	0.25923400156604515
8	20260813	811	0.2745482147217145
8	20260813	812	0.2991245972920682
8	20260813	813	0.2750621876069386
8	20260813	814	0.2728603882520795
8	20260813	815	0.2702193692397902
8	20260813	816	0.276482349853165
8	20260813	817	0.25485638417766765
8	20260813	818	0.2586834163910225
8	20260813	819	0.252822718562575
8	20260813	820	0.28222556316172687
8	20260813	821	0.2827917408648779
8	20260813	822	0.2731138933172086
8	20260813	823	0.26986471341190377
8	20260813	824	0.26372077002491245
8	20260813	825	0.29774063915006194
8	20260813	826	0.260393469859011
8	20260813	827	0.2771521940785562
8	20260813	828	0.2718735959130073
8	20260813	829	0.2786149200861812
8	20260813	830	0.2578708617450245
8	20260813	831	0.2883243935051316
8	20260813	832	0.2626412955485312
8	20260813	833	0.2738462481612133
8	20260813	834	0.2647508589044756
8	20260813	835	0.2842111250175967
8	20260813	836	0.2658374756003105
8	20260813	837	0.27391373684535303
8	20260813	838	0.25294230468166023
8	20260813	839	0.25937766524916367
8	20260813	840	0.2615697380594615
8	20260813	841	0.27138690327015585
8	20260813	842	0.2535116127078219
8	20260813	843	0.2612538870677043
8	20260813	844	0.27411753636472813
8	20260813	845	0.24353407438914232
8	20260813	846	0.27475837729977015
8	20260813	847	0.30065727457735275
8	20260813	848	0.2835569824302939
8	20260813	849	0.2656597947968001
8	20260813	850	0.27180995110771733
8	20260813	851	0.23963763732873739
8	20260813	852	0.27029296578984896
8	20260813	853	0.2678202695419805
8	20260813	854	0.2752923710026328
8	20260813	855	0.2708059042731269
8	20260813	856	0.2758974501014655
8	20260813	857	0.274757373175712
8	20260813	858	0.28328502325903104
8	20260813	859	0.27312481478512407
8	20260813	860	0.28210829593598064
8	20260813	861	0.2774629709881526
8	20260813	862	0.26666712542285803
8	20260813	863	0.26823391335802144
8	20260813	864	0.2794947941000552
8	20260813	865	0.2633919181993532
8	20260813	866	0.2796840852070174
8	20260813	867	0.2781139553200566
8	20260813	868	0.27096405553204256
8	20260813	869	0.2683877824932918
8	20260813	870	0.2789933143938296
8	20260813	871	0.26725548456255815
8	20260813	872	0.25525467529933243
8	20260813	873	0.25479285794457585
8	20260813	874	0.2616064149420595
8	20260813	875	0.25692718992969243
8	20260813	876	0.26675945145063995
8	20260813	877	0.28412241106966774
8	20260813	878	0.267939462140026
8	20260813	879	0.2661737572194045
8	20260813	880	0.2657172900710726
8	20260813	881	0.30496082670036095
8	20260813	882	0.26308066724658563
8	20260813	883	0.2592224723974237
8	20260813	884	0.2650492891308528
8	20260813	885	0.26871204646966523
8	20260813	886	0.2923859348484383
8	20260813	887	0.2773404979252511
8	20260813	888	0.28434431423246614
8	20260813	889	0.27739354166377406
8	20260813	890	0.2832607470771068
8	20260813	891	0.257544683325507
8	20260813	892	0.2841089407387536
8	20260813	893	0.277300121667731
8	20260813	894	0.2701965290045481
8	20260813	895	0.2814874516613873
8	20260813	896	0.2697494801868968
8	20260813	897	0.2839613643888873
8	20260813	898	0.26438280100278533
8	20260813	899	0.2525612963193083
8	20260813	900	0.2593810455407084
8	20260813	901	0.273594256151319
8	20260813	902	0.2796699820964815
8	20260813	903	0.2645648110074408
8	20260813	904	0.26497808132156186
8	20260813	905	0.26362346738478304
8	20260813	906	0.28845474124834714
8	20260813	907	0.26948562849759644
8	20260813	908	0.2557201087042576
8	20260813	909	0.27004342554141086
8	20260813	910	0.26132963481641214
8	20260813	911	0.2824956055410786
8	20260813	912	0.26588307392236993
8	20260813	913	0.26281091557482
8	20260813	914	0.2779508458764069
8	20260813	915	0.25834035244192566
8	20260813	916	0.2720697600765853
8	20260813	917	0.26156506198011037
8	20260813	918	0.28881274194466505
8	20260813	919	0.27998155733537416
8	20260813	920	0.2557097400517164
8	20260813	921	0.26562409585157987
8	20260813	922	0.2476067004546666
8	20260813	923	0.28812985624444337
8	20260813	924	0.2565258047775235
8	20260813	925	0.2762568781678475
8	20260813	926	0.27329359086292104
8	20260813	927	0.2733787805101169
8	20260813	928	0.270678081601898
8	20260813	929	0.26246995714087984
8	20260813	930	0.2835720238850672
8	20260813	931	0.2638147439635114
8	20260813	932	0.2809777581940019
8	20260813	933	0.2607803064184347
8	20260813	934	0.26952723852687327
8	20260813	935	0.26188448749604676
8	20260813	936	0.26108323115521825
8	20260813	937	0.27274908989182334
8	20260813	938	0.24412908264586233
8	20260813	939	0.2646847148522049
8	20260813	940	0.2564060314570071
8	20260813	941	0.28067373563680365
8	20260813	942	0.26854179421546615
8	20260813	943	0.27081137729747573
8	20260813	944	0.26640721050553373
8	20260813	945	0.2824731365566078
8	20260813	946	0.27067631360789346
8	20260813	947	0.25783573812048605
8	20260813	948	0.2700864251257694
8	20260813	949	0.2663251617134735
8	20260813	950	0.2709742581713171
8	20260813	951	0.2784793088351041
8	20260813	952	0.2656721850210501
8	20260813	953	0.2719582687151916
8	20260813	954	0.2588488550895438
8	20260813	955	0.2724027948778495
8	20260813	956	0.2822864987577962
8	20260813	957	0.25145284058331085
8	20260813	958	0.26868425054978295
8	20260813	959	0.27239121580911396
8	20260813	960	0.2742309852948664
8	20260813	961	0.2695782717332105
8	20260813	962	0.2851597432648548
8	20260813	963	0.27403192547085115
8	20260813	964	0.25953613670327824
8	20260813	965	0.26604401810892486
8	20260813	966	0.2693247727653162
8	20260813	967	0.2667128274746057
8	20260813	968	0.2727737336584933
8	20260813	969	0.2686595578546841
8	20260813	970	0.29588143140265455
8	20260813	971	0.26937965715144757
8	20260813	972	0.26399457484936817
8	20260813	973	0.26215689463561304
8	20260813	974	0.2783927635281054
8	20260813	975	0.2730995524150489
8	20260813	976	0.2473378737754397
8	20260813	977	0.273925986448756
8	20260813	978	0.2730691794187219
8	20260813	979	0.27854641728105806
8	20260813	980	0.27564198431498577
8	20260813	981	0.2671238389495892
8	20260813	982	0.25807197434264484
8	20260813	983	0.2700522453885012
8	20260813	984	0.2869556645147441
8	20260813	985	0.2661583840602473
8	20260813	986	0.2872482337540651
8	20260813	987	0.2788526841618313
8	20260813	988	0.29198681307271807
8	20260813	989	0.27266391587665506
8	20260813	990	0.2677934632397704
8	20260813	991	0.27633812187669066
8	20260813	992	0.2584836610904713
8	20260813	993	0.26312656699676373
8	20260813	994	0.28489294807578325
8	20260813	995	0.28082294100980787
8	20260813	996	0.2843723538576745
8	20260813	997	0.2658175538814668
8	20260813	998	0.29845691783602024
8	20260813	999	0.26459926440466536
12	20260813	1	0.22127822343310954
12	20260813	2	0.2227902165679245
12	20260813	3	0.22623335455369026
12	20260813	4	0.23157374924506474
12	20260813	5	0.23426974951775756
12	20260813	6	0.2279612924475642
12	20260813	7	0.23665419580336944
12	20260813	8	0.23411273813563477
12	20260813	9	0.24647570636809568
12	20260813	10	0.22383999087416492
12	20260813	11	0.2400079267975862
12	20260813	12	0.21356358195540706
12	20260813	13	0.2102518554157431
12	20260813	14	0.23055844151259636
12	20260813	15	0.1939529511168766
12	20260813	16	0.22450677032099964
12	20260813	17	0.226369578120452
12	20260813	18	0.2292129418946145
12	20260813	19	0.23616258986495095
12	20260813	20	0.21479610479867742
12	20260813	21	0.21802306039115787
12	20260813	22	0.23115931131359801
12	20260813	23	0.24332896496431788
12	20260813	24	0.23521577627696583
12	20260813	25	0.20221933521564703
12	20260813	26	0.22858062710812616
12	20260813	27	0.2105697571372312
12	20260813	28	0.23539902908810817
12	20260813	29	0.25418595925650567
12	20260813	30	0.21792725241009653
12	20260813	31	0.2040003579444039
12	20260813	32	0.19601270075067978
12	20260813	33	0.21832080077455174
12	20260813	34	0.2014542063007854
12	20260813	35	0.2372280847763525
12	20260813	36	0.19164631355881656
12	20260813	37	0.21057108805926242
12	20260813	38	0.20678604265383543
12	20260813	39	0.20305693380032458
12	20260813	40	0.23494207401875844
12	20260813	41	0.2304305355098542
12	20260813	42	0.2162011712946305
12	20260813	43	0.21310572090409066
12	20260813	44	0.23716388583793552
12	20260813	45	0.24198542641585988
12	20260813	46	0.21548475455138622
12	20260813	47	0.22976535358430616
12	20260813	48	0.22888288094894288
12	20260813	49	0.24062048034966493
12	20260813	50	0.20562231272233897
12	20260813	51	0.23165120450687404
12	20260813	52	0.23255934561378533
12	20260813	53	0.2167929436960952
12	20260813	54	0.2299834287338215
12	20260813	55	0.2584382758630868
12	20260813	56	0.20112114060541897
12	20260813	57	0.2170704464739398
12	20260813	58	0.2263558189381682
12	20260813	59	0.23677625197847701
12	20260813	60	0.2027775340099841
12	20260813	61	0.2212341984957267
12	20260813	62	0.22080643008730239
12	20260813	63	0.2029111137025702
12	20260813	64	0.23712083694828157
12	20260813	65	0.22000930192853052
12	20260813	66	0.20215348280829554
12	20260813	67	0.2351665840144765
12	20260813	68	0.22798954155886333
12	20260813	69	0.24488999354010443
12	20260813	70	0.21803931322386996
12	20260813	71	0.1970987947813635
12	20260813	72	0.23699419414370584
12	20260813	73	0.22702969525979283
12	20260813	74	0.23097224986770504
12	20260813	75	0.23595601044927192
12	20260813	76	0.24194254385564024
12	20260813	77	0.21998519215563173
12	20260813	78	0.19448507995479664
12	20260813	79	0.23776877040353467
12	20260813	80	0.22839775923447592
12	20260813	81	0.2089472091778623
12	20260813	82	0.2579713075187813
12	20260813	83	0.22176019678978598
12	20260813	84	0.24290352359133482
12	20260813	85	0.23815368572415202
12	20260813	86	0.22663713354148984
12	20260813	87	0.2207429645140037
12	20260813	88	0.21522786410975922
12	20260813	89	0.20844180882390684
12	20260813	90	0.2147063090202053
12	20260813	91	0.22627701097067626
12	20260813	92	0.22363285290725335
12	20260813	93	0.23615124011204067
12	20260813	94	0.21650417595677587
12	20260813	95	0.2432115904047175
12	20260813	96	0.21002112727418068
12	20260813	97	0.21314322338355576
12	20260813	98	0.24025732639119607
12	20260813	99	0.22964746678081582
12	20260813	100	0.21573617248998106
12	20260813	101	0.2124122330242743
12	20260813	102	0.2146706092443061
12	20260813	103	0.22679919165162918
12	20260813	104	0.2265262391854363
12	20260813	105	0.2086827028561473
12	20260813	106	0.23835181815174722
12	20260813	107	0.22568519385372743
12	20260813	108	0.23586859032205337
12	20260813	109	0.22977738265354072
12	20260813	110	0.22468981315570674
12	20260813	111	0.2237741808995335
12	20260813	112	0.21144951091123484
12	20260813	113	0.23947284805405192
12	20260813	114	0.22683305570323348
12	20260813	115	0.22180921902324396
12	20260813	116	0.22557283419078628
12	20260813	117	0.2169749925799308
12	20260813	118	0.24283775072731478
12	20260813	119	0.2188215367043468
12	20260813	120	0.23004328190589596
12	20260813	121	0.24053768199958386
12	20260813	122	0.23646475630666855
12	20260813	123	0.22702867660960102
12	20260813	124	0.2181122711720464
12	20260813	125	0.22483374326416805
12	20260813	126	0.19863706123111186
12	20260813	127	0.21528983736938895
12	20260813	128	0.21340503990842158
12	20260813	129	0.23775934868806614
12	20260813	130	0.23351416751792314
12	20260813	131	0.21070608090318765
12	20260813	132	0.2432909815513662
12	20260813	133	0.22542238574368978
12	20260813	134	0.21971424621222438
12	20260813	135	0.2420865455818704
12	20260813	136	0.2232533275216406
12	20260813	137	0.20534325464962144
12	20260813	138	0.23480597855025404
12	20260813	139	0.23958967822656738
12	20260813	140	0.2344310979356135
12	20260813	141	0.23879587152252188
12	20260813	142	0.22732528290010567
12	20260813	143	0.24067867510499547
12	20260813	144	0.21311574502453048
12	20260813	145	0.2155206806110252
12	20260813	146	0.21302043762365222
12	20260813	147	0.2136391836649008
12	20260813	148	0.22432063622592338
12	20260813	149	0.2047366860397094
12	20260813	150	0.243660962034559
12	20260813	151	0.22607213414525223
12	20260813	152	0.214065045929205
12	20260813	153	0.21502574642698002
12	20260813	154	0.1945358903652205
12	20260813	155	0.2360068269785135
12	20260813	156	0.23737055807119378
12	20260813	157	0.22845300263331839
12	20260813	158	0.23373813224479664
12	20260813	159	0.23853177047906965
12	20260813	160	0.2250832710491255
12	20260813	161	0.2281316974045737
12	20260813	162	0.22865537659753987
12	20260813	163	0.1949643581698497
12	20260813	164	0.2098055530204085
12	20260813	165	0.22545770476290844
12	20260813	166	0.225708405760983
12	20260813	167	0.21773892568204162
12	20260813	168	0.20618346503638396
12	20260813	169	0.23900917866650356
12	20260813	170	0.2290286253166145
12	20260813	171	0.23989123700565076
12	20260813	172	0.21800896147743262
12	20260813	173	0.21820295332095213
12	20260813	174	0.22178993494593452
12	20260813	175	0.2444317799359166
12	20260813	176	0.22307035092157507
12	20260813	177	0.20959286587875006
12	20260813	178	0.2293597810845677
12	20260813	179	0.22496698977784457
12	20260813	180	0.2438956614033012
12	20260813	181	0.2059498589445867
12	20260813	182	0.22426143328315473
12	20260813	183	0.2205003413567559
12	20260813	184	0.20469794450845974
12	20260813	185	0.21999256723876318
12	20260813	186	0.22834885629711715
12	20260813	187	0.20924689799588436
12	20260813	188	0.20960997232816142
12	20260813	189	0.24667361954707878
12	20260813	190	0.23124692296641097
12	20260813	191	0.24232089331060605
12	20260813	192	0.20748552376996549
12	20260813	193	0.2176240816769875
12	20260813	194	0.21374731873225988
12	20260813	195	0.2219278156417444
12	20260813	196	0.22455835785486847
12	20260813	197	0.23063489307099216
12	20260813	198	0.23323285770966506
12	20260813	199	0.20602638473156532
12	20260813	200	0.21484148532556663
12	20260813	201	0.25667457297607776
12	20260813	202	0.2144475911742003
12	20260813	203	0.2266163895926558
12	20260813	204	0.2313217944587589
12	20260813	205	0.23337471358380257
12	20260813	206	0.2278535483485901
12	20260813	207	0.24510213198477168
12	20260813	208	0.21840674492007733
12	20260813	209	0.2104869847531897
12	20260813	210	0.21283221181106796
12	20260813	211	0.26336503193991534
12	20260813	212	0.24946514512138881
12	20260813	213	0.1980452129009651
12	20260813	214	0.2433389802250993
12	20260813	215	0.205542900740842
12	20260813	216	0.22579516229474056
12	20260813	217	0.218987993095898
12	20260813	218	0.23587392262235926
12	20260813	219	0.2415713264130655
12	20260813	220	0.23245532571552288
12	20260813	221	0.232222420656037
12	20260813	222	0.23313160709350217
12	20260813	223	0.22524255388588313
12	20260813	224	0.20874015607773816
12	20260813	225	0.2226475707267751
12	20260813	226	0.23278771601002735
12	20260813	227	0.19391076528585507
12	20260813	228	0.23414149834375825
12	20260813	229	0.24145600489816246
12	20260813	230	0.22810210033782202
12	20260813	231	0.22682586064072519
12	20260813	232	0.22657890899186928
12	20260813	233	0.2244110172773251
12	20260813	234	0.24076888545302094
12	20260813	235	0.2192181822393336
12	20260813	236	0.2043766103391057
12	20260813	237	0.24696497034830434
12	20260813	238	0.2205524735760941
12	20260813	239	0.24122089132360286
12	20260813	240	0.2257338533198585
12	20260813	241	0.19857666690377054
12	20260813	242	0.23434195898212853
12	20260813	243	0.22104255150572705
12	20260813	244	0.22630576488066362
12	20260813	245	0.2293374259093936
12	20260813	246	0.22140719799098552
12	20260813	247	0.23179730066732335
12	20260813	248	0.22953977599504713
12	20260813	249	0.21567115592938468
12	20260813	250	0.21392472298080184
12	20260813	251	0.21830326109746692
12	20260813	252	0.23729802598434052
12	20260813	253	0.2309178848763826
12	20260813	254	0.2346669263413536
12	20260813	255	0.2179447828711284
12	20260813	256	0.20333302437857365
12	20260813	257	0.22511395375667803
12	20260813	258	0.20823796789946047
12	20260813	259	0.22757669310237633
12	20260813	260	0.24880995937517134
12	20260813	261	0.1935410086301408
12	20260813	262	0.21743807732116222
12	20260813	263	0.21339766291804255
12	20260813	264	0.21095940611729386
12	20260813	265	0.22799847591443845
12	20260813	266	0.22765188359038868
12	20260813	267	0.2191685808176752
12	20260813	268	0.21643357421955456
12	20260813	269	0.22156243928750896
12	20260813	270	0.21825184650050308
12	20260813	271	0.23136829615916898
12	20260813	272	0.20776169490741359
12	20260813	273	0.22348684690755438
12	20260813	274	0.2095193797108725
12	20260813	275	0.24838749247891706
12	20260813	276	0.23760045588547274
12	20260813	277	0.23631504571977924
12	20260813	278	0.22609667833809555
12	20260813	279	0.2395563724167982
12	20260813	280	0.21417701947185525
12	20260813	281	0.2275897061430266
12	20260813	282	0.23211069798325368
12	20260813	283	0.23808130550111473
12	20260813	284	0.22269971005359643
12	20260813	285	0.2202749376150283
12	20260813	286	0.24384577646734762
12	20260813	287	0.23071530161471537
12	20260813	288	0.22264261847951372
12	20260813	289	0.2050800172382777
12	20260813	290	0.23023354402416651
12	20260813	291	0.22121912136599095
12	20260813	292	0.22811598395525973
12	20260813	293	0.20913373219763443
12	20260813	294	0.20760738178239024
12	20260813	295	0.22810268523798402
12	20260813	296	0.23181391084598102
12	20260813	297	0.2106048769568126
12	20260813	298	0.21960754314813014
12	20260813	299	0.22093118380219295
12	20260813	300	0.2326777371727366
12	20260813	301	0.21681007246442918
12	20260813	302	0.2284303567910786
12	20260813	303	0.23474633621585142
12	20260813	304	0.21047847703265196
12	20260813	305	0.22098090668354814
12	20260813	306	0.211302991354495
12	20260813	307	0.23031160035390724
12	20260813	308	0.2205817007967264
12	20260813	309	0.24790686342963475
12	20260813	310	0.23926911032842635
12	20260813	311	0.24900174205576686
12	20260813	312	0.21617661617996742
12	20260813	313	0.2024911266652064
12	20260813	314	0.2196307390456912
12	20260813	315	0.23528455686257546
12	20260813	316	0.2277852003390145
12	20260813	317	0.225908409707188
12	20260813	318	0.22456678897157303
12	20260813	319	0.23579073683704008
12	20260813	320	0.2064312318143212
12	20260813	321	0.22247980256082808
12	20260813	322	0.2395740870277949
12	20260813	323	0.21666973984130555
12	20260813	324	0.23416058445641624
12	20260813	325	0.20690550995901383
12	20260813	326	0.20645394480424434
12	20260813	327	0.23423496545263428
12	20260813	328	0.22924245559987447
12	20260813	329	0.2089926166869397
12	20260813	330	0.2289345891968204
12	20260813	331	0.20497198151531604
12	20260813	332	0.22930925498400867
12	20260813	333	0.22555259191254756
12	20260813	334	0.22731374041767433
12	20260813	335	0.24091253423256442
12	20260813	336	0.2367394538766076
12	20260813	337	0.22722916478217065
12	20260813	338	0.2269005095634918
12	20260813	339	0.22203152414285865
12	20260813	340	0.2672146872557497
12	20260813	341	0.22182374262252608
12	20260813	342	0.2276156553285601
12	20260813	343	0.21342490338042192
12	20260813	344	0.22918583295510592
12	20260813	345	0.2058549056557607
12	20260813	346	0.21246876509945856
12	20260813	347	0.22088766597207987
12	20260813	348	0.2321544330517208
12	20260813	349	0.2334263067984005
12	20260813	350	0.21812423754239027
12	20260813	351	0.22839503389942536
12	20260813	352	0.2185481815898086
12	20260813	353	0.2194326836313715
12	20260813	354	0.23268500109226792
12	20260813	355	0.24809290355360747
12	20260813	356	0.22162390077293181
12	20260813	357	0.21964023119487547
12	20260813	358	0.21577573466334793
12	20260813	359	0.20506072255400956
12	20260813	360	0.20230055111532036
12	20260813	361	0.2266066512851186
12	20260813	362	0.21026717705058906
12	20260813	363	0.2374148222248897
12	20260813	364	0.2369713925190996
12	20260813	365	0.20996616959446768
12	20260813	366	0.22297539944647496
12	20260813	367	0.2078551198273436
12	20260813	368	0.2305554433776283
12	20260813	369	0.2219879580906561
12	20260813	370	0.21737463168726118
12	20260813	371	0.22254781069850166
12	20260813	372	0.21614584773986628
12	20260813	373	0.23264755795583025
12	20260813	374	0.23475507420543512
12	20260813	375	0.19307454748166367
12	20260813	376	0.2163947567929042
12	20260813	377	0.21129347697304338
12	20260813	378	0.2338403874937693
12	20260813	379	0.22433569891226834
12	20260813	380	0.20096775567413283
12	20260813	381	0.22174122645845323
12	20260813	382	0.20810896433254017
12	20260813	383	0.2172253889029786
12	20260813	384	0.24182766540478617
12	20260813	385	0.21568269130669535
12	20260813	386	0.22728352617600805
12	20260813	387	0.23002566486862508
12	20260813	388	0.2250847609511004
12	20260813	389	0.22498168274871058
12	20260813	390	0.237163522901748
12	20260813	391	0.243786261470256
12	20260813	392	0.22270908156307828
12	20260813	393	0.22774859188581592
12	20260813	394	0.21000135140298415
12	20260813	395	0.21656627518949478
12	20260813	396	0.19257814046785796
12	20260813	397	0.22309509964519458
12	20260813	398	0.23168022440354696
12	20260813	399	0.21549290673909474
12	20260813	400	0.21717917086330074
12	20260813	401	0.20857566595008964
12	20260813	402	0.2150796521103568
12	20260813	403	0.2199159369902648
12	20260813	404	0.25045746881971254
12	20260813	405	0.21614319200796583
12	20260813	406	0.22204860800696813
12	20260813	407	0.22474301740438646
12	20260813	408	0.2081062091456323
12	20260813	409	0.21490532589670897
12	20260813	410	0.2192076809626414
12	20260813	411	0.2147803606342507
12	20260813	412	0.23380613146756302
12	20260813	413	0.2199613807896016
12	20260813	414	0.20871663969373738
12	20260813	415	0.22993518025648024
12	20260813	416	0.2348531420049672
12	20260813	417	0.2238712967314324
12	20260813	418	0.2188548157159131
12	20260813	419	0.20991500275131147
12	20260813	420	0.2002257122518502
12	20260813	421	0.25278214373027597
12	20260813	422	0.20934082429419654
12	20260813	423	0.2247652897285056
12	20260813	424	0.21935166803852077
12	20260813	425	0.23080229819886203
12	20260813	426	0.2304363415371951
12	20260813	427	0.23280791343257445
12	20260813	428	0.21622173633348632
12	20260813	429	0.22873731692094704
12	20260813	430	0.24327735125026567
12	20260813	431	0.23376851897427514
12	20260813	432	0.2139976986257545
12	20260813	433	0.2334701176059011
12	20260813	434	0.23315727333089675
12	20260813	435	0.23154325598497139
12	20260813	436	0.22423359012416583
12	20260813	437	0.24017855831748913
12	20260813	438	0.23088188235831975
12	20260813	439	0.21886333015740422
12	20260813	440	0.21920274351702115
12	20260813	441	0.19049821131270803
12	20260813	442	0.21990656374949633
12	20260813	443	0.20977129085528048
12	20260813	444	0.2255696037949649
12	20260813	445	0.24170355750344355
12	20260813	446	0.2322476539433611
12	20260813	447	0.2042603032782177
12	20260813	448	0.24139891565821364
12	20260813	449	0.2233289587216213
12	20260813	450	0.22944360846488276
12	20260813	451	0.19522265222818708
12	20260813	452	0.23056945497231962
12	20260813	453	0.228833101387161
12	20260813	454	0.2249562552628111
12	20260813	455	0.22892041951180372
12	20260813	456	0.21705696385821655
12	20260813	457	0.22310909492266018
12	20260813	458	0.21962868656694756
12	20260813	459	0.2246480947641284
12	20260813	460	0.22199977799609572
12	20260813	461	0.21734533985283097
12	20260813	462	0.21418736788836268
12	20260813	463	0.22324275647747432
12	20260813	464	0.22678800909506652
12	20260813	465	0.2302600111264982
12	20260813	466	0.2492729067346524
12	20260813	467	0.22556019907959285
12	20260813	468	0.21706244838963248
12	20260813	469	0.23598551332811551
12	20260813	470	0.23725549746950741
12	20260813	471	0.25843759078114725
12	20260813	472	0.18699138562245232
12	20260813	473	0.23861256775534137
12	20260813	474	0.2397944278912678
12	20260813	475	0.22572717136647147
12	20260813	476	0.21844545640162852
12	20260813	477	0.2466884121148265
12	20260813	478	0.22940527652565745
12	20260813	479	0.22709351731746685
12	20260813	480	0.19448501849175984
12	20260813	481	0.23897657521311108
12	20260813	482	0.21573323161563002
12	20260813	483	0.23898423801791024
12	20260813	484	0.22916281432639596
12	20260813	485	0.21918539050826147
12	20260813	486	0.2317057855527768
12	20260813	487	0.23002437934888864
12	20260813	488	0.23507447790696678
12	20260813	489	0.23974424572242975
12	20260813	490	0.22139121550514287
12	20260813	491	0.21623998017738433
12	20260813	492	0.20702226458144973
12	20260813	493	0.22248110972712867
12	20260813	494	0.22592612607951562
12	20260813	495	0.2339687173930583
12	20260813	496	0.22246757861699107
12	20260813	497	0.2343512465771451
12	20260813	498	0.2358029129436986
12	20260813	499	0.23390483948387397
12	20260813	500	0.21870794152762496
12	20260813	501	0.234276672399394
12	20260813	502	0.21834210351215236
12	20260813	503	0.2337256094615502
12	20260813	504	0.23033457328916956
12	20260813	505	0.2271827883149516
12	20260813	506	0.19865708944240051
12	20260813	507	0.21747298387309166
12	20260813	508	0.184896136200089
12	20260813	509	0.24123837153974392
12	20260813	510	0.21207375470261078
12	20260813	511	0.24268973964413215
12	20260813	512	0.222172585695696
12	20260813	513	0.22311481088718693
12	20260813	514	0.221893431422051
12	20260813	515	0.21856700475201862
12	20260813	516	0.2132348541005678
12	20260813	517	0.2305538033010211
12	20260813	518	0.2377281974264225
12	20260813	519	0.22402553766527214
12	20260813	520	0.23487819477994532
12	20260813	521	0.2231447355194734
12	20260813	522	0.2305670466622992
12	20260813	523	0.1986549901968569
12	20260813	524	0.2034693843128348
12	20260813	525	0.2572790109524628
12	20260813	526	0.22705600949078716
12	20260813	527	0.21397090472426655
12	20260813	528	0.26005592442120745
12	20260813	529	0.2100802175528237
12	20260813	530	0.23830877086289232
12	20260813	531	0.24437622741845605
12	20260813	532	0.22602258429357774
12	20260813	533	0.22405781125417185
12	20260813	534	0.23087677778059457
12	20260813	535	0.23244290701638265
12	20260813	536	0.23747841664025765
12	20260813	537	0.21124597917560123
12	20260813	538	0.23227034231152882
12	20260813	539	0.22357362833220545
12	20260813	540	0.2418625691994996
12	20260813	541	0.22165763943468328
12	20260813	542	0.20931293000488943
12	20260813	543	0.22591704157407488
12	20260813	544	0.23363857899682935
12	20260813	545	0.21738931400765504
12	20260813	546	0.22448340569075514
12	20260813	547	0.22756336809545874
12	20260813	548	0.23149897970141434
12	20260813	549	0.2170056994013203
12	20260813	550	0.23182223749563316
12	20260813	551	0.2187009351797221
12	20260813	552	0.2288475950938906
12	20260813	553	0.20741249318463673
12	20260813	554	0.23245468436938665
12	20260813	555	0.2363479087669198
12	20260813	556	0.1957692855656194
12	20260813	557	0.2405022232392713
12	20260813	558	0.20085701774268572
12	20260813	559	0.19879812502611616
12	20260813	560	0.2352870224749979
12	20260813	561	0.20718691004014822
12	20260813	562	0.21609583178374622
12	20260813	563	0.22674690409190235
12	20260813	564	0.23644901655688688
12	20260813	565	0.2328384123319432
12	20260813	566	0.22263211343036798
12	20260813	567	0.21700477889062095
12	20260813	568	0.228876575466234
12	20260813	569	0.23324405122628994
12	20260813	570	0.2273973862717517
12	20260813	571	0.21635884947757833
12	20260813	572	0.21393609934432142
12	20260813	573	0.20091150887907028
12	20260813	574	0.20722632873577823
12	20260813	575	0.24133494826020896
12	20260813	576	0.220894339999247
12	20260813	577	0.2182169982920416
12	20260813	578	0.21778583251674433
12	20260813	579	0.21731271517901676
12	20260813	580	0.24114640667516674
12	20260813	581	0.2123763177112784
12	20260813	582	0.20919592261221004
12	20260813	583	0.21795644958395655
12	20260813	584	0.2396034245096419
12	20260813	585	0.23480553112968117
12	20260813	586	0.22657424116035327
12	20260813	587	0.249601345597326
12	20260813	588	0.2395864991211747
12	20260813	589	0.2109254449154021
12	20260813	590	0.2509048578292839
12	20260813	591	0.22548767897508176
12	20260813	592	0.23789994948523033
12	20260813	593	0.24086506466884303
12	20260813	594	0.23453145178787116
12	20260813	595	0.23490825176234775
12	20260813	596	0.2402504461861143
12	20260813	597	0.23073866868580845
12	20260813	598	0.2179149753819717
12	20260813	599	0.23080192788194204
12	20260813	600	0.23984194762327923
12	20260813	601	0.23657443103528572
12	20260813	602	0.22046778413384505
12	20260813	603	0.22203255490284468
12	20260813	604	0.22777458679312568
12	20260813	605	0.2484545314308778
12	20260813	606	0.25509463682766664
12	20260813	607	0.23472944672049675
12	20260813	608	0.230747348456326
12	20260813	609	0.21649302022716538
12	20260813	610	0.24460294117780507
12	20260813	611	0.24160131904737775
12	20260813	612	0.19912860396547913
12	20260813	613	0.21043923953855964
12	20260813	614	0.21140317583037757
12	20260813	615	0.20639581016649317
12	20260813	616	0.23160834525121576
12	20260813	617	0.21568638997312278
12	20260813	618	0.21399306168003152
12	20260813	619	0.2331344800839923
12	20260813	620	0.22365509160912683
12	20260813	621	0.22715112196757797
12	20260813	622	0.22623089979015742
12	20260813	623	0.23035266879902777
12	20260813	624	0.23055465833526034
12	20260813	625	0.20034071389493135
12	20260813	626	0.22847461867889285
12	20260813	627	0.23312285012472042
12	20260813	628	0.21977571179128932
12	20260813	629	0.22115776398524684
12	20260813	630	0.2079505963231033
12	20260813	631	0.25417255758010143
12	20260813	632	0.21804735798949065
12	20260813	633	0.22496284580337295
12	20260813	634	0.21653943895342542
12	20260813	635	0.20550176795590536
12	20260813	636	0.21520792814307285
12	20260813	637	0.22388950409470376
12	20260813	638	0.22221460763833284
12	20260813	639	0.1951850681221688
12	20260813	640	0.22126319930357718
12	20260813	641	0.21910079701435875
12	20260813	642	0.23850705363337082
12	20260813	643	0.24712811718782746
12	20260813	644	0.216423324065204
12	20260813	645	0.2284827603983292
12	20260813	646	0.2261344297032598
12	20260813	647	0.21575541876457713
12	20260813	648	0.22055468680811924
12	20260813	649	0.19579714641494933
12	20260813	650	0.2263164352800007
12	20260813	651	0.215698219831775
12	20260813	652	0.2233941500248138
12	20260813	653	0.20875384549054127
12	20260813	654	0.19292866515899365
12	20260813	655	0.23532472029024304
12	20260813	656	0.23211276482351006
12	20260813	657	0.21770898353660953
12	20260813	658	0.19994114697207863
12	20260813	659	0.23090780034791708
12	20260813	660	0.22461438870741007
12	20260813	661	0.21955834372543065
12	20260813	662	0.22158733774960176
12	20260813	663	0.2134354751191743
12	20260813	664	0.2355297683125602
12	20260813	665	0.22581407257454167
12	20260813	666	0.22620782136345152
12	20260813	667	0.20017007319435115
12	20260813	668	0.21987019973472693
12	20260813	669	0.20825442486878987
12	20260813	670	0.21823425771271143
12	20260813	671	0.2130855806549149
12	20260813	672	0.2396608844081889
12	20260813	673	0.2360257466086454
12	20260813	674	0.21926383190219936
12	20260813	675	0.21720559230890635
12	20260813	676	0.23251768264028794
12	20260813	677	0.23928829983804578
12	20260813	678	0.1960938565165931
12	20260813	679	0.20637528962440566
12	20260813	680	0.21301111793458055
12	20260813	681	0.2146480449290488
12	20260813	682	0.1969700406150714
12	20260813	683	0.21699723510785884
12	20260813	684	0.21440767164718477
12	20260813	685	0.25163333738466553
12	20260813	686	0.2365935250321687
12	20260813	687	0.22033130659888575
12	20260813	688	0.23822228719714592
12	20260813	689	0.23332052630758876
12	20260813	690	0.2432132431268436
12	20260813	691	0.20011339185644605
12	20260813	692	0.2487895483972729
12	20260813	693	0.2174580010996497
12	20260813	694	0.22336856724852033
12	20260813	695	0.24664168996671743
12	20260813	696	0.21570290966659297
12	20260813	697	0.23111271156179786
12	20260813	698	0.21644749616849804
12	20260813	699	0.24278286640003663
12	20260813	700	0.22189717806728174
12	20260813	701	0.21831517482722207
12	20260813	702	0.2496316574118791
12	20260813	703	0.22353196206800324
12	20260813	704	0.21001726331089887
12	20260813	705	0.19003738191878167
12	20260813	706	0.224607145406842
12	20260813	707	0.22487056561743918
12	20260813	708	0.2237474808848609
12	20260813	709	0.20936083843921577
12	20260813	710	0.22382165688063047
12	20260813	711	0.2102300430000108
12	20260813	712	0.2215654834659952
12	20260813	713	0.23716400038196708
12	20260813	714	0.2351831547149794
12	20260813	715	0.2172938289625398
12	20260813	716	0.21890165031862896
12	20260813	717	0.212822595328131
12	20260813	718	0.22378854470705933
12	20260813	719	0.22467760328791786
12	20260813	720	0.22180992827674506
12	20260813	721	0.2268160408596825
12	20260813	722	0.22574705454082886
12	20260813	723	0.22261966039318076
12	20260813	724	0.23542138525286738
12	20260813	725	0.23903048983017644
12	20260813	726	0.2171513146909652
12	20260813	727	0.22425502322744328
12	20260813	728	0.22835328332521015
12	20260813	729	0.2275999152319404
12	20260813	730	0.25515694480498935
12	20260813	731	0.1946294906389363
12	20260813	732	0.1921293231231119
12	20260813	733	0.21531708245573156
12	20260813	734	0.22345852239456288
12	20260813	735	0.20732783344606215
12	20260813	736	0.21574430827867913
12	20260813	737	0.2001000098525289
12	20260813	738	0.22849229600918106
12	20260813	739	0.21348787740172454
12	20260813	740	0.21961356114979247
12	20260813	741	0.23392757343380172
12	20260813	742	0.23890776820241943
12	20260813	743	0.19362730409230627
12	20260813	744	0.22669463680992952
12	20260813	745	0.21647203006719165
12	20260813	746	0.22781585817967326
12	20260813	747	0.2212372093950653
12	20260813	748	0.22651391435470597
12	20260813	749	0.2358433055368739
12	20260813	750	0.21626977788217316
12	20260813	751	0.20108639194216396
12	20260813	752	0.1974671613041466
12	20260813	753	0.2310635486960656
12	20260813	754	0.2381019019728962
12	20260813	755	0.21003868263718195
12	20260813	756	0.22926990447979623
12	20260813	757	0.21982713422486488
12	20260813	758	0.24237416192350797
12	20260813	759	0.2175463352958001
12	20260813	760	0.2017303222344194
12	20260813	761	0.22162585121869535
12	20260813	762	0.2099595883469615
12	20260813	763	0.23897302376265797
12	20260813	764	0.25125601679702547
12	20260813	765	0.19829375225318513
12	20260813	766	0.22701559378963088
12	20260813	767	0.22106502237459486
12	20260813	768	0.21427273558597126
12	20260813	769	0.23761474150249023
12	20260813	770	0.22675345885922588
12	20260813	771	0.2127212658771632
12	20260813	772	0.2090301077170076
12	20260813	773	0.2308322672041122
12	20260813	774	0.2489088167432281
12	20260813	775	0.21218237254564615
12	20260813	776	0.2147043958656189
12	20260813	777	0.20621674868304649
12	20260813	778	0.23602504352744896
12	20260813	779	0.2182736877465909
12	20260813	780	0.2283854697660084
12	20260813	781	0.19337947351237156
12	20260813	782	0.21783256941511098
12	20260813	783	0.2545599199308509
12	20260813	784	0.22988099701050835
12	20260813	785	0.23086575101521717
12	20260813	786	0.19680777628469254
12	20260813	787	0.241980458879537
12	20260813	788	0.20592324937028927
12	20260813	789	0.20913656554264948
12	20260813	790	0.238979185592763
12	20260813	791	0.21805234701180942
12	20260813	792	0.22692642451274656
12	20260813	793	0.2131630462554544
12	20260813	794	0.2143331859892455
12	20260813	795	0.22298021843929994
12	20260813	796	0.22917787797615696
12	20260813	797	0.23387261074770108
12	20260813	798	0.21667056409378888
12	20260813	799	0.21183576558149342
12	20260813	800	0.20958857082025917
12	20260813	801	0.20173437161515168
12	20260813	802	0.22426765700627777
12	20260813	803	0.21265622789805896
12	20260813	804	0.2237350056893453
12	20260813	805	0.20595042558799997
12	20260813	806	0.2252851971926483
12	20260813	807	0.22772769548807054
12	20260813	808	0.2188160156173772
12	20260813	809	0.21203487307790375
12	20260813	810	0.21797981289144402
12	20260813	811	0.2029826993885667
12	20260813	812	0.21269721013617704
12	20260813	813	0.24164347510162942
12	20260813	814	0.24356877588146902
12	20260813	815	0.2546180971869523
12	20260813	816	0.21771958132642488
12	20260813	817	0.22354452876514877
12	20260813	818	0.23798961190584378
12	20260813	819	0.22536326795662753
12	20260813	820	0.2256116083470709
12	20260813	821	0.2311174096571021
12	20260813	822	0.22380192080839556
12	20260813	823	0.220893452316893
12	20260813	824	0.22430149043177972
12	20260813	825	0.24356578162141312
12	20260813	826	0.2308366897432063
12	20260813	827	0.22768727435260572
12	20260813	828	0.23080551207662342
12	20260813	829	0.21931278959604297
12	20260813	830	0.20754844599142983
12	20260813	831	0.23164734202057613
12	20260813	832	0.20370451031031736
12	20260813	833	0.23414018454576369
12	20260813	834	0.2179672526729221
12	20260813	835	0.2405966868242923
12	20260813	836	0.25634303632548877
12	20260813	837	0.24349191450483013
12	20260813	838	0.2088400442245631
12	20260813	839	0.2173897682118478
12	20260813	840	0.2073806259371513
12	20260813	841	0.20971887418974494
12	20260813	842	0.23280057944912252
12	20260813	843	0.2145796290497467
12	20260813	844	0.2285855571587977
12	20260813	845	0.2299274145780063
12	20260813	846	0.2488786417789861
12	20260813	847	0.24067983075570348
12	20260813	848	0.24928356361162016
12	20260813	849	0.2398192203301513
12	20260813	850	0.22343609323008462
12	20260813	851	0.2057518477966355
12	20260813	852	0.1908232743393139
12	20260813	853	0.23142021217398923
12	20260813	854	0.22497028356055443
12	20260813	855	0.23909862605333188
12	20260813	856	0.19419803420477114
12	20260813	857	0.22574546992505606
12	20260813	858	0.22920647568525238
12	20260813	859	0.2160968049689169
12	20260813	860	0.23322903899319136
12	20260813	861	0.21738369397451057
12	20260813	862	0.24599852497405064
12	20260813	863	0.2122937208506514
12	20260813	864	0.22660641633030038
12	20260813	865	0.24685344751894808
12	20260813	866	0.23707659445177065
12	20260813	867	0.2376605544370245
12	20260813	868	0.21512312617817142
12	20260813	869	0.19698591895297185
12	20260813	870	0.25474655184972333
12	20260813	871	0.22535674958946553
12	20260813	872	0.23455334807626216
12	20260813	873	0.2310012338691925
12	20260813	874	0.2258802325584115
12	20260813	875	0.24311427466966234
12	20260813	876	0.20303669871065477
12	20260813	877	0.22127304942998186
12	20260813	878	0.2293607255147208
12	20260813	879	0.237993022294753
12	20260813	880	0.21315517114439325
12	20260813	881	0.2118552272971231
12	20260813	882	0.22773697000814758
12	20260813	883	0.2269447281138932
12	20260813	884	0.24682528002542337
12	20260813	885	0.22906968381466114
12	20260813	886	0.22518118432601744
12	20260813	887	0.2395269925580455
12	20260813	888	0.23114836780984627
12	20260813	889	0.2329845735140224
12	20260813	890	0.22904884999983716
12	20260813	891	0.1999063560172748
12	20260813	892	0.21136206818673176
12	20260813	893	0.21385244517153085
12	20260813	894	0.19946710910085222
12	20260813	895	0.22700771943147985
12	20260813	896	0.22837245328596806
12	20260813	897	0.2325369665728787
12	20260813	898	0.22722977285263202
12	20260813	899	0.2115079018404374
12	20260813	900	0.2541487378063412
12	20260813	901	0.23198793055453915
12	20260813	902	0.25208509393377854
12	20260813	903	0.2143090797842292
12	20260813	904	0.2063651844321433
12	20260813	905	0.2499763088255223
12	20260813	906	0.20885572797932306
12	20260813	907	0.2307567560588636
12	20260813	908	0.20376739745646777
12	20260813	909	0.22806318520562907
12	20260813	910	0.20186778392774696
12	20260813	911	0.22952610716246397
12	20260813	912	0.23113356193618478
12	20260813	913	0.22965318865375733
12	20260813	914	0.2231176530655008
12	20260813	915	0.20951212283664988
12	20260813	916	0.22124955298762677
12	20260813	917	0.22659126258026846
12	20260813	918	0.20307467053855488
12	20260813	919	0.23059444792305867
12	20260813	920	0.1882618841737377
12	20260813	921	0.22529461824381863
12	20260813	922	0.22147508502121901
12	20260813	923	0.22248154314757201
12	20260813	924	0.20383675824444208
12	20260813	925	0.21778791450573742
12	20260813	926	0.23250396229690626
12	20260813	927	0.2282390028293409
12	20260813	928	0.22837926183731205
12	20260813	929	0.21693227976984944
12	20260813	930	0.21888628972913562
12	20260813	931	0.21253421485397267
12	20260813	932	0.24447761529310302
12	20260813	933	0.22892781358228653
12	20260813	934	0.2171772532556337
12	20260813	935	0.22449944794496718
12	20260813	936	0.2248223967546056
12	20260813	937	0.23222073066229348
12	20260813	938	0.2173335304368709
12	20260813	939	0.2353248454638977
12	20260813	940	0.2270323187046914
12	20260813	941	0.20932911978312058
12	20260813	942	0.25229528204379653
12	20260813	943	0.2204689935789152
12	20260813	944	0.22219576220501355
12	20260813	945	0.2208783670488278
12	20260813	946	0.20149803390095194
12	20260813	947	0.19975441622506906
12	20260813	948	0.21155277728387192
12	20260813	949	0.22401998209527338
12	20260813	950	0.2133845384555268
12	20260813	951	0.21428079843715794
12	20260813	952	0.20508903365352746
12	20260813	953	0.20937512989289606
12	20260813	954	0.20256555339367271
12	20260813	955	0.2235533781251049
12	20260813	956	0.23247122145402233
12	20260813	957	0.2204073246034052
12	20260813	958	0.21526137232134612
12	20260813	959	0.22937157654843265
12	20260813	960	0.2263238279276556
12	20260813	961	0.2173753547432901
12	20260813	962	0.22153703459159674
12	20260813	963	0.23614688296550565
12	20260813	964	0.23203677887214474
12	20260813	965	0.2594075332786149
12	20260813	966	0.22827687043843198
12	20260813	967	0.20852882663567165
12	20260813	968	0.24058322958374678
12	20260813	969	0.22756691834294246
12	20260813	970	0.220055818326133
12	20260813	971	0.2398022014334169
12	20260813	972	0.19371866864189907
12	20260813	973	0.21934252343014715
12	20260813	974	0.20575800117884185
12	20260813	975	0.2284266361404985
12	20260813	976	0.25005090589634515
12	20260813	977	0.19876196965248177
12	20260813	978	0.2273084417976995
12	20260813	979	0.22002472715004875
12	20260813	980	0.2320725560400771
12	20260813	981	0.22394883722773623
12	20260813	982	0.210072266335594
12	20260813	983	0.23932484776613586
12	20260813	984	0.2401980172695125
12	20260813	985	0.2343255186231926
12	20260813	986	0.19384825181693358
12	20260813	987	0.21890986177579586
12	20260813	988	0.24356052211693513
12	20260813	989	0.24506008630374027
12	20260813	990	0.20354631978147997
12	20260813	991	0.20572811516873507
12	20260813	992	0.2282554354565669
12	20260813	993	0.2473002072259607
12	20260813	994	0.20559240475285895
12	20260813	995	0.2285545297453078
12	20260813	996	0.22146683896586292
12	20260813	997	0.2323378802598957
12	20260813	998	0.22258501488909957
12	20260813	999	0.22812536668921807
