program	Level 3 Annotation	cells	gene_coverage	score_zero_fraction	detection_layer	gene	gene_detection_fraction
mregDC_like	ADM	3233	1.0	0.9740179399938138	raw UMI counts (same sparse zero pattern as X verified globally)		
mregDC_like	ADM	3233			raw UMI counts (same sparse zero pattern as X verified globally)	LAMP3	0.009279307145066501
mregDC_like	ADM	3233			raw UMI counts (same sparse zero pattern as X verified globally)	FSCN1	0.010516548097742036
mregDC_like	ADM	3233			raw UMI counts (same sparse zero pattern as X verified globally)	CCR7	0.0009279307145066501
mregDC_like	ADM	3233			raw UMI counts (same sparse zero pattern as X verified globally)	CCL19	0.0003093102381688834
mregDC_like	ADM	3233			raw UMI counts (same sparse zero pattern as X verified globally)	CD80	0.004330343334364367
mregDC_like	ADM	3233			raw UMI counts (same sparse zero pattern as X verified globally)	CD86	0.0012372409526755336
mregDC_like	Acinar	5171	1.0	0.9766002707406691	raw UMI counts (same sparse zero pattern as X verified globally)		
mregDC_like	Acinar	5171			raw UMI counts (same sparse zero pattern as X verified globally)	LAMP3	0.011023012956874878
mregDC_like	Acinar	5171			raw UMI counts (same sparse zero pattern as X verified globally)	FSCN1	0.0038677238445175015
mregDC_like	Acinar	5171			raw UMI counts (same sparse zero pattern as X verified globally)	CCR7	0.0009669309611293754
mregDC_like	Acinar	5171			raw UMI counts (same sparse zero pattern as X verified globally)	CCL19	0.00038677238445175013
mregDC_like	Acinar	5171			raw UMI counts (same sparse zero pattern as X verified globally)	CD80	0.004641268613421002
mregDC_like	Acinar	5171			raw UMI counts (same sparse zero pattern as X verified globally)	CD86	0.003094179075614001
mregDC_like	Acinar (REG+)	186	1.0	0.967741935483871	raw UMI counts (same sparse zero pattern as X verified globally)		
mregDC_like	Acinar (REG+)	186			raw UMI counts (same sparse zero pattern as X verified globally)	LAMP3	0.0
mregDC_like	Acinar (REG+)	186			raw UMI counts (same sparse zero pattern as X verified globally)	FSCN1	0.026881720430107527
mregDC_like	Acinar (REG+)	186			raw UMI counts (same sparse zero pattern as X verified globally)	CCR7	0.0
mregDC_like	Acinar (REG+)	186			raw UMI counts (same sparse zero pattern as X verified globally)	CCL19	0.0
mregDC_like	Acinar (REG+)	186			raw UMI counts (same sparse zero pattern as X verified globally)	CD80	0.0
mregDC_like	Acinar (REG+)	186			raw UMI counts (same sparse zero pattern as X verified globally)	CD86	0.005376344086021506
mregDC_like	Adipocyte	531	1.0	0.9623352165725048	raw UMI counts (same sparse zero pattern as X verified globally)		
mregDC_like	Adipocyte	531			raw UMI counts (same sparse zero pattern as X verified globally)	LAMP3	0.003766478342749529
mregDC_like	Adipocyte	531			raw UMI counts (same sparse zero pattern as X verified globally)	FSCN1	0.003766478342749529
mregDC_like	Adipocyte	531			raw UMI counts (same sparse zero pattern as X verified globally)	CCR7	0.005649717514124294
mregDC_like	Adipocyte	531			raw UMI counts (same sparse zero pattern as X verified globally)	CCL19	0.0
mregDC_like	Adipocyte	531			raw UMI counts (same sparse zero pattern as X verified globally)	CD80	0.0018832391713747645
mregDC_like	Adipocyte	531			raw UMI counts (same sparse zero pattern as X verified globally)	CD86	0.022598870056497175
mregDC_like	Alpha	2723	1.0	0.9955930958501653	raw UMI counts (same sparse zero pattern as X verified globally)		
mregDC_like	Alpha	2723			raw UMI counts (same sparse zero pattern as X verified globally)	LAMP3	0.0029379360998898272
mregDC_like	Alpha	2723			raw UMI counts (same sparse zero pattern as X verified globally)	FSCN1	0.0003672420124862284
mregDC_like	Alpha	2723			raw UMI counts (same sparse zero pattern as X verified globally)	CCR7	0.0
mregDC_like	Alpha	2723			raw UMI counts (same sparse zero pattern as X verified globally)	CCL19	0.0
mregDC_like	Alpha	2723			raw UMI counts (same sparse zero pattern as X verified globally)	CD80	0.0003672420124862284
mregDC_like	Alpha	2723			raw UMI counts (same sparse zero pattern as X verified globally)	CD86	0.0007344840249724568
mregDC_like	B	1573	1.0	0.7425301970756516	raw UMI counts (same sparse zero pattern as X verified globally)		
mregDC_like	B	1573			raw UMI counts (same sparse zero pattern as X verified globally)	LAMP3	0.009535918626827717
mregDC_like	B	1573			raw UMI counts (same sparse zero pattern as X verified globally)	FSCN1	0.0
mregDC_like	B	1573			raw UMI counts (same sparse zero pattern as X verified globally)	CCR7	0.1621106166560712
mregDC_like	B	1573			raw UMI counts (same sparse zero pattern as X verified globally)	CCL19	0.027972027972027972
mregDC_like	B	1573			raw UMI counts (same sparse zero pattern as X verified globally)	CD80	0.030514939605848695
mregDC_like	B	1573			raw UMI counts (same sparse zero pattern as X verified globally)	CD86	0.05785123966942149
mregDC_like	Beta	3152	1.0	0.9904822335025381	raw UMI counts (same sparse zero pattern as X verified globally)		
mregDC_like	Beta	3152			raw UMI counts (same sparse zero pattern as X verified globally)	LAMP3	0.004758883248730965
mregDC_like	Beta	3152			raw UMI counts (same sparse zero pattern as X verified globally)	FSCN1	0.0009517766497461929
mregDC_like	Beta	3152			raw UMI counts (same sparse zero pattern as X verified globally)	CCR7	0.0012690355329949238
mregDC_like	Beta	3152			raw UMI counts (same sparse zero pattern as X verified globally)	CCL19	0.00031725888324873094
mregDC_like	Beta	3152			raw UMI counts (same sparse zero pattern as X verified globally)	CD80	0.0015862944162436548
mregDC_like	Beta	3152			raw UMI counts (same sparse zero pattern as X verified globally)	CD86	0.0006345177664974619
mregDC_like	CAF	44369	1.0	0.9455250287362799	raw UMI counts (same sparse zero pattern as X verified globally)		
mregDC_like	CAF	44369			raw UMI counts (same sparse zero pattern as X verified globally)	LAMP3	0.0004733034325767991
mregDC_like	CAF	44369			raw UMI counts (same sparse zero pattern as X verified globally)	FSCN1	0.038585498884356195
mregDC_like	CAF	44369			raw UMI counts (same sparse zero pattern as X verified globally)	CCR7	0.0029750501476255944
mregDC_like	CAF	44369			raw UMI counts (same sparse zero pattern as X verified globally)	CCL19	0.01048029029277198
mregDC_like	CAF	44369			raw UMI counts (same sparse zero pattern as X verified globally)	CD80	0.001622754625977597
mregDC_like	CAF	44369			raw UMI counts (same sparse zero pattern as X verified globally)	CD86	0.0011945277107890645
mregDC_like	CD4+ T	1839	1.0	0.7232191408374117	raw UMI counts (same sparse zero pattern as X verified globally)		
mregDC_like	CD4+ T	1839			raw UMI counts (same sparse zero pattern as X verified globally)	LAMP3	0.001087547580206634
mregDC_like	CD4+ T	1839			raw UMI counts (same sparse zero pattern as X verified globally)	FSCN1	0.0
mregDC_like	CD4+ T	1839			raw UMI counts (same sparse zero pattern as X verified globally)	CCR7	0.27297444263186516
mregDC_like	CD4+ T	1839			raw UMI counts (same sparse zero pattern as X verified globally)	CCL19	0.0027188689505165853
mregDC_like	CD4+ T	1839			raw UMI counts (same sparse zero pattern as X verified globally)	CD80	0.0016313213703099511
mregDC_like	CD4+ T	1839			raw UMI counts (same sparse zero pattern as X verified globally)	CD86	0.002175095160413268
mregDC_like	CD8+ T	2526	1.0	0.9683293745051464	raw UMI counts (same sparse zero pattern as X verified globally)		
mregDC_like	CD8+ T	2526			raw UMI counts (same sparse zero pattern as X verified globally)	LAMP3	0.001979414093428345
mregDC_like	CD8+ T	2526			raw UMI counts (same sparse zero pattern as X verified globally)	FSCN1	0.000395882818685669
mregDC_like	CD8+ T	2526			raw UMI counts (same sparse zero pattern as X verified globally)	CCR7	0.022169437846397466
mregDC_like	CD8+ T	2526			raw UMI counts (same sparse zero pattern as X verified globally)	CCL19	0.0023752969121140144
mregDC_like	CD8+ T	2526			raw UMI counts (same sparse zero pattern as X verified globally)	CD80	0.003167062549485352
mregDC_like	CD8+ T	2526			raw UMI counts (same sparse zero pattern as X verified globally)	CD86	0.001979414093428345
mregDC_like	CD8+ T (dysfunctional)	967	1.0	0.9296794208893485	raw UMI counts (same sparse zero pattern as X verified globally)		
mregDC_like	CD8+ T (dysfunctional)	967			raw UMI counts (same sparse zero pattern as X verified globally)	LAMP3	0.001034126163391934
mregDC_like	CD8+ T (dysfunctional)	967			raw UMI counts (same sparse zero pattern as X verified globally)	FSCN1	0.0
mregDC_like	CD8+ T (dysfunctional)	967			raw UMI counts (same sparse zero pattern as X verified globally)	CCR7	0.0641158221302999
mregDC_like	CD8+ T (dysfunctional)	967			raw UMI counts (same sparse zero pattern as X verified globally)	CCL19	0.002068252326783868
mregDC_like	CD8+ T (dysfunctional)	967			raw UMI counts (same sparse zero pattern as X verified globally)	CD80	0.0031023784901758012
mregDC_like	CD8+ T (dysfunctional)	967			raw UMI counts (same sparse zero pattern as X verified globally)	CD86	0.0
mregDC_like	CD8+ T (progenitor dysfunctional)	142	1.0	0.9014084507042254	raw UMI counts (same sparse zero pattern as X verified globally)		
mregDC_like	CD8+ T (progenitor dysfunctional)	142			raw UMI counts (same sparse zero pattern as X verified globally)	LAMP3	0.007042253521126761
mregDC_like	CD8+ T (progenitor dysfunctional)	142			raw UMI counts (same sparse zero pattern as X verified globally)	FSCN1	0.0
mregDC_like	CD8+ T (progenitor dysfunctional)	142			raw UMI counts (same sparse zero pattern as X verified globally)	CCR7	0.08450704225352113
mregDC_like	CD8+ T (progenitor dysfunctional)	142			raw UMI counts (same sparse zero pattern as X verified globally)	CCL19	0.0
mregDC_like	CD8+ T (progenitor dysfunctional)	142			raw UMI counts (same sparse zero pattern as X verified globally)	CD80	0.0
mregDC_like	CD8+ T (progenitor dysfunctional)	142			raw UMI counts (same sparse zero pattern as X verified globally)	CD86	0.007042253521126761
mregDC_like	CD8+ T (terminally dysfunctional)	419	1.0	0.9689737470167065	raw UMI counts (same sparse zero pattern as X verified globally)		
mregDC_like	CD8+ T (terminally dysfunctional)	419			raw UMI counts (same sparse zero pattern as X verified globally)	LAMP3	0.0
mregDC_like	CD8+ T (terminally dysfunctional)	419			raw UMI counts (same sparse zero pattern as X verified globally)	FSCN1	0.0
mregDC_like	CD8+ T (terminally dysfunctional)	419			raw UMI counts (same sparse zero pattern as X verified globally)	CCR7	0.01909307875894988
mregDC_like	CD8+ T (terminally dysfunctional)	419			raw UMI counts (same sparse zero pattern as X verified globally)	CCL19	0.0
mregDC_like	CD8+ T (terminally dysfunctional)	419			raw UMI counts (same sparse zero pattern as X verified globally)	CD80	0.007159904534606206
mregDC_like	CD8+ T (terminally dysfunctional)	419			raw UMI counts (same sparse zero pattern as X verified globally)	CD86	0.00477326968973747
mregDC_like	Delta	556	1.0	0.9928057553956835	raw UMI counts (same sparse zero pattern as X verified globally)		
mregDC_like	Delta	556			raw UMI counts (same sparse zero pattern as X verified globally)	LAMP3	0.0035971223021582736
mregDC_like	Delta	556			raw UMI counts (same sparse zero pattern as X verified globally)	FSCN1	0.0035971223021582736
mregDC_like	Delta	556			raw UMI counts (same sparse zero pattern as X verified globally)	CCR7	0.0
mregDC_like	Delta	556			raw UMI counts (same sparse zero pattern as X verified globally)	CCL19	0.0
mregDC_like	Delta	556			raw UMI counts (same sparse zero pattern as X verified globally)	CD80	0.0
mregDC_like	Delta	556			raw UMI counts (same sparse zero pattern as X verified globally)	CD86	0.0
mregDC_like	Dendritic (activated)	91	1.0	0.054945054945054944	raw UMI counts (same sparse zero pattern as X verified globally)		
mregDC_like	Dendritic (activated)	91			raw UMI counts (same sparse zero pattern as X verified globally)	LAMP3	0.7252747252747253
mregDC_like	Dendritic (activated)	91			raw UMI counts (same sparse zero pattern as X verified globally)	FSCN1	0.14285714285714285
mregDC_like	Dendritic (activated)	91			raw UMI counts (same sparse zero pattern as X verified globally)	CCR7	0.6923076923076923
mregDC_like	Dendritic (activated)	91			raw UMI counts (same sparse zero pattern as X verified globally)	CCL19	0.01098901098901099
mregDC_like	Dendritic (activated)	91			raw UMI counts (same sparse zero pattern as X verified globally)	CD80	0.3956043956043956
mregDC_like	Dendritic (activated)	91			raw UMI counts (same sparse zero pattern as X verified globally)	CD86	0.27472527472527475
mregDC_like	Dendritic (conventional type 1)	181	1.0	0.56353591160221	raw UMI counts (same sparse zero pattern as X verified globally)		
mregDC_like	Dendritic (conventional type 1)	181			raw UMI counts (same sparse zero pattern as X verified globally)	LAMP3	0.049723756906077346
mregDC_like	Dendritic (conventional type 1)	181			raw UMI counts (same sparse zero pattern as X verified globally)	FSCN1	0.016574585635359115
mregDC_like	Dendritic (conventional type 1)	181			raw UMI counts (same sparse zero pattern as X verified globally)	CCR7	0.03314917127071823
mregDC_like	Dendritic (conventional type 1)	181			raw UMI counts (same sparse zero pattern as X verified globally)	CCL19	0.0055248618784530384
mregDC_like	Dendritic (conventional type 1)	181			raw UMI counts (same sparse zero pattern as X verified globally)	CD80	0.16574585635359115
mregDC_like	Dendritic (conventional type 1)	181			raw UMI counts (same sparse zero pattern as X verified globally)	CD86	0.30386740331491713
mregDC_like	Dendritic (conventional type 2)	1008	1.0	0.4384920634920635	raw UMI counts (same sparse zero pattern as X verified globally)		
mregDC_like	Dendritic (conventional type 2)	1008			raw UMI counts (same sparse zero pattern as X verified globally)	LAMP3	0.04662698412698413
mregDC_like	Dendritic (conventional type 2)	1008			raw UMI counts (same sparse zero pattern as X verified globally)	FSCN1	0.005952380952380952
mregDC_like	Dendritic (conventional type 2)	1008			raw UMI counts (same sparse zero pattern as X verified globally)	CCR7	0.007936507936507936
mregDC_like	Dendritic (conventional type 2)	1008			raw UMI counts (same sparse zero pattern as X verified globally)	CCL19	0.0
mregDC_like	Dendritic (conventional type 2)	1008			raw UMI counts (same sparse zero pattern as X verified globally)	CD80	0.19047619047619047
mregDC_like	Dendritic (conventional type 2)	1008			raw UMI counts (same sparse zero pattern as X verified globally)	CD86	0.48214285714285715
mregDC_like	Dendritic (plasmacytoid)	139	1.0	0.7194244604316546	raw UMI counts (same sparse zero pattern as X verified globally)		
mregDC_like	Dendritic (plasmacytoid)	139			raw UMI counts (same sparse zero pattern as X verified globally)	LAMP3	0.03597122302158273
mregDC_like	Dendritic (plasmacytoid)	139			raw UMI counts (same sparse zero pattern as X verified globally)	FSCN1	0.007194244604316547
mregDC_like	Dendritic (plasmacytoid)	139			raw UMI counts (same sparse zero pattern as X verified globally)	CCR7	0.1366906474820144
mregDC_like	Dendritic (plasmacytoid)	139			raw UMI counts (same sparse zero pattern as X verified globally)	CCL19	0.014388489208633094
mregDC_like	Dendritic (plasmacytoid)	139			raw UMI counts (same sparse zero pattern as X verified globally)	CD80	0.03597122302158273
mregDC_like	Dendritic (plasmacytoid)	139			raw UMI counts (same sparse zero pattern as X verified globally)	CD86	0.07913669064748201
mregDC_like	Ductal	24627	1.0	0.989686116863605	raw UMI counts (same sparse zero pattern as X verified globally)		
mregDC_like	Ductal	24627			raw UMI counts (same sparse zero pattern as X verified globally)	LAMP3	0.005725423315872822
mregDC_like	Ductal	24627			raw UMI counts (same sparse zero pattern as X verified globally)	FSCN1	0.0023145328298209283
mregDC_like	Ductal	24627			raw UMI counts (same sparse zero pattern as X verified globally)	CCR7	0.0004872700694359849
mregDC_like	Ductal	24627			raw UMI counts (same sparse zero pattern as X verified globally)	CCL19	0.00012181751735899622
mregDC_like	Ductal	24627			raw UMI counts (same sparse zero pattern as X verified globally)	CD80	0.0009339342997523043
mregDC_like	Ductal	24627			raw UMI counts (same sparse zero pattern as X verified globally)	CD86	0.0007715109432736428
mregDC_like	Ductal (atypical)	4991	1.0	0.9881787216990583	raw UMI counts (same sparse zero pattern as X verified globally)		
mregDC_like	Ductal (atypical)	4991			raw UMI counts (same sparse zero pattern as X verified globally)	LAMP3	0.006611901422560609
mregDC_like	Ductal (atypical)	4991			raw UMI counts (same sparse zero pattern as X verified globally)	FSCN1	0.0022039671408535366
mregDC_like	Ductal (atypical)	4991			raw UMI counts (same sparse zero pattern as X verified globally)	CCR7	0.0008014425966740132
mregDC_like	Ductal (atypical)	4991			raw UMI counts (same sparse zero pattern as X verified globally)	CCL19	0.0002003606491685033
mregDC_like	Ductal (atypical)	4991			raw UMI counts (same sparse zero pattern as X verified globally)	CD80	0.001402524544179523
mregDC_like	Ductal (atypical)	4991			raw UMI counts (same sparse zero pattern as X verified globally)	CD86	0.0008014425966740132
mregDC_like	Epsilon	46	1.0	1.0	raw UMI counts (same sparse zero pattern as X verified globally)		
mregDC_like	Epsilon	46			raw UMI counts (same sparse zero pattern as X verified globally)	LAMP3	0.0
mregDC_like	Epsilon	46			raw UMI counts (same sparse zero pattern as X verified globally)	FSCN1	0.0
mregDC_like	Epsilon	46			raw UMI counts (same sparse zero pattern as X verified globally)	CCR7	0.0
mregDC_like	Epsilon	46			raw UMI counts (same sparse zero pattern as X verified globally)	CCL19	0.0
mregDC_like	Epsilon	46			raw UMI counts (same sparse zero pattern as X verified globally)	CD80	0.0
mregDC_like	Epsilon	46			raw UMI counts (same sparse zero pattern as X verified globally)	CD86	0.0
mregDC_like	Gamma	1716	1.0	0.9918414918414918	raw UMI counts (same sparse zero pattern as X verified globally)		
mregDC_like	Gamma	1716			raw UMI counts (same sparse zero pattern as X verified globally)	LAMP3	0.0034965034965034965
mregDC_like	Gamma	1716			raw UMI counts (same sparse zero pattern as X verified globally)	FSCN1	0.002913752913752914
mregDC_like	Gamma	1716			raw UMI counts (same sparse zero pattern as X verified globally)	CCR7	0.0
mregDC_like	Gamma	1716			raw UMI counts (same sparse zero pattern as X verified globally)	CCL19	0.0
mregDC_like	Gamma	1716			raw UMI counts (same sparse zero pattern as X verified globally)	CD80	0.0005827505827505828
mregDC_like	Gamma	1716			raw UMI counts (same sparse zero pattern as X verified globally)	CD86	0.0017482517482517483
mregDC_like	Hormone-negative neuroendocrine	1608	1.0	0.9894278606965174	raw UMI counts (same sparse zero pattern as X verified globally)		
mregDC_like	Hormone-negative neuroendocrine	1608			raw UMI counts (same sparse zero pattern as X verified globally)	LAMP3	0.00808457711442786
mregDC_like	Hormone-negative neuroendocrine	1608			raw UMI counts (same sparse zero pattern as X verified globally)	FSCN1	0.0006218905472636816
mregDC_like	Hormone-negative neuroendocrine	1608			raw UMI counts (same sparse zero pattern as X verified globally)	CCR7	0.0006218905472636816
mregDC_like	Hormone-negative neuroendocrine	1608			raw UMI counts (same sparse zero pattern as X verified globally)	CCL19	0.0006218905472636816
mregDC_like	Hormone-negative neuroendocrine	1608			raw UMI counts (same sparse zero pattern as X verified globally)	CD80	0.0006218905472636816
mregDC_like	Hormone-negative neuroendocrine	1608			raw UMI counts (same sparse zero pattern as X verified globally)	CD86	0.0006218905472636816
mregDC_like	Intra-pancreatic neurons	25	1.0	0.88	raw UMI counts (same sparse zero pattern as X verified globally)		
mregDC_like	Intra-pancreatic neurons	25			raw UMI counts (same sparse zero pattern as X verified globally)	LAMP3	0.0
mregDC_like	Intra-pancreatic neurons	25			raw UMI counts (same sparse zero pattern as X verified globally)	FSCN1	0.12
mregDC_like	Intra-pancreatic neurons	25			raw UMI counts (same sparse zero pattern as X verified globally)	CCR7	0.0
mregDC_like	Intra-pancreatic neurons	25			raw UMI counts (same sparse zero pattern as X verified globally)	CCL19	0.0
mregDC_like	Intra-pancreatic neurons	25			raw UMI counts (same sparse zero pattern as X verified globally)	CD80	0.0
mregDC_like	Intra-pancreatic neurons	25			raw UMI counts (same sparse zero pattern as X verified globally)	CD86	0.0
mregDC_like	Lymphatic	1645	1.0	0.8626139817629179	raw UMI counts (same sparse zero pattern as X verified globally)		
mregDC_like	Lymphatic	1645			raw UMI counts (same sparse zero pattern as X verified globally)	LAMP3	0.01398176291793313
mregDC_like	Lymphatic	1645			raw UMI counts (same sparse zero pattern as X verified globally)	FSCN1	0.1088145896656535
mregDC_like	Lymphatic	1645			raw UMI counts (same sparse zero pattern as X verified globally)	CCR7	0.01033434650455927
mregDC_like	Lymphatic	1645			raw UMI counts (same sparse zero pattern as X verified globally)	CCL19	0.00303951367781155
mregDC_like	Lymphatic	1645			raw UMI counts (same sparse zero pattern as X verified globally)	CD80	0.0024316109422492403
mregDC_like	Lymphatic	1645			raw UMI counts (same sparse zero pattern as X verified globally)	CD86	0.004863221884498481
mregDC_like	Macrophage	10140	1.0	0.6689349112426035	raw UMI counts (same sparse zero pattern as X verified globally)		
mregDC_like	Macrophage	10140			raw UMI counts (same sparse zero pattern as X verified globally)	LAMP3	0.004240631163708087
mregDC_like	Macrophage	10140			raw UMI counts (same sparse zero pattern as X verified globally)	FSCN1	0.005226824457593688
mregDC_like	Macrophage	10140			raw UMI counts (same sparse zero pattern as X verified globally)	CCR7	0.0053254437869822485
mregDC_like	Macrophage	10140			raw UMI counts (same sparse zero pattern as X verified globally)	CCL19	0.0004930966469428008
mregDC_like	Macrophage	10140			raw UMI counts (same sparse zero pattern as X verified globally)	CD80	0.05601577909270217
mregDC_like	Macrophage	10140			raw UMI counts (same sparse zero pattern as X verified globally)	CD86	0.29201183431952665
mregDC_like	Malignant	64538	1.0	0.943056803743531	raw UMI counts (same sparse zero pattern as X verified globally)		
mregDC_like	Malignant	64538			raw UMI counts (same sparse zero pattern as X verified globally)	LAMP3	0.005516130031919179
mregDC_like	Malignant	64538			raw UMI counts (same sparse zero pattern as X verified globally)	FSCN1	0.04834361151569618
mregDC_like	Malignant	64538			raw UMI counts (same sparse zero pattern as X verified globally)	CCR7	0.002200254113855403
mregDC_like	Malignant	64538			raw UMI counts (same sparse zero pattern as X verified globally)	CCL19	0.000635284638507546
mregDC_like	Malignant	64538			raw UMI counts (same sparse zero pattern as X verified globally)	CD80	0.0009296848368403111
mregDC_like	Malignant	64538			raw UMI counts (same sparse zero pattern as X verified globally)	CD86	0.0013790325079797948
mregDC_like	Mast	281	1.0	0.9715302491103203	raw UMI counts (same sparse zero pattern as X verified globally)		
mregDC_like	Mast	281			raw UMI counts (same sparse zero pattern as X verified globally)	LAMP3	0.0
mregDC_like	Mast	281			raw UMI counts (same sparse zero pattern as X verified globally)	FSCN1	0.0035587188612099642
mregDC_like	Mast	281			raw UMI counts (same sparse zero pattern as X verified globally)	CCR7	0.0071174377224199285
mregDC_like	Mast	281			raw UMI counts (same sparse zero pattern as X verified globally)	CCL19	0.0035587188612099642
mregDC_like	Mast	281			raw UMI counts (same sparse zero pattern as X verified globally)	CD80	0.0071174377224199285
mregDC_like	Mast	281			raw UMI counts (same sparse zero pattern as X verified globally)	CD86	0.0071174377224199285
mregDC_like	Natural killer	927	1.0	0.9654800431499461	raw UMI counts (same sparse zero pattern as X verified globally)		
mregDC_like	Natural killer	927			raw UMI counts (same sparse zero pattern as X verified globally)	LAMP3	0.003236245954692557
mregDC_like	Natural killer	927			raw UMI counts (same sparse zero pattern as X verified globally)	FSCN1	0.0
mregDC_like	Natural killer	927			raw UMI counts (same sparse zero pattern as X verified globally)	CCR7	0.018338727076591153
mregDC_like	Natural killer	927			raw UMI counts (same sparse zero pattern as X verified globally)	CCL19	0.002157497303128371
mregDC_like	Natural killer	927			raw UMI counts (same sparse zero pattern as X verified globally)	CD80	0.005393743257820928
mregDC_like	Natural killer	927			raw UMI counts (same sparse zero pattern as X verified globally)	CD86	0.007551240560949299
mregDC_like	Neutrophil	98	1.0	0.9795918367346939	raw UMI counts (same sparse zero pattern as X verified globally)		
mregDC_like	Neutrophil	98			raw UMI counts (same sparse zero pattern as X verified globally)	LAMP3	0.0
mregDC_like	Neutrophil	98			raw UMI counts (same sparse zero pattern as X verified globally)	FSCN1	0.01020408163265306
mregDC_like	Neutrophil	98			raw UMI counts (same sparse zero pattern as X verified globally)	CCR7	0.0
mregDC_like	Neutrophil	98			raw UMI counts (same sparse zero pattern as X verified globally)	CCL19	0.0
mregDC_like	Neutrophil	98			raw UMI counts (same sparse zero pattern as X verified globally)	CD80	0.0
mregDC_like	Neutrophil	98			raw UMI counts (same sparse zero pattern as X verified globally)	CD86	0.02040816326530612
mregDC_like	Pericyte	11779	1.0	0.9549197724764411	raw UMI counts (same sparse zero pattern as X verified globally)		
mregDC_like	Pericyte	11779			raw UMI counts (same sparse zero pattern as X verified globally)	LAMP3	0.0018677307071907632
mregDC_like	Pericyte	11779			raw UMI counts (same sparse zero pattern as X verified globally)	FSCN1	0.024280499193479924
mregDC_like	Pericyte	11779			raw UMI counts (same sparse zero pattern as X verified globally)	CCR7	0.004329739366669497
mregDC_like	Pericyte	11779			raw UMI counts (same sparse zero pattern as X verified globally)	CCL19	0.010187622039222344
mregDC_like	Pericyte	11779			raw UMI counts (same sparse zero pattern as X verified globally)	CD80	0.0037354614143815263
mregDC_like	Pericyte	11779			raw UMI counts (same sparse zero pattern as X verified globally)	CD86	0.0029713897614398505
mregDC_like	Plasma	282	1.0	0.7659574468085106	raw UMI counts (same sparse zero pattern as X verified globally)		
mregDC_like	Plasma	282			raw UMI counts (same sparse zero pattern as X verified globally)	LAMP3	0.010638297872340425
mregDC_like	Plasma	282			raw UMI counts (same sparse zero pattern as X verified globally)	FSCN1	0.0035460992907801418
mregDC_like	Plasma	282			raw UMI counts (same sparse zero pattern as X verified globally)	CCR7	0.1099290780141844
mregDC_like	Plasma	282			raw UMI counts (same sparse zero pattern as X verified globally)	CCL19	0.01773049645390071
mregDC_like	Plasma	282			raw UMI counts (same sparse zero pattern as X verified globally)	CD80	0.02127659574468085
mregDC_like	Plasma	282			raw UMI counts (same sparse zero pattern as X verified globally)	CD86	0.09219858156028368
mregDC_like	Schwann	1824	1.0	0.9736842105263158	raw UMI counts (same sparse zero pattern as X verified globally)		
mregDC_like	Schwann	1824			raw UMI counts (same sparse zero pattern as X verified globally)	LAMP3	0.0021929824561403508
mregDC_like	Schwann	1824			raw UMI counts (same sparse zero pattern as X verified globally)	FSCN1	0.013706140350877192
mregDC_like	Schwann	1824			raw UMI counts (same sparse zero pattern as X verified globally)	CCR7	0.003837719298245614
mregDC_like	Schwann	1824			raw UMI counts (same sparse zero pattern as X verified globally)	CCL19	0.0027412280701754384
mregDC_like	Schwann	1824			raw UMI counts (same sparse zero pattern as X verified globally)	CD80	0.0005482456140350877
mregDC_like	Schwann	1824			raw UMI counts (same sparse zero pattern as X verified globally)	CD86	0.003837719298245614
mregDC_like	Treg	463	1.0	0.8898488120950324	raw UMI counts (same sparse zero pattern as X verified globally)		
mregDC_like	Treg	463			raw UMI counts (same sparse zero pattern as X verified globally)	LAMP3	0.0064794816414686825
mregDC_like	Treg	463			raw UMI counts (same sparse zero pattern as X verified globally)	FSCN1	0.0
mregDC_like	Treg	463			raw UMI counts (same sparse zero pattern as X verified globally)	CCR7	0.0734341252699784
mregDC_like	Treg	463			raw UMI counts (same sparse zero pattern as X verified globally)	CCL19	0.0021598272138228943
mregDC_like	Treg	463			raw UMI counts (same sparse zero pattern as X verified globally)	CD80	0.019438444924406047
mregDC_like	Treg	463			raw UMI counts (same sparse zero pattern as X verified globally)	CD86	0.008639308855291577
mregDC_like	Treg (activated)	266	1.0	0.8721804511278195	raw UMI counts (same sparse zero pattern as X verified globally)		
mregDC_like	Treg (activated)	266			raw UMI counts (same sparse zero pattern as X verified globally)	LAMP3	0.0
mregDC_like	Treg (activated)	266			raw UMI counts (same sparse zero pattern as X verified globally)	FSCN1	0.0
mregDC_like	Treg (activated)	266			raw UMI counts (same sparse zero pattern as X verified globally)	CCR7	0.09022556390977443
mregDC_like	Treg (activated)	266			raw UMI counts (same sparse zero pattern as X verified globally)	CCL19	0.0
mregDC_like	Treg (activated)	266			raw UMI counts (same sparse zero pattern as X verified globally)	CD80	0.03383458646616541
mregDC_like	Treg (activated)	266			raw UMI counts (same sparse zero pattern as X verified globally)	CD86	0.015037593984962405
mregDC_like	Treg (quiescent)	119	1.0	0.7563025210084033	raw UMI counts (same sparse zero pattern as X verified globally)		
mregDC_like	Treg (quiescent)	119			raw UMI counts (same sparse zero pattern as X verified globally)	LAMP3	0.0
mregDC_like	Treg (quiescent)	119			raw UMI counts (same sparse zero pattern as X verified globally)	FSCN1	0.0
mregDC_like	Treg (quiescent)	119			raw UMI counts (same sparse zero pattern as X verified globally)	CCR7	0.2184873949579832
mregDC_like	Treg (quiescent)	119			raw UMI counts (same sparse zero pattern as X verified globally)	CCL19	0.008403361344537815
mregDC_like	Treg (quiescent)	119			raw UMI counts (same sparse zero pattern as X verified globally)	CD80	0.0
mregDC_like	Treg (quiescent)	119			raw UMI counts (same sparse zero pattern as X verified globally)	CD86	0.025210084033613446
mregDC_like	Vascular	15530	1.0	0.9261429491307147	raw UMI counts (same sparse zero pattern as X verified globally)		
mregDC_like	Vascular	15530			raw UMI counts (same sparse zero pattern as X verified globally)	LAMP3	0.006825499034127496
mregDC_like	Vascular	15530			raw UMI counts (same sparse zero pattern as X verified globally)	FSCN1	0.062459755312298776
mregDC_like	Vascular	15530			raw UMI counts (same sparse zero pattern as X verified globally)	CCR7	0.002189311010946555
mregDC_like	Vascular	15530			raw UMI counts (same sparse zero pattern as X verified globally)	CCL19	0.0009658725048293626
mregDC_like	Vascular	15530			raw UMI counts (same sparse zero pattern as X verified globally)	CD80	0.0008370895041854475
mregDC_like	Vascular	15530			raw UMI counts (same sparse zero pattern as X verified globally)	CD86	0.00231809401159047
mregDC_like	Vascular smooth muscle	4711	1.0	0.9870515814052219	raw UMI counts (same sparse zero pattern as X verified globally)		
mregDC_like	Vascular smooth muscle	4711			raw UMI counts (same sparse zero pattern as X verified globally)	LAMP3	0.00021226915729144556
mregDC_like	Vascular smooth muscle	4711			raw UMI counts (same sparse zero pattern as X verified globally)	FSCN1	0.004669921460411802
mregDC_like	Vascular smooth muscle	4711			raw UMI counts (same sparse zero pattern as X verified globally)	CCR7	0.0014858841010401188
mregDC_like	Vascular smooth muscle	4711			raw UMI counts (same sparse zero pattern as X verified globally)	CCL19	0.0008490766291657822
mregDC_like	Vascular smooth muscle	4711			raw UMI counts (same sparse zero pattern as X verified globally)	CD80	0.0057312672468690295
mregDC_like	Vascular smooth muscle	4711			raw UMI counts (same sparse zero pattern as X verified globally)	CD86	0.00021226915729144556
mregDC_like	myCAF	10566	1.0	0.9429301533219762	raw UMI counts (same sparse zero pattern as X verified globally)		
mregDC_like	myCAF	10566			raw UMI counts (same sparse zero pattern as X verified globally)	LAMP3	0.0001892863903085368
mregDC_like	myCAF	10566			raw UMI counts (same sparse zero pattern as X verified globally)	FSCN1	0.05148589816392202
mregDC_like	myCAF	10566			raw UMI counts (same sparse zero pattern as X verified globally)	CCR7	0.0026500094643195156
mregDC_like	myCAF	10566			raw UMI counts (same sparse zero pattern as X verified globally)	CCL19	0.0001892863903085368
mregDC_like	myCAF	10566			raw UMI counts (same sparse zero pattern as X verified globally)	CD80	0.001135718341851221
mregDC_like	myCAF	10566			raw UMI counts (same sparse zero pattern as X verified globally)	CD86	0.0018928639030853683
Tfh_like	ADM	3233	1.0	0.7092483761212496	raw UMI counts (same sparse zero pattern as X verified globally)		
Tfh_like	ADM	3233			raw UMI counts (same sparse zero pattern as X verified globally)	CD3D	0.0003093102381688834
Tfh_like	ADM	3233			raw UMI counts (same sparse zero pattern as X verified globally)	CD3E	0.0006186204763377668
Tfh_like	ADM	3233			raw UMI counts (same sparse zero pattern as X verified globally)	CD4	0.003093102381688834
Tfh_like	ADM	3233			raw UMI counts (same sparse zero pattern as X verified globally)	CXCR5	0.0024744819053510673
Tfh_like	ADM	3233			raw UMI counts (same sparse zero pattern as X verified globally)	PDCD1	0.0
Tfh_like	ADM	3233			raw UMI counts (same sparse zero pattern as X verified globally)	ICOS	0.0003093102381688834
Tfh_like	ADM	3233			raw UMI counts (same sparse zero pattern as X verified globally)	BCL6	0.28023507578100837
Tfh_like	ADM	3233			raw UMI counts (same sparse zero pattern as X verified globally)	IL7R	0.005876894525208784
Tfh_like	ADM	3233			raw UMI counts (same sparse zero pattern as X verified globally)	CXCL13	0.005258274048871018
Tfh_like	Acinar	5171	1.0	0.7830206923225682	raw UMI counts (same sparse zero pattern as X verified globally)		
Tfh_like	Acinar	5171			raw UMI counts (same sparse zero pattern as X verified globally)	CD3D	0.00019338619222587506
Tfh_like	Acinar	5171			raw UMI counts (same sparse zero pattern as X verified globally)	CD3E	0.0005801585766776252
Tfh_like	Acinar	5171			raw UMI counts (same sparse zero pattern as X verified globally)	CD4	0.003094179075614001
Tfh_like	Acinar	5171			raw UMI counts (same sparse zero pattern as X verified globally)	CXCR5	0.0011603171533552505
Tfh_like	Acinar	5171			raw UMI counts (same sparse zero pattern as X verified globally)	PDCD1	0.0
Tfh_like	Acinar	5171			raw UMI counts (same sparse zero pattern as X verified globally)	ICOS	0.00019338619222587506
Tfh_like	Acinar	5171			raw UMI counts (same sparse zero pattern as X verified globally)	BCL6	0.21001740475730032
Tfh_like	Acinar	5171			raw UMI counts (same sparse zero pattern as X verified globally)	IL7R	0.0025140204989363758
Tfh_like	Acinar	5171			raw UMI counts (same sparse zero pattern as X verified globally)	CXCL13	0.0017404757300328757
Tfh_like	Acinar (REG+)	186	1.0	0.9408602150537635	raw UMI counts (same sparse zero pattern as X verified globally)		
Tfh_like	Acinar (REG+)	186			raw UMI counts (same sparse zero pattern as X verified globally)	CD3D	0.005376344086021506
Tfh_like	Acinar (REG+)	186			raw UMI counts (same sparse zero pattern as X verified globally)	CD3E	0.0
Tfh_like	Acinar (REG+)	186			raw UMI counts (same sparse zero pattern as X verified globally)	CD4	0.0
Tfh_like	Acinar (REG+)	186			raw UMI counts (same sparse zero pattern as X verified globally)	CXCR5	0.0
Tfh_like	Acinar (REG+)	186			raw UMI counts (same sparse zero pattern as X verified globally)	PDCD1	0.0
Tfh_like	Acinar (REG+)	186			raw UMI counts (same sparse zero pattern as X verified globally)	ICOS	0.0
Tfh_like	Acinar (REG+)	186			raw UMI counts (same sparse zero pattern as X verified globally)	BCL6	0.04838709677419355
Tfh_like	Acinar (REG+)	186			raw UMI counts (same sparse zero pattern as X verified globally)	IL7R	0.0
Tfh_like	Acinar (REG+)	186			raw UMI counts (same sparse zero pattern as X verified globally)	CXCL13	0.005376344086021506
Tfh_like	Adipocyte	531	1.0	0.4595103578154426	raw UMI counts (same sparse zero pattern as X verified globally)		
Tfh_like	Adipocyte	531			raw UMI counts (same sparse zero pattern as X verified globally)	CD3D	0.0018832391713747645
Tfh_like	Adipocyte	531			raw UMI counts (same sparse zero pattern as X verified globally)	CD3E	0.0
Tfh_like	Adipocyte	531			raw UMI counts (same sparse zero pattern as X verified globally)	CD4	0.013182674199623353
Tfh_like	Adipocyte	531			raw UMI counts (same sparse zero pattern as X verified globally)	CXCR5	0.015065913370998116
Tfh_like	Adipocyte	531			raw UMI counts (same sparse zero pattern as X verified globally)	PDCD1	0.003766478342749529
Tfh_like	Adipocyte	531			raw UMI counts (same sparse zero pattern as X verified globally)	ICOS	0.005649717514124294
Tfh_like	Adipocyte	531			raw UMI counts (same sparse zero pattern as X verified globally)	BCL6	0.4971751412429379
Tfh_like	Adipocyte	531			raw UMI counts (same sparse zero pattern as X verified globally)	IL7R	0.02448210922787194
Tfh_like	Adipocyte	531			raw UMI counts (same sparse zero pattern as X verified globally)	CXCL13	0.003766478342749529
Tfh_like	Alpha	2723	1.0	0.95813441057657	raw UMI counts (same sparse zero pattern as X verified globally)		
Tfh_like	Alpha	2723			raw UMI counts (same sparse zero pattern as X verified globally)	CD3D	0.0003672420124862284
Tfh_like	Alpha	2723			raw UMI counts (same sparse zero pattern as X verified globally)	CD3E	0.0014689680499449136
Tfh_like	Alpha	2723			raw UMI counts (same sparse zero pattern as X verified globally)	CD4	0.005141388174807198
Tfh_like	Alpha	2723			raw UMI counts (same sparse zero pattern as X verified globally)	CXCR5	0.0014689680499449136
Tfh_like	Alpha	2723			raw UMI counts (same sparse zero pattern as X verified globally)	PDCD1	0.0
Tfh_like	Alpha	2723			raw UMI counts (same sparse zero pattern as X verified globally)	ICOS	0.0011017260374586854
Tfh_like	Alpha	2723			raw UMI counts (same sparse zero pattern as X verified globally)	BCL6	0.029012118986412046
Tfh_like	Alpha	2723			raw UMI counts (same sparse zero pattern as X verified globally)	IL7R	0.001836210062431142
Tfh_like	Alpha	2723			raw UMI counts (same sparse zero pattern as X verified globally)	CXCL13	0.002570694087403599
Tfh_like	B	1573	1.0	0.6166560712015258	raw UMI counts (same sparse zero pattern as X verified globally)		
Tfh_like	B	1573			raw UMI counts (same sparse zero pattern as X verified globally)	CD3D	0.02225047679593134
Tfh_like	B	1573			raw UMI counts (same sparse zero pattern as X verified globally)	CD3E	0.04132231404958678
Tfh_like	B	1573			raw UMI counts (same sparse zero pattern as X verified globally)	CD4	0.07183725365543547
Tfh_like	B	1573			raw UMI counts (same sparse zero pattern as X verified globally)	CXCR5	0.09853782581055308
Tfh_like	B	1573			raw UMI counts (same sparse zero pattern as X verified globally)	PDCD1	0.0050858232676414495
Tfh_like	B	1573			raw UMI counts (same sparse zero pattern as X verified globally)	ICOS	0.040050858232676415
Tfh_like	B	1573			raw UMI counts (same sparse zero pattern as X verified globally)	BCL6	0.06357279084551812
Tfh_like	B	1573			raw UMI counts (same sparse zero pattern as X verified globally)	IL7R	0.20152574698029244
Tfh_like	B	1573			raw UMI counts (same sparse zero pattern as X verified globally)	CXCL13	0.024157660521296885
Tfh_like	Beta	3152	1.0	0.9476522842639594	raw UMI counts (same sparse zero pattern as X verified globally)		
Tfh_like	Beta	3152			raw UMI counts (same sparse zero pattern as X verified globally)	CD3D	0.0
Tfh_like	Beta	3152			raw UMI counts (same sparse zero pattern as X verified globally)	CD3E	0.0
Tfh_like	Beta	3152			raw UMI counts (same sparse zero pattern as X verified globally)	CD4	0.00983502538071066
Tfh_like	Beta	3152			raw UMI counts (same sparse zero pattern as X verified globally)	CXCR5	0.0009517766497461929
Tfh_like	Beta	3152			raw UMI counts (same sparse zero pattern as X verified globally)	PDCD1	0.0
Tfh_like	Beta	3152			raw UMI counts (same sparse zero pattern as X verified globally)	ICOS	0.00031725888324873094
Tfh_like	Beta	3152			raw UMI counts (same sparse zero pattern as X verified globally)	BCL6	0.0358502538071066
Tfh_like	Beta	3152			raw UMI counts (same sparse zero pattern as X verified globally)	IL7R	0.004441624365482234
Tfh_like	Beta	3152			raw UMI counts (same sparse zero pattern as X verified globally)	CXCL13	0.0034898477157360407
Tfh_like	CAF	44369	1.0	0.7771867745497982	raw UMI counts (same sparse zero pattern as X verified globally)		
Tfh_like	CAF	44369			raw UMI counts (same sparse zero pattern as X verified globally)	CD3D	0.0004282269151885325
Tfh_like	CAF	44369			raw UMI counts (same sparse zero pattern as X verified globally)	CD3E	0.0006085329847415989
Tfh_like	CAF	44369			raw UMI counts (same sparse zero pattern as X verified globally)	CD4	0.012486195316549844
Tfh_like	CAF	44369			raw UMI counts (same sparse zero pattern as X verified globally)	CXCR5	0.005161261240956523
Tfh_like	CAF	44369			raw UMI counts (same sparse zero pattern as X verified globally)	PDCD1	0.00020284432824719962
Tfh_like	CAF	44369			raw UMI counts (same sparse zero pattern as X verified globally)	ICOS	0.0003155356217178661
Tfh_like	CAF	44369			raw UMI counts (same sparse zero pattern as X verified globally)	BCL6	0.20295701954067027
Tfh_like	CAF	44369			raw UMI counts (same sparse zero pattern as X verified globally)	IL7R	0.003718812684531993
Tfh_like	CAF	44369			raw UMI counts (same sparse zero pattern as X verified globally)	CXCL13	0.004868263877932791
Tfh_like	CD4+ T	1839	1.0	0.17727025557368134	raw UMI counts (same sparse zero pattern as X verified globally)		
Tfh_like	CD4+ T	1839			raw UMI counts (same sparse zero pattern as X verified globally)	CD3D	0.08319738988580751
Tfh_like	CD4+ T	1839			raw UMI counts (same sparse zero pattern as X verified globally)	CD3E	0.11528004350190321
Tfh_like	CD4+ T	1839			raw UMI counts (same sparse zero pattern as X verified globally)	CD4	0.17998912452419794
Tfh_like	CD4+ T	1839			raw UMI counts (same sparse zero pattern as X verified globally)	CXCR5	0.022294725394236
Tfh_like	CD4+ T	1839			raw UMI counts (same sparse zero pattern as X verified globally)	PDCD1	0.013050570962479609
Tfh_like	CD4+ T	1839			raw UMI counts (same sparse zero pattern as X verified globally)	ICOS	0.12615551930396954
Tfh_like	CD4+ T	1839			raw UMI counts (same sparse zero pattern as X verified globally)	BCL6	0.017400761283306143
Tfh_like	CD4+ T	1839			raw UMI counts (same sparse zero pattern as X verified globally)	IL7R	0.7210440456769984
Tfh_like	CD4+ T	1839			raw UMI counts (same sparse zero pattern as X verified globally)	CXCL13	0.002175095160413268
Tfh_like	CD8+ T	2526	1.0	0.4255740300870942	raw UMI counts (same sparse zero pattern as X verified globally)		
Tfh_like	CD8+ T	2526			raw UMI counts (same sparse zero pattern as X verified globally)	CD3D	0.04829770387965162
Tfh_like	CD8+ T	2526			raw UMI counts (same sparse zero pattern as X verified globally)	CD3E	0.07957244655581948
Tfh_like	CD8+ T	2526			raw UMI counts (same sparse zero pattern as X verified globally)	CD4	0.04908946951702296
Tfh_like	CD8+ T	2526			raw UMI counts (same sparse zero pattern as X verified globally)	CXCR5	0.0035629453681710215
Tfh_like	CD8+ T	2526			raw UMI counts (same sparse zero pattern as X verified globally)	PDCD1	0.01741884402216944
Tfh_like	CD8+ T	2526			raw UMI counts (same sparse zero pattern as X verified globally)	ICOS	0.07205067300079177
Tfh_like	CD8+ T	2526			raw UMI counts (same sparse zero pattern as X verified globally)	BCL6	0.0395882818685669
Tfh_like	CD8+ T	2526			raw UMI counts (same sparse zero pattern as X verified globally)	IL7R	0.47980997624703087
Tfh_like	CD8+ T	2526			raw UMI counts (same sparse zero pattern as X verified globally)	CXCL13	0.001979414093428345
Tfh_like	CD8+ T (dysfunctional)	967	1.0	0.45398138572905894	raw UMI counts (same sparse zero pattern as X verified globally)		
Tfh_like	CD8+ T (dysfunctional)	967			raw UMI counts (same sparse zero pattern as X verified globally)	CD3D	0.04446742502585315
Tfh_like	CD8+ T (dysfunctional)	967			raw UMI counts (same sparse zero pattern as X verified globally)	CD3E	0.09100310237849017
Tfh_like	CD8+ T (dysfunctional)	967			raw UMI counts (same sparse zero pattern as X verified globally)	CD4	0.03516028955532575
Tfh_like	CD8+ T (dysfunctional)	967			raw UMI counts (same sparse zero pattern as X verified globally)	CXCR5	0.01344364012409514
Tfh_like	CD8+ T (dysfunctional)	967			raw UMI counts (same sparse zero pattern as X verified globally)	PDCD1	0.02688728024819028
Tfh_like	CD8+ T (dysfunctional)	967			raw UMI counts (same sparse zero pattern as X verified globally)	ICOS	0.0827300930713547
Tfh_like	CD8+ T (dysfunctional)	967			raw UMI counts (same sparse zero pattern as X verified globally)	BCL6	0.02998965873836608
Tfh_like	CD8+ T (dysfunctional)	967			raw UMI counts (same sparse zero pattern as X verified globally)	IL7R	0.41778697001034126
Tfh_like	CD8+ T (dysfunctional)	967			raw UMI counts (same sparse zero pattern as X verified globally)	CXCL13	0.0031023784901758012
Tfh_like	CD8+ T (progenitor dysfunctional)	142	1.0	0.14788732394366197	raw UMI counts (same sparse zero pattern as X verified globally)		
Tfh_like	CD8+ T (progenitor dysfunctional)	142			raw UMI counts (same sparse zero pattern as X verified globally)	CD3D	0.04225352112676056
Tfh_like	CD8+ T (progenitor dysfunctional)	142			raw UMI counts (same sparse zero pattern as X verified globally)	CD3E	0.11971830985915492
Tfh_like	CD8+ T (progenitor dysfunctional)	142			raw UMI counts (same sparse zero pattern as X verified globally)	CD4	0.07042253521126761
Tfh_like	CD8+ T (progenitor dysfunctional)	142			raw UMI counts (same sparse zero pattern as X verified globally)	CXCR5	0.014084507042253521
Tfh_like	CD8+ T (progenitor dysfunctional)	142			raw UMI counts (same sparse zero pattern as X verified globally)	PDCD1	0.02112676056338028
Tfh_like	CD8+ T (progenitor dysfunctional)	142			raw UMI counts (same sparse zero pattern as X verified globally)	ICOS	0.09859154929577464
Tfh_like	CD8+ T (progenitor dysfunctional)	142			raw UMI counts (same sparse zero pattern as X verified globally)	BCL6	0.056338028169014086
Tfh_like	CD8+ T (progenitor dysfunctional)	142			raw UMI counts (same sparse zero pattern as X verified globally)	IL7R	0.823943661971831
Tfh_like	CD8+ T (progenitor dysfunctional)	142			raw UMI counts (same sparse zero pattern as X verified globally)	CXCL13	0.0
Tfh_like	CD8+ T (terminally dysfunctional)	419	1.0	0.5011933174224343	raw UMI counts (same sparse zero pattern as X verified globally)		
Tfh_like	CD8+ T (terminally dysfunctional)	419			raw UMI counts (same sparse zero pattern as X verified globally)	CD3D	0.10023866348448687
Tfh_like	CD8+ T (terminally dysfunctional)	419			raw UMI counts (same sparse zero pattern as X verified globally)	CD3E	0.15274463007159905
Tfh_like	CD8+ T (terminally dysfunctional)	419			raw UMI counts (same sparse zero pattern as X verified globally)	CD4	0.03579952267303103
Tfh_like	CD8+ T (terminally dysfunctional)	419			raw UMI counts (same sparse zero pattern as X verified globally)	CXCR5	0.011933174224343675
Tfh_like	CD8+ T (terminally dysfunctional)	419			raw UMI counts (same sparse zero pattern as X verified globally)	PDCD1	0.045346062052505964
Tfh_like	CD8+ T (terminally dysfunctional)	419			raw UMI counts (same sparse zero pattern as X verified globally)	ICOS	0.14797136038186157
Tfh_like	CD8+ T (terminally dysfunctional)	419			raw UMI counts (same sparse zero pattern as X verified globally)	BCL6	0.031026252983293555
Tfh_like	CD8+ T (terminally dysfunctional)	419			raw UMI counts (same sparse zero pattern as X verified globally)	IL7R	0.19331742243436753
Tfh_like	CD8+ T (terminally dysfunctional)	419			raw UMI counts (same sparse zero pattern as X verified globally)	CXCL13	0.00477326968973747
Tfh_like	Delta	556	1.0	0.9190647482014388	raw UMI counts (same sparse zero pattern as X verified globally)		
Tfh_like	Delta	556			raw UMI counts (same sparse zero pattern as X verified globally)	CD3D	0.0
Tfh_like	Delta	556			raw UMI counts (same sparse zero pattern as X verified globally)	CD3E	0.0017985611510791368
Tfh_like	Delta	556			raw UMI counts (same sparse zero pattern as X verified globally)	CD4	0.0035971223021582736
Tfh_like	Delta	556			raw UMI counts (same sparse zero pattern as X verified globally)	CXCR5	0.0017985611510791368
Tfh_like	Delta	556			raw UMI counts (same sparse zero pattern as X verified globally)	PDCD1	0.0
Tfh_like	Delta	556			raw UMI counts (same sparse zero pattern as X verified globally)	ICOS	0.0
Tfh_like	Delta	556			raw UMI counts (same sparse zero pattern as X verified globally)	BCL6	0.0683453237410072
Tfh_like	Delta	556			raw UMI counts (same sparse zero pattern as X verified globally)	IL7R	0.0017985611510791368
Tfh_like	Delta	556			raw UMI counts (same sparse zero pattern as X verified globally)	CXCL13	0.00539568345323741
Tfh_like	Dendritic (activated)	91	1.0	0.16483516483516483	raw UMI counts (same sparse zero pattern as X verified globally)		
Tfh_like	Dendritic (activated)	91			raw UMI counts (same sparse zero pattern as X verified globally)	CD3D	0.01098901098901099
Tfh_like	Dendritic (activated)	91			raw UMI counts (same sparse zero pattern as X verified globally)	CD3E	0.01098901098901099
Tfh_like	Dendritic (activated)	91			raw UMI counts (same sparse zero pattern as X verified globally)	CD4	0.15384615384615385
Tfh_like	Dendritic (activated)	91			raw UMI counts (same sparse zero pattern as X verified globally)	CXCR5	0.0
Tfh_like	Dendritic (activated)	91			raw UMI counts (same sparse zero pattern as X verified globally)	PDCD1	0.0
Tfh_like	Dendritic (activated)	91			raw UMI counts (same sparse zero pattern as X verified globally)	ICOS	0.02197802197802198
Tfh_like	Dendritic (activated)	91			raw UMI counts (same sparse zero pattern as X verified globally)	BCL6	0.37362637362637363
Tfh_like	Dendritic (activated)	91			raw UMI counts (same sparse zero pattern as X verified globally)	IL7R	0.6263736263736264
Tfh_like	Dendritic (activated)	91			raw UMI counts (same sparse zero pattern as X verified globally)	CXCL13	0.07692307692307693
Tfh_like	Dendritic (conventional type 1)	181	1.0	0.17679558011049723	raw UMI counts (same sparse zero pattern as X verified globally)		
Tfh_like	Dendritic (conventional type 1)	181			raw UMI counts (same sparse zero pattern as X verified globally)	CD3D	0.0
Tfh_like	Dendritic (conventional type 1)	181			raw UMI counts (same sparse zero pattern as X verified globally)	CD3E	0.0
Tfh_like	Dendritic (conventional type 1)	181			raw UMI counts (same sparse zero pattern as X verified globally)	CD4	0.23756906077348067
Tfh_like	Dendritic (conventional type 1)	181			raw UMI counts (same sparse zero pattern as X verified globally)	CXCR5	0.0055248618784530384
Tfh_like	Dendritic (conventional type 1)	181			raw UMI counts (same sparse zero pattern as X verified globally)	PDCD1	0.011049723756906077
Tfh_like	Dendritic (conventional type 1)	181			raw UMI counts (same sparse zero pattern as X verified globally)	ICOS	0.016574585635359115
Tfh_like	Dendritic (conventional type 1)	181			raw UMI counts (same sparse zero pattern as X verified globally)	BCL6	0.7900552486187845
Tfh_like	Dendritic (conventional type 1)	181			raw UMI counts (same sparse zero pattern as X verified globally)	IL7R	0.06629834254143646
Tfh_like	Dendritic (conventional type 1)	181			raw UMI counts (same sparse zero pattern as X verified globally)	CXCL13	0.0055248618784530384
Tfh_like	Dendritic (conventional type 2)	1008	1.0	0.5208333333333334	raw UMI counts (same sparse zero pattern as X verified globally)		
Tfh_like	Dendritic (conventional type 2)	1008			raw UMI counts (same sparse zero pattern as X verified globally)	CD3D	0.000992063492063492
Tfh_like	Dendritic (conventional type 2)	1008			raw UMI counts (same sparse zero pattern as X verified globally)	CD3E	0.005952380952380952
Tfh_like	Dendritic (conventional type 2)	1008			raw UMI counts (same sparse zero pattern as X verified globally)	CD4	0.20932539682539683
Tfh_like	Dendritic (conventional type 2)	1008			raw UMI counts (same sparse zero pattern as X verified globally)	CXCR5	0.002976190476190476
Tfh_like	Dendritic (conventional type 2)	1008			raw UMI counts (same sparse zero pattern as X verified globally)	PDCD1	0.003968253968253968
Tfh_like	Dendritic (conventional type 2)	1008			raw UMI counts (same sparse zero pattern as X verified globally)	ICOS	0.005952380952380952
Tfh_like	Dendritic (conventional type 2)	1008			raw UMI counts (same sparse zero pattern as X verified globally)	BCL6	0.2906746031746032
Tfh_like	Dendritic (conventional type 2)	1008			raw UMI counts (same sparse zero pattern as X verified globally)	IL7R	0.09226190476190477
Tfh_like	Dendritic (conventional type 2)	1008			raw UMI counts (same sparse zero pattern as X verified globally)	CXCL13	0.01488095238095238
Tfh_like	Dendritic (plasmacytoid)	139	1.0	0.34532374100719426	raw UMI counts (same sparse zero pattern as X verified globally)		
Tfh_like	Dendritic (plasmacytoid)	139			raw UMI counts (same sparse zero pattern as X verified globally)	CD3D	0.02877697841726619
Tfh_like	Dendritic (plasmacytoid)	139			raw UMI counts (same sparse zero pattern as X verified globally)	CD3E	0.02158273381294964
Tfh_like	Dendritic (plasmacytoid)	139			raw UMI counts (same sparse zero pattern as X verified globally)	CD4	0.38848920863309355
Tfh_like	Dendritic (plasmacytoid)	139			raw UMI counts (same sparse zero pattern as X verified globally)	CXCR5	0.050359712230215826
Tfh_like	Dendritic (plasmacytoid)	139			raw UMI counts (same sparse zero pattern as X verified globally)	PDCD1	0.007194244604316547
Tfh_like	Dendritic (plasmacytoid)	139			raw UMI counts (same sparse zero pattern as X verified globally)	ICOS	0.007194244604316547
Tfh_like	Dendritic (plasmacytoid)	139			raw UMI counts (same sparse zero pattern as X verified globally)	BCL6	0.1079136690647482
Tfh_like	Dendritic (plasmacytoid)	139			raw UMI counts (same sparse zero pattern as X verified globally)	IL7R	0.12949640287769784
Tfh_like	Dendritic (plasmacytoid)	139			raw UMI counts (same sparse zero pattern as X verified globally)	CXCL13	0.03597122302158273
Tfh_like	Ductal	24627	1.0	0.820156738539002	raw UMI counts (same sparse zero pattern as X verified globally)		
Tfh_like	Ductal	24627			raw UMI counts (same sparse zero pattern as X verified globally)	CD3D	4.060583911966541e-05
Tfh_like	Ductal	24627			raw UMI counts (same sparse zero pattern as X verified globally)	CD3E	0.00020302919559832703
Tfh_like	Ductal	24627			raw UMI counts (same sparse zero pattern as X verified globally)	CD4	0.0021521094733422666
Tfh_like	Ductal	24627			raw UMI counts (same sparse zero pattern as X verified globally)	CXCR5	0.003492102164291225
Tfh_like	Ductal	24627			raw UMI counts (same sparse zero pattern as X verified globally)	PDCD1	0.00020302919559832703
Tfh_like	Ductal	24627			raw UMI counts (same sparse zero pattern as X verified globally)	ICOS	0.00028424087383765783
Tfh_like	Ductal	24627			raw UMI counts (same sparse zero pattern as X verified globally)	BCL6	0.17131603524586836
Tfh_like	Ductal	24627			raw UMI counts (same sparse zero pattern as X verified globally)	IL7R	0.000893328460632639
Tfh_like	Ductal	24627			raw UMI counts (same sparse zero pattern as X verified globally)	CXCL13	0.004060583911966541
Tfh_like	Ductal (atypical)	4991	1.0	0.6565818473251853	raw UMI counts (same sparse zero pattern as X verified globally)		
Tfh_like	Ductal (atypical)	4991			raw UMI counts (same sparse zero pattern as X verified globally)	CD3D	0.0002003606491685033
Tfh_like	Ductal (atypical)	4991			raw UMI counts (same sparse zero pattern as X verified globally)	CD3E	0.0002003606491685033
Tfh_like	Ductal (atypical)	4991			raw UMI counts (same sparse zero pattern as X verified globally)	CD4	0.0018032458425165298
Tfh_like	Ductal (atypical)	4991			raw UMI counts (same sparse zero pattern as X verified globally)	CXCR5	0.005009016229212583
Tfh_like	Ductal (atypical)	4991			raw UMI counts (same sparse zero pattern as X verified globally)	PDCD1	0.0002003606491685033
Tfh_like	Ductal (atypical)	4991			raw UMI counts (same sparse zero pattern as X verified globally)	ICOS	0.0
Tfh_like	Ductal (atypical)	4991			raw UMI counts (same sparse zero pattern as X verified globally)	BCL6	0.33540372670807456
Tfh_like	Ductal (atypical)	4991			raw UMI counts (same sparse zero pattern as X verified globally)	IL7R	0.001402524544179523
Tfh_like	Ductal (atypical)	4991			raw UMI counts (same sparse zero pattern as X verified globally)	CXCL13	0.004808655580044079
Tfh_like	Epsilon	46	1.0	0.8695652173913043	raw UMI counts (same sparse zero pattern as X verified globally)		
Tfh_like	Epsilon	46			raw UMI counts (same sparse zero pattern as X verified globally)	CD3D	0.0
Tfh_like	Epsilon	46			raw UMI counts (same sparse zero pattern as X verified globally)	CD3E	0.0
Tfh_like	Epsilon	46			raw UMI counts (same sparse zero pattern as X verified globally)	CD4	0.043478260869565216
Tfh_like	Epsilon	46			raw UMI counts (same sparse zero pattern as X verified globally)	CXCR5	0.0
Tfh_like	Epsilon	46			raw UMI counts (same sparse zero pattern as X verified globally)	PDCD1	0.0
Tfh_like	Epsilon	46			raw UMI counts (same sparse zero pattern as X verified globally)	ICOS	0.0
Tfh_like	Epsilon	46			raw UMI counts (same sparse zero pattern as X verified globally)	BCL6	0.06521739130434782
Tfh_like	Epsilon	46			raw UMI counts (same sparse zero pattern as X verified globally)	IL7R	0.021739130434782608
Tfh_like	Epsilon	46			raw UMI counts (same sparse zero pattern as X verified globally)	CXCL13	0.0
Tfh_like	Gamma	1716	1.0	0.9382284382284383	raw UMI counts (same sparse zero pattern as X verified globally)		
Tfh_like	Gamma	1716			raw UMI counts (same sparse zero pattern as X verified globally)	CD3D	0.0011655011655011655
Tfh_like	Gamma	1716			raw UMI counts (same sparse zero pattern as X verified globally)	CD3E	0.0
Tfh_like	Gamma	1716			raw UMI counts (same sparse zero pattern as X verified globally)	CD4	0.004079254079254079
Tfh_like	Gamma	1716			raw UMI counts (same sparse zero pattern as X verified globally)	CXCR5	0.0017482517482517483
Tfh_like	Gamma	1716			raw UMI counts (same sparse zero pattern as X verified globally)	PDCD1	0.0
Tfh_like	Gamma	1716			raw UMI counts (same sparse zero pattern as X verified globally)	ICOS	0.002331002331002331
Tfh_like	Gamma	1716			raw UMI counts (same sparse zero pattern as X verified globally)	BCL6	0.04603729603729604
Tfh_like	Gamma	1716			raw UMI counts (same sparse zero pattern as X verified globally)	IL7R	0.006993006993006993
Tfh_like	Gamma	1716			raw UMI counts (same sparse zero pattern as X verified globally)	CXCL13	0.0017482517482517483
Tfh_like	Hormone-negative neuroendocrine	1608	1.0	0.9390547263681592	raw UMI counts (same sparse zero pattern as X verified globally)		
Tfh_like	Hormone-negative neuroendocrine	1608			raw UMI counts (same sparse zero pattern as X verified globally)	CD3D	0.0
Tfh_like	Hormone-negative neuroendocrine	1608			raw UMI counts (same sparse zero pattern as X verified globally)	CD3E	0.0
Tfh_like	Hormone-negative neuroendocrine	1608			raw UMI counts (same sparse zero pattern as X verified globally)	CD4	0.009328358208955223
Tfh_like	Hormone-negative neuroendocrine	1608			raw UMI counts (same sparse zero pattern as X verified globally)	CXCR5	0.0018656716417910447
Tfh_like	Hormone-negative neuroendocrine	1608			raw UMI counts (same sparse zero pattern as X verified globally)	PDCD1	0.0
Tfh_like	Hormone-negative neuroendocrine	1608			raw UMI counts (same sparse zero pattern as X verified globally)	ICOS	0.0
Tfh_like	Hormone-negative neuroendocrine	1608			raw UMI counts (same sparse zero pattern as X verified globally)	BCL6	0.04415422885572139
Tfh_like	Hormone-negative neuroendocrine	1608			raw UMI counts (same sparse zero pattern as X verified globally)	IL7R	0.0006218905472636816
Tfh_like	Hormone-negative neuroendocrine	1608			raw UMI counts (same sparse zero pattern as X verified globally)	CXCL13	0.005597014925373134
Tfh_like	Intra-pancreatic neurons	25	1.0	0.52	raw UMI counts (same sparse zero pattern as X verified globally)		
Tfh_like	Intra-pancreatic neurons	25			raw UMI counts (same sparse zero pattern as X verified globally)	CD3D	0.0
Tfh_like	Intra-pancreatic neurons	25			raw UMI counts (same sparse zero pattern as X verified globally)	CD3E	0.0
Tfh_like	Intra-pancreatic neurons	25			raw UMI counts (same sparse zero pattern as X verified globally)	CD4	0.0
Tfh_like	Intra-pancreatic neurons	25			raw UMI counts (same sparse zero pattern as X verified globally)	CXCR5	0.0
Tfh_like	Intra-pancreatic neurons	25			raw UMI counts (same sparse zero pattern as X verified globally)	PDCD1	0.0
Tfh_like	Intra-pancreatic neurons	25			raw UMI counts (same sparse zero pattern as X verified globally)	ICOS	0.0
Tfh_like	Intra-pancreatic neurons	25			raw UMI counts (same sparse zero pattern as X verified globally)	BCL6	0.48
Tfh_like	Intra-pancreatic neurons	25			raw UMI counts (same sparse zero pattern as X verified globally)	IL7R	0.0
Tfh_like	Intra-pancreatic neurons	25			raw UMI counts (same sparse zero pattern as X verified globally)	CXCL13	0.04
Tfh_like	Lymphatic	1645	1.0	0.894224924012158	raw UMI counts (same sparse zero pattern as X verified globally)		
Tfh_like	Lymphatic	1645			raw UMI counts (same sparse zero pattern as X verified globally)	CD3D	0.0006079027355623101
Tfh_like	Lymphatic	1645			raw UMI counts (same sparse zero pattern as X verified globally)	CD3E	0.0024316109422492403
Tfh_like	Lymphatic	1645			raw UMI counts (same sparse zero pattern as X verified globally)	CD4	0.01702127659574468
Tfh_like	Lymphatic	1645			raw UMI counts (same sparse zero pattern as X verified globally)	CXCR5	0.0024316109422492403
Tfh_like	Lymphatic	1645			raw UMI counts (same sparse zero pattern as X verified globally)	PDCD1	0.0012158054711246201
Tfh_like	Lymphatic	1645			raw UMI counts (same sparse zero pattern as X verified globally)	ICOS	0.0012158054711246201
Tfh_like	Lymphatic	1645			raw UMI counts (same sparse zero pattern as X verified globally)	BCL6	0.056534954407294835
Tfh_like	Lymphatic	1645			raw UMI counts (same sparse zero pattern as X verified globally)	IL7R	0.02796352583586626
Tfh_like	Lymphatic	1645			raw UMI counts (same sparse zero pattern as X verified globally)	CXCL13	0.007902735562310031
Tfh_like	Macrophage	10140	1.0	0.7250493096646943	raw UMI counts (same sparse zero pattern as X verified globally)		
Tfh_like	Macrophage	10140			raw UMI counts (same sparse zero pattern as X verified globally)	CD3D	0.0007889546351084812
Tfh_like	Macrophage	10140			raw UMI counts (same sparse zero pattern as X verified globally)	CD3E	0.0013806706114398422
Tfh_like	Macrophage	10140			raw UMI counts (same sparse zero pattern as X verified globally)	CD4	0.14299802761341224
Tfh_like	Macrophage	10140			raw UMI counts (same sparse zero pattern as X verified globally)	CXCR5	0.0019723865877712033
Tfh_like	Macrophage	10140			raw UMI counts (same sparse zero pattern as X verified globally)	PDCD1	0.0034516765285996054
Tfh_like	Macrophage	10140			raw UMI counts (same sparse zero pattern as X verified globally)	ICOS	0.002564102564102564
Tfh_like	Macrophage	10140			raw UMI counts (same sparse zero pattern as X verified globally)	BCL6	0.11893491124260355
Tfh_like	Macrophage	10140			raw UMI counts (same sparse zero pattern as X verified globally)	IL7R	0.04181459566074951
Tfh_like	Macrophage	10140			raw UMI counts (same sparse zero pattern as X verified globally)	CXCL13	0.0039447731755424065
Tfh_like	Malignant	64538	1.0	0.8218259010195543	raw UMI counts (same sparse zero pattern as X verified globally)		
Tfh_like	Malignant	64538			raw UMI counts (same sparse zero pattern as X verified globally)	CD3D	0.00021692646192940593
Tfh_like	Malignant	64538			raw UMI counts (same sparse zero pattern as X verified globally)	CD3E	0.00037187393473612444
Tfh_like	Malignant	64538			raw UMI counts (same sparse zero pattern as X verified globally)	CD4	0.003393349654467136
Tfh_like	Malignant	64538			raw UMI counts (same sparse zero pattern as X verified globally)	CXCR5	0.006244383154110756
Tfh_like	Malignant	64538			raw UMI counts (same sparse zero pattern as X verified globally)	PDCD1	0.00021692646192940593
Tfh_like	Malignant	64538			raw UMI counts (same sparse zero pattern as X verified globally)	ICOS	0.00030989494561343707
Tfh_like	Malignant	64538			raw UMI counts (same sparse zero pattern as X verified globally)	BCL6	0.16456971086801575
Tfh_like	Malignant	64538			raw UMI counts (same sparse zero pattern as X verified globally)	IL7R	0.0026341070377142147
Tfh_like	Malignant	64538			raw UMI counts (same sparse zero pattern as X verified globally)	CXCL13	0.0033623601599057917
Tfh_like	Mast	281	1.0	0.8576512455516014	raw UMI counts (same sparse zero pattern as X verified globally)		
Tfh_like	Mast	281			raw UMI counts (same sparse zero pattern as X verified globally)	CD3D	0.0071174377224199285
Tfh_like	Mast	281			raw UMI counts (same sparse zero pattern as X verified globally)	CD3E	0.014234875444839857
Tfh_like	Mast	281			raw UMI counts (same sparse zero pattern as X verified globally)	CD4	0.02491103202846975
Tfh_like	Mast	281			raw UMI counts (same sparse zero pattern as X verified globally)	CXCR5	0.010676156583629894
Tfh_like	Mast	281			raw UMI counts (same sparse zero pattern as X verified globally)	PDCD1	0.0035587188612099642
Tfh_like	Mast	281			raw UMI counts (same sparse zero pattern as X verified globally)	ICOS	0.0071174377224199285
Tfh_like	Mast	281			raw UMI counts (same sparse zero pattern as X verified globally)	BCL6	0.028469750889679714
Tfh_like	Mast	281			raw UMI counts (same sparse zero pattern as X verified globally)	IL7R	0.06761565836298933
Tfh_like	Mast	281			raw UMI counts (same sparse zero pattern as X verified globally)	CXCL13	0.0035587188612099642
Tfh_like	Natural killer	927	1.0	0.6116504854368932	raw UMI counts (same sparse zero pattern as X verified globally)		
Tfh_like	Natural killer	927			raw UMI counts (same sparse zero pattern as X verified globally)	CD3D	0.037756202804746494
Tfh_like	Natural killer	927			raw UMI counts (same sparse zero pattern as X verified globally)	CD3E	0.10248112189859762
Tfh_like	Natural killer	927			raw UMI counts (same sparse zero pattern as X verified globally)	CD4	0.025889967637540454
Tfh_like	Natural killer	927			raw UMI counts (same sparse zero pattern as X verified globally)	CXCR5	0.003236245954692557
Tfh_like	Natural killer	927			raw UMI counts (same sparse zero pattern as X verified globally)	PDCD1	0.042071197411003236
Tfh_like	Natural killer	927			raw UMI counts (same sparse zero pattern as X verified globally)	ICOS	0.09277238403451996
Tfh_like	Natural killer	927			raw UMI counts (same sparse zero pattern as X verified globally)	BCL6	0.036677454153182305
Tfh_like	Natural killer	927			raw UMI counts (same sparse zero pattern as X verified globally)	IL7R	0.12405609492988134
Tfh_like	Natural killer	927			raw UMI counts (same sparse zero pattern as X verified globally)	CXCL13	0.036677454153182305
Tfh_like	Neutrophil	98	1.0	0.6224489795918368	raw UMI counts (same sparse zero pattern as X verified globally)		
Tfh_like	Neutrophil	98			raw UMI counts (same sparse zero pattern as X verified globally)	CD3D	0.0
Tfh_like	Neutrophil	98			raw UMI counts (same sparse zero pattern as X verified globally)	CD3E	0.01020408163265306
Tfh_like	Neutrophil	98			raw UMI counts (same sparse zero pattern as X verified globally)	CD4	0.0
Tfh_like	Neutrophil	98			raw UMI counts (same sparse zero pattern as X verified globally)	CXCR5	0.0
Tfh_like	Neutrophil	98			raw UMI counts (same sparse zero pattern as X verified globally)	PDCD1	0.0
Tfh_like	Neutrophil	98			raw UMI counts (same sparse zero pattern as X verified globally)	ICOS	0.01020408163265306
Tfh_like	Neutrophil	98			raw UMI counts (same sparse zero pattern as X verified globally)	BCL6	0.3673469387755102
Tfh_like	Neutrophil	98			raw UMI counts (same sparse zero pattern as X verified globally)	IL7R	0.030612244897959183
Tfh_like	Neutrophil	98			raw UMI counts (same sparse zero pattern as X verified globally)	CXCL13	0.0
Tfh_like	Pericyte	11779	1.0	0.5631208082180151	raw UMI counts (same sparse zero pattern as X verified globally)		
Tfh_like	Pericyte	11779			raw UMI counts (same sparse zero pattern as X verified globally)	CD3D	0.0007640716529416758
Tfh_like	Pericyte	11779			raw UMI counts (same sparse zero pattern as X verified globally)	CD3E	0.0016130401562102045
Tfh_like	Pericyte	11779			raw UMI counts (same sparse zero pattern as X verified globally)	CD4	0.0295441039137448
Tfh_like	Pericyte	11779			raw UMI counts (same sparse zero pattern as X verified globally)	CXCR5	0.010781899991510314
Tfh_like	Pericyte	11779			raw UMI counts (same sparse zero pattern as X verified globally)	PDCD1	0.0005093811019611172
Tfh_like	Pericyte	11779			raw UMI counts (same sparse zero pattern as X verified globally)	ICOS	0.001273452754902793
Tfh_like	Pericyte	11779			raw UMI counts (same sparse zero pattern as X verified globally)	BCL6	0.4061465319636641
Tfh_like	Pericyte	11779			raw UMI counts (same sparse zero pattern as X verified globally)	IL7R	0.011885559045759402
Tfh_like	Pericyte	11779			raw UMI counts (same sparse zero pattern as X verified globally)	CXCL13	0.003905255115035232
Tfh_like	Plasma	282	1.0	0.5	raw UMI counts (same sparse zero pattern as X verified globally)		
Tfh_like	Plasma	282			raw UMI counts (same sparse zero pattern as X verified globally)	CD3D	0.02127659574468085
Tfh_like	Plasma	282			raw UMI counts (same sparse zero pattern as X verified globally)	CD3E	0.09219858156028368
Tfh_like	Plasma	282			raw UMI counts (same sparse zero pattern as X verified globally)	CD4	0.1099290780141844
Tfh_like	Plasma	282			raw UMI counts (same sparse zero pattern as X verified globally)	CXCR5	0.03546099290780142
Tfh_like	Plasma	282			raw UMI counts (same sparse zero pattern as X verified globally)	PDCD1	0.02127659574468085
Tfh_like	Plasma	282			raw UMI counts (same sparse zero pattern as X verified globally)	ICOS	0.07446808510638298
Tfh_like	Plasma	282			raw UMI counts (same sparse zero pattern as X verified globally)	BCL6	0.0851063829787234
Tfh_like	Plasma	282			raw UMI counts (same sparse zero pattern as X verified globally)	IL7R	0.32269503546099293
Tfh_like	Plasma	282			raw UMI counts (same sparse zero pattern as X verified globally)	CXCL13	0.010638297872340425
Tfh_like	Schwann	1824	1.0	0.7675438596491229	raw UMI counts (same sparse zero pattern as X verified globally)		
Tfh_like	Schwann	1824			raw UMI counts (same sparse zero pattern as X verified globally)	CD3D	0.001644736842105263
Tfh_like	Schwann	1824			raw UMI counts (same sparse zero pattern as X verified globally)	CD3E	0.003289473684210526
Tfh_like	Schwann	1824			raw UMI counts (same sparse zero pattern as X verified globally)	CD4	0.00712719298245614
Tfh_like	Schwann	1824			raw UMI counts (same sparse zero pattern as X verified globally)	CXCR5	0.004934210526315789
Tfh_like	Schwann	1824			raw UMI counts (same sparse zero pattern as X verified globally)	PDCD1	0.0010964912280701754
Tfh_like	Schwann	1824			raw UMI counts (same sparse zero pattern as X verified globally)	ICOS	0.005482456140350877
Tfh_like	Schwann	1824			raw UMI counts (same sparse zero pattern as X verified globally)	BCL6	0.20230263157894737
Tfh_like	Schwann	1824			raw UMI counts (same sparse zero pattern as X verified globally)	IL7R	0.02631578947368421
Tfh_like	Schwann	1824			raw UMI counts (same sparse zero pattern as X verified globally)	CXCL13	0.003289473684210526
Tfh_like	Treg	463	1.0	0.35205183585313177	raw UMI counts (same sparse zero pattern as X verified globally)		
Tfh_like	Treg	463			raw UMI counts (same sparse zero pattern as X verified globally)	CD3D	0.06911447084233262
Tfh_like	Treg	463			raw UMI counts (same sparse zero pattern as X verified globally)	CD3E	0.06479481641468683
Tfh_like	Treg	463			raw UMI counts (same sparse zero pattern as X verified globally)	CD4	0.1511879049676026
Tfh_like	Treg	463			raw UMI counts (same sparse zero pattern as X verified globally)	CXCR5	0.03455723542116631
Tfh_like	Treg	463			raw UMI counts (same sparse zero pattern as X verified globally)	PDCD1	0.0367170626349892
Tfh_like	Treg	463			raw UMI counts (same sparse zero pattern as X verified globally)	ICOS	0.31965442764578833
Tfh_like	Treg	463			raw UMI counts (same sparse zero pattern as X verified globally)	BCL6	0.04103671706263499
Tfh_like	Treg	463			raw UMI counts (same sparse zero pattern as X verified globally)	IL7R	0.31533477321814257
Tfh_like	Treg	463			raw UMI counts (same sparse zero pattern as X verified globally)	CXCL13	0.01511879049676026
Tfh_like	Treg (activated)	266	1.0	0.22180451127819548	raw UMI counts (same sparse zero pattern as X verified globally)		
Tfh_like	Treg (activated)	266			raw UMI counts (same sparse zero pattern as X verified globally)	CD3D	0.07142857142857142
Tfh_like	Treg (activated)	266			raw UMI counts (same sparse zero pattern as X verified globally)	CD3E	0.10902255639097744
Tfh_like	Treg (activated)	266			raw UMI counts (same sparse zero pattern as X verified globally)	CD4	0.20300751879699247
Tfh_like	Treg (activated)	266			raw UMI counts (same sparse zero pattern as X verified globally)	CXCR5	0.015037593984962405
Tfh_like	Treg (activated)	266			raw UMI counts (same sparse zero pattern as X verified globally)	PDCD1	0.03759398496240601
Tfh_like	Treg (activated)	266			raw UMI counts (same sparse zero pattern as X verified globally)	ICOS	0.40601503759398494
Tfh_like	Treg (activated)	266			raw UMI counts (same sparse zero pattern as X verified globally)	BCL6	0.05639097744360902
Tfh_like	Treg (activated)	266			raw UMI counts (same sparse zero pattern as X verified globally)	IL7R	0.45864661654135336
Tfh_like	Treg (activated)	266			raw UMI counts (same sparse zero pattern as X verified globally)	CXCL13	0.0037593984962406013
Tfh_like	Treg (quiescent)	119	1.0	0.226890756302521	raw UMI counts (same sparse zero pattern as X verified globally)		
Tfh_like	Treg (quiescent)	119			raw UMI counts (same sparse zero pattern as X verified globally)	CD3D	0.08403361344537816
Tfh_like	Treg (quiescent)	119			raw UMI counts (same sparse zero pattern as X verified globally)	CD3E	0.1092436974789916
Tfh_like	Treg (quiescent)	119			raw UMI counts (same sparse zero pattern as X verified globally)	CD4	0.20168067226890757
Tfh_like	Treg (quiescent)	119			raw UMI counts (same sparse zero pattern as X verified globally)	CXCR5	0.01680672268907563
Tfh_like	Treg (quiescent)	119			raw UMI counts (same sparse zero pattern as X verified globally)	PDCD1	0.008403361344537815
Tfh_like	Treg (quiescent)	119			raw UMI counts (same sparse zero pattern as X verified globally)	ICOS	0.17647058823529413
Tfh_like	Treg (quiescent)	119			raw UMI counts (same sparse zero pattern as X verified globally)	BCL6	0.025210084033613446
Tfh_like	Treg (quiescent)	119			raw UMI counts (same sparse zero pattern as X verified globally)	IL7R	0.5630252100840336
Tfh_like	Treg (quiescent)	119			raw UMI counts (same sparse zero pattern as X verified globally)	CXCL13	0.0
Tfh_like	Vascular	15530	1.0	0.927237604636188	raw UMI counts (same sparse zero pattern as X verified globally)		
Tfh_like	Vascular	15530			raw UMI counts (same sparse zero pattern as X verified globally)	CD3D	0.0003219575016097875
Tfh_like	Vascular	15530			raw UMI counts (same sparse zero pattern as X verified globally)	CD3E	0.0007083065035415325
Tfh_like	Vascular	15530			raw UMI counts (same sparse zero pattern as X verified globally)	CD4	0.0030264005151320024
Tfh_like	Vascular	15530			raw UMI counts (same sparse zero pattern as X verified globally)	CXCR5	0.002446877012234385
Tfh_like	Vascular	15530			raw UMI counts (same sparse zero pattern as X verified globally)	PDCD1	0.0003219575016097875
Tfh_like	Vascular	15530			raw UMI counts (same sparse zero pattern as X verified globally)	ICOS	0.00077269800386349
Tfh_like	Vascular	15530			raw UMI counts (same sparse zero pattern as X verified globally)	BCL6	0.056664520283322604
Tfh_like	Vascular	15530			raw UMI counts (same sparse zero pattern as X verified globally)	IL7R	0.007276239536381198
Tfh_like	Vascular	15530			raw UMI counts (same sparse zero pattern as X verified globally)	CXCL13	0.0036703155183515778
Tfh_like	Vascular smooth muscle	4711	1.0	0.6244958607514328	raw UMI counts (same sparse zero pattern as X verified globally)		
Tfh_like	Vascular smooth muscle	4711			raw UMI counts (same sparse zero pattern as X verified globally)	CD3D	0.0
Tfh_like	Vascular smooth muscle	4711			raw UMI counts (same sparse zero pattern as X verified globally)	CD3E	0.0004245383145828911
Tfh_like	Vascular smooth muscle	4711			raw UMI counts (same sparse zero pattern as X verified globally)	CD4	0.006792613033326258
Tfh_like	Vascular smooth muscle	4711			raw UMI counts (same sparse zero pattern as X verified globally)	CXCR5	0.012736149437486733
Tfh_like	Vascular smooth muscle	4711			raw UMI counts (same sparse zero pattern as X verified globally)	PDCD1	0.0
Tfh_like	Vascular smooth muscle	4711			raw UMI counts (same sparse zero pattern as X verified globally)	ICOS	0.00021226915729144556
Tfh_like	Vascular smooth muscle	4711			raw UMI counts (same sparse zero pattern as X verified globally)	BCL6	0.364466143069412
Tfh_like	Vascular smooth muscle	4711			raw UMI counts (same sparse zero pattern as X verified globally)	IL7R	0.0021226915729144554
Tfh_like	Vascular smooth muscle	4711			raw UMI counts (same sparse zero pattern as X verified globally)	CXCL13	0.0008490766291657822
Tfh_like	myCAF	10566	1.0	0.8228279386712095	raw UMI counts (same sparse zero pattern as X verified globally)		
Tfh_like	myCAF	10566			raw UMI counts (same sparse zero pattern as X verified globally)	CD3D	0.00028392958546280523
Tfh_like	myCAF	10566			raw UMI counts (same sparse zero pattern as X verified globally)	CD3E	0.00028392958546280523
Tfh_like	myCAF	10566			raw UMI counts (same sparse zero pattern as X verified globally)	CD4	0.006057164489873178
Tfh_like	myCAF	10566			raw UMI counts (same sparse zero pattern as X verified globally)	CXCR5	0.004637516562559152
Tfh_like	myCAF	10566			raw UMI counts (same sparse zero pattern as X verified globally)	PDCD1	0.0007571455612341472
Tfh_like	myCAF	10566			raw UMI counts (same sparse zero pattern as X verified globally)	ICOS	9.46431951542684e-05
Tfh_like	myCAF	10566			raw UMI counts (same sparse zero pattern as X verified globally)	BCL6	0.15777020632216543
Tfh_like	myCAF	10566			raw UMI counts (same sparse zero pattern as X verified globally)	IL7R	0.009085746734809767
Tfh_like	myCAF	10566			raw UMI counts (same sparse zero pattern as X verified globally)	CXCL13	0.003217868635245126
DC_core	ADM	3233	1.0	0.9263841633158058	raw UMI counts (same sparse zero pattern as X verified globally)		
DC_core	ADM	3233			raw UMI counts (same sparse zero pattern as X verified globally)	FCER1A	0.0009279307145066501
DC_core	ADM	3233			raw UMI counts (same sparse zero pattern as X verified globally)	CLEC10A	0.0003093102381688834
DC_core	ADM	3233			raw UMI counts (same sparse zero pattern as X verified globally)	CD1C	0.0003093102381688834
DC_core	ADM	3233			raw UMI counts (same sparse zero pattern as X verified globally)	CST3	0.025982060006186206
DC_core	ADM	3233			raw UMI counts (same sparse zero pattern as X verified globally)	HLA-DRA	0.006186204763377668
DC_core	ADM	3233			raw UMI counts (same sparse zero pattern as X verified globally)	HLA-DPA1	0.003093102381688834
DC_core	ADM	3233			raw UMI counts (same sparse zero pattern as X verified globally)	HLA-DPB1	0.04484998453448809
DC_core	Acinar	5171	1.0	0.9766002707406691	raw UMI counts (same sparse zero pattern as X verified globally)		
DC_core	Acinar	5171			raw UMI counts (same sparse zero pattern as X verified globally)	FCER1A	0.0
DC_core	Acinar	5171			raw UMI counts (same sparse zero pattern as X verified globally)	CLEC10A	0.0005801585766776252
DC_core	Acinar	5171			raw UMI counts (same sparse zero pattern as X verified globally)	CD1C	0.0
DC_core	Acinar	5171			raw UMI counts (same sparse zero pattern as X verified globally)	CST3	0.01179655772577838
DC_core	Acinar	5171			raw UMI counts (same sparse zero pattern as X verified globally)	HLA-DRA	0.0034809514600657515
DC_core	Acinar	5171			raw UMI counts (same sparse zero pattern as X verified globally)	HLA-DPA1	0.0019338619222587507
DC_core	Acinar	5171			raw UMI counts (same sparse zero pattern as X verified globally)	HLA-DPB1	0.008315606265712629
DC_core	Acinar (REG+)	186	1.0	0.44623655913978494	raw UMI counts (same sparse zero pattern as X verified globally)		
DC_core	Acinar (REG+)	186			raw UMI counts (same sparse zero pattern as X verified globally)	FCER1A	0.0
DC_core	Acinar (REG+)	186			raw UMI counts (same sparse zero pattern as X verified globally)	CLEC10A	0.0
DC_core	Acinar (REG+)	186			raw UMI counts (same sparse zero pattern as X verified globally)	CD1C	0.0
DC_core	Acinar (REG+)	186			raw UMI counts (same sparse zero pattern as X verified globally)	CST3	0.3602150537634409
DC_core	Acinar (REG+)	186			raw UMI counts (same sparse zero pattern as X verified globally)	HLA-DRA	0.25268817204301075
DC_core	Acinar (REG+)	186			raw UMI counts (same sparse zero pattern as X verified globally)	HLA-DPA1	0.11290322580645161
DC_core	Acinar (REG+)	186			raw UMI counts (same sparse zero pattern as X verified globally)	HLA-DPB1	0.0913978494623656
DC_core	Adipocyte	531	1.0	0.8983050847457628	raw UMI counts (same sparse zero pattern as X verified globally)		
DC_core	Adipocyte	531			raw UMI counts (same sparse zero pattern as X verified globally)	FCER1A	0.0018832391713747645
DC_core	Adipocyte	531			raw UMI counts (same sparse zero pattern as X verified globally)	CLEC10A	0.0018832391713747645
DC_core	Adipocyte	531			raw UMI counts (same sparse zero pattern as X verified globally)	CD1C	0.0018832391713747645
DC_core	Adipocyte	531			raw UMI counts (same sparse zero pattern as X verified globally)	CST3	0.018832391713747645
DC_core	Adipocyte	531			raw UMI counts (same sparse zero pattern as X verified globally)	HLA-DRA	0.030131826741996232
DC_core	Adipocyte	531			raw UMI counts (same sparse zero pattern as X verified globally)	HLA-DPA1	0.02824858757062147
DC_core	Adipocyte	531			raw UMI counts (same sparse zero pattern as X verified globally)	HLA-DPB1	0.03766478342749529
DC_core	Alpha	2723	1.0	0.9948586118251928	raw UMI counts (same sparse zero pattern as X verified globally)		
DC_core	Alpha	2723			raw UMI counts (same sparse zero pattern as X verified globally)	FCER1A	0.0
DC_core	Alpha	2723			raw UMI counts (same sparse zero pattern as X verified globally)	CLEC10A	0.0003672420124862284
DC_core	Alpha	2723			raw UMI counts (same sparse zero pattern as X verified globally)	CD1C	0.0
DC_core	Alpha	2723			raw UMI counts (same sparse zero pattern as X verified globally)	CST3	0.002570694087403599
DC_core	Alpha	2723			raw UMI counts (same sparse zero pattern as X verified globally)	HLA-DRA	0.0011017260374586854
DC_core	Alpha	2723			raw UMI counts (same sparse zero pattern as X verified globally)	HLA-DPA1	0.0
DC_core	Alpha	2723			raw UMI counts (same sparse zero pattern as X verified globally)	HLA-DPB1	0.0011017260374586854
DC_core	B	1573	1.0	0.47870311506675145	raw UMI counts (same sparse zero pattern as X verified globally)		
DC_core	B	1573			raw UMI counts (same sparse zero pattern as X verified globally)	FCER1A	0.0
DC_core	B	1573			raw UMI counts (same sparse zero pattern as X verified globally)	CLEC10A	0.00572155117609663
DC_core	B	1573			raw UMI counts (same sparse zero pattern as X verified globally)	CD1C	0.036236490781945324
DC_core	B	1573			raw UMI counts (same sparse zero pattern as X verified globally)	CST3	0.006357279084551812
DC_core	B	1573			raw UMI counts (same sparse zero pattern as X verified globally)	HLA-DRA	0.15130324221233313
DC_core	B	1573			raw UMI counts (same sparse zero pattern as X verified globally)	HLA-DPA1	0.09218054672600128
DC_core	B	1573			raw UMI counts (same sparse zero pattern as X verified globally)	HLA-DPB1	0.37380801017164655
DC_core	Beta	3152	1.0	0.9942893401015228	raw UMI counts (same sparse zero pattern as X verified globally)		
DC_core	Beta	3152			raw UMI counts (same sparse zero pattern as X verified globally)	FCER1A	0.0
DC_core	Beta	3152			raw UMI counts (same sparse zero pattern as X verified globally)	CLEC10A	0.00031725888324873094
DC_core	Beta	3152			raw UMI counts (same sparse zero pattern as X verified globally)	CD1C	0.00031725888324873094
DC_core	Beta	3152			raw UMI counts (same sparse zero pattern as X verified globally)	CST3	0.0015862944162436548
DC_core	Beta	3152			raw UMI counts (same sparse zero pattern as X verified globally)	HLA-DRA	0.0009517766497461929
DC_core	Beta	3152			raw UMI counts (same sparse zero pattern as X verified globally)	HLA-DPA1	0.0015862944162436548
DC_core	Beta	3152			raw UMI counts (same sparse zero pattern as X verified globally)	HLA-DPB1	0.0012690355329949238
DC_core	CAF	44369	1.0	0.9696635037976966	raw UMI counts (same sparse zero pattern as X verified globally)		
DC_core	CAF	44369			raw UMI counts (same sparse zero pattern as X verified globally)	FCER1A	0.0005183799499650657
DC_core	CAF	44369			raw UMI counts (same sparse zero pattern as X verified globally)	CLEC10A	0.00040568865649439923
DC_core	CAF	44369			raw UMI counts (same sparse zero pattern as X verified globally)	CD1C	0.00011269129347066645
DC_core	CAF	44369			raw UMI counts (same sparse zero pattern as X verified globally)	CST3	0.023191868196263156
DC_core	CAF	44369			raw UMI counts (same sparse zero pattern as X verified globally)	HLA-DRA	0.0015326015912010638
DC_core	CAF	44369			raw UMI counts (same sparse zero pattern as X verified globally)	HLA-DPA1	0.001307219004259731
DC_core	CAF	44369			raw UMI counts (same sparse zero pattern as X verified globally)	HLA-DPB1	0.004552728256214925
DC_core	CD4+ T	1839	1.0	0.957041870581838	raw UMI counts (same sparse zero pattern as X verified globally)		
DC_core	CD4+ T	1839			raw UMI counts (same sparse zero pattern as X verified globally)	FCER1A	0.001087547580206634
DC_core	CD4+ T	1839			raw UMI counts (same sparse zero pattern as X verified globally)	CLEC10A	0.000543773790103317
DC_core	CD4+ T	1839			raw UMI counts (same sparse zero pattern as X verified globally)	CD1C	0.001087547580206634
DC_core	CD4+ T	1839			raw UMI counts (same sparse zero pattern as X verified globally)	CST3	0.001087547580206634
DC_core	CD4+ T	1839			raw UMI counts (same sparse zero pattern as X verified globally)	HLA-DRA	0.005981511691136488
DC_core	CD4+ T	1839			raw UMI counts (same sparse zero pattern as X verified globally)	HLA-DPA1	0.004893964110929853
DC_core	CD4+ T	1839			raw UMI counts (same sparse zero pattern as X verified globally)	HLA-DPB1	0.034801522566612286
DC_core	CD8+ T	2526	1.0	0.9528899445764054	raw UMI counts (same sparse zero pattern as X verified globally)		
DC_core	CD8+ T	2526			raw UMI counts (same sparse zero pattern as X verified globally)	FCER1A	0.000395882818685669
DC_core	CD8+ T	2526			raw UMI counts (same sparse zero pattern as X verified globally)	CLEC10A	0.0011876484560570072
DC_core	CD8+ T	2526			raw UMI counts (same sparse zero pattern as X verified globally)	CD1C	0.000395882818685669
DC_core	CD8+ T	2526			raw UMI counts (same sparse zero pattern as X verified globally)	CST3	0.0023752969121140144
DC_core	CD8+ T	2526			raw UMI counts (same sparse zero pattern as X verified globally)	HLA-DRA	0.011480601741884403
DC_core	CD8+ T	2526			raw UMI counts (same sparse zero pattern as X verified globally)	HLA-DPA1	0.009501187648456057
DC_core	CD8+ T	2526			raw UMI counts (same sparse zero pattern as X verified globally)	HLA-DPB1	0.02494061757719715
DC_core	CD8+ T (dysfunctional)	967	1.0	0.905894519131334	raw UMI counts (same sparse zero pattern as X verified globally)		
DC_core	CD8+ T (dysfunctional)	967			raw UMI counts (same sparse zero pattern as X verified globally)	FCER1A	0.0
DC_core	CD8+ T (dysfunctional)	967			raw UMI counts (same sparse zero pattern as X verified globally)	CLEC10A	0.0
DC_core	CD8+ T (dysfunctional)	967			raw UMI counts (same sparse zero pattern as X verified globally)	CD1C	0.001034126163391934
DC_core	CD8+ T (dysfunctional)	967			raw UMI counts (same sparse zero pattern as X verified globally)	CST3	0.0
DC_core	CD8+ T (dysfunctional)	967			raw UMI counts (same sparse zero pattern as X verified globally)	HLA-DRA	0.008273009307135471
DC_core	CD8+ T (dysfunctional)	967			raw UMI counts (same sparse zero pattern as X verified globally)	HLA-DPA1	0.01344364012409514
DC_core	CD8+ T (dysfunctional)	967			raw UMI counts (same sparse zero pattern as X verified globally)	HLA-DPB1	0.0734229576008273
DC_core	CD8+ T (progenitor dysfunctional)	142	1.0	0.9366197183098591	raw UMI counts (same sparse zero pattern as X verified globally)		
DC_core	CD8+ T (progenitor dysfunctional)	142			raw UMI counts (same sparse zero pattern as X verified globally)	FCER1A	0.0
DC_core	CD8+ T (progenitor dysfunctional)	142			raw UMI counts (same sparse zero pattern as X verified globally)	CLEC10A	0.0
DC_core	CD8+ T (progenitor dysfunctional)	142			raw UMI counts (same sparse zero pattern as X verified globally)	CD1C	0.0
DC_core	CD8+ T (progenitor dysfunctional)	142			raw UMI counts (same sparse zero pattern as X verified globally)	CST3	0.014084507042253521
DC_core	CD8+ T (progenitor dysfunctional)	142			raw UMI counts (same sparse zero pattern as X verified globally)	HLA-DRA	0.014084507042253521
DC_core	CD8+ T (progenitor dysfunctional)	142			raw UMI counts (same sparse zero pattern as X verified globally)	HLA-DPA1	0.014084507042253521
DC_core	CD8+ T (progenitor dysfunctional)	142			raw UMI counts (same sparse zero pattern as X verified globally)	HLA-DPB1	0.028169014084507043
DC_core	CD8+ T (terminally dysfunctional)	419	1.0	0.883054892601432	raw UMI counts (same sparse zero pattern as X verified globally)		
DC_core	CD8+ T (terminally dysfunctional)	419			raw UMI counts (same sparse zero pattern as X verified globally)	FCER1A	0.0
DC_core	CD8+ T (terminally dysfunctional)	419			raw UMI counts (same sparse zero pattern as X verified globally)	CLEC10A	0.0
DC_core	CD8+ T (terminally dysfunctional)	419			raw UMI counts (same sparse zero pattern as X verified globally)	CD1C	0.007159904534606206
DC_core	CD8+ T (terminally dysfunctional)	419			raw UMI counts (same sparse zero pattern as X verified globally)	CST3	0.002386634844868735
DC_core	CD8+ T (terminally dysfunctional)	419			raw UMI counts (same sparse zero pattern as X verified globally)	HLA-DRA	0.007159904534606206
DC_core	CD8+ T (terminally dysfunctional)	419			raw UMI counts (same sparse zero pattern as X verified globally)	HLA-DPA1	0.014319809069212411
DC_core	CD8+ T (terminally dysfunctional)	419			raw UMI counts (same sparse zero pattern as X verified globally)	HLA-DPB1	0.09069212410501193
DC_core	Delta	556	1.0	0.987410071942446	raw UMI counts (same sparse zero pattern as X verified globally)		
DC_core	Delta	556			raw UMI counts (same sparse zero pattern as X verified globally)	FCER1A	0.0
DC_core	Delta	556			raw UMI counts (same sparse zero pattern as X verified globally)	CLEC10A	0.0
DC_core	Delta	556			raw UMI counts (same sparse zero pattern as X verified globally)	CD1C	0.0017985611510791368
DC_core	Delta	556			raw UMI counts (same sparse zero pattern as X verified globally)	CST3	0.008992805755395683
DC_core	Delta	556			raw UMI counts (same sparse zero pattern as X verified globally)	HLA-DRA	0.0
DC_core	Delta	556			raw UMI counts (same sparse zero pattern as X verified globally)	HLA-DPA1	0.0
DC_core	Delta	556			raw UMI counts (same sparse zero pattern as X verified globally)	HLA-DPB1	0.0017985611510791368
DC_core	Dendritic (activated)	91	1.0	0.42857142857142855	raw UMI counts (same sparse zero pattern as X verified globally)		
DC_core	Dendritic (activated)	91			raw UMI counts (same sparse zero pattern as X verified globally)	FCER1A	0.0
DC_core	Dendritic (activated)	91			raw UMI counts (same sparse zero pattern as X verified globally)	CLEC10A	0.04395604395604396
DC_core	Dendritic (activated)	91			raw UMI counts (same sparse zero pattern as X verified globally)	CD1C	0.01098901098901099
DC_core	Dendritic (activated)	91			raw UMI counts (same sparse zero pattern as X verified globally)	CST3	0.02197802197802198
DC_core	Dendritic (activated)	91			raw UMI counts (same sparse zero pattern as X verified globally)	HLA-DRA	0.3076923076923077
DC_core	Dendritic (activated)	91			raw UMI counts (same sparse zero pattern as X verified globally)	HLA-DPA1	0.2087912087912088
DC_core	Dendritic (activated)	91			raw UMI counts (same sparse zero pattern as X verified globally)	HLA-DPB1	0.38461538461538464
DC_core	Dendritic (conventional type 1)	181	1.0	0.09392265193370165	raw UMI counts (same sparse zero pattern as X verified globally)		
DC_core	Dendritic (conventional type 1)	181			raw UMI counts (same sparse zero pattern as X verified globally)	FCER1A	0.0055248618784530384
DC_core	Dendritic (conventional type 1)	181			raw UMI counts (same sparse zero pattern as X verified globally)	CLEC10A	0.0
DC_core	Dendritic (conventional type 1)	181			raw UMI counts (same sparse zero pattern as X verified globally)	CD1C	0.011049723756906077
DC_core	Dendritic (conventional type 1)	181			raw UMI counts (same sparse zero pattern as X verified globally)	CST3	0.03314917127071823
DC_core	Dendritic (conventional type 1)	181			raw UMI counts (same sparse zero pattern as X verified globally)	HLA-DRA	0.6740331491712708
DC_core	Dendritic (conventional type 1)	181			raw UMI counts (same sparse zero pattern as X verified globally)	HLA-DPA1	0.569060773480663
DC_core	Dendritic (conventional type 1)	181			raw UMI counts (same sparse zero pattern as X verified globally)	HLA-DPB1	0.7845303867403315
DC_core	Dendritic (conventional type 2)	1008	1.0	0.16765873015873015	raw UMI counts (same sparse zero pattern as X verified globally)		
DC_core	Dendritic (conventional type 2)	1008			raw UMI counts (same sparse zero pattern as X verified globally)	FCER1A	0.028769841269841268
DC_core	Dendritic (conventional type 2)	1008			raw UMI counts (same sparse zero pattern as X verified globally)	CLEC10A	0.21626984126984128
DC_core	Dendritic (conventional type 2)	1008			raw UMI counts (same sparse zero pattern as X verified globally)	CD1C	0.1884920634920635
DC_core	Dendritic (conventional type 2)	1008			raw UMI counts (same sparse zero pattern as X verified globally)	CST3	0.00496031746031746
DC_core	Dendritic (conventional type 2)	1008			raw UMI counts (same sparse zero pattern as X verified globally)	HLA-DRA	0.46726190476190477
DC_core	Dendritic (conventional type 2)	1008			raw UMI counts (same sparse zero pattern as X verified globally)	HLA-DPA1	0.2926587301587302
DC_core	Dendritic (conventional type 2)	1008			raw UMI counts (same sparse zero pattern as X verified globally)	HLA-DPB1	0.5446428571428571
DC_core	Dendritic (plasmacytoid)	139	1.0	0.5683453237410072	raw UMI counts (same sparse zero pattern as X verified globally)		
DC_core	Dendritic (plasmacytoid)	139			raw UMI counts (same sparse zero pattern as X verified globally)	FCER1A	0.007194244604316547
DC_core	Dendritic (plasmacytoid)	139			raw UMI counts (same sparse zero pattern as X verified globally)	CLEC10A	0.0
DC_core	Dendritic (plasmacytoid)	139			raw UMI counts (same sparse zero pattern as X verified globally)	CD1C	0.02877697841726619
DC_core	Dendritic (plasmacytoid)	139			raw UMI counts (same sparse zero pattern as X verified globally)	CST3	0.014388489208633094
DC_core	Dendritic (plasmacytoid)	139			raw UMI counts (same sparse zero pattern as X verified globally)	HLA-DRA	0.1223021582733813
DC_core	Dendritic (plasmacytoid)	139			raw UMI counts (same sparse zero pattern as X verified globally)	HLA-DPA1	0.05755395683453238
DC_core	Dendritic (plasmacytoid)	139			raw UMI counts (same sparse zero pattern as X verified globally)	HLA-DPB1	0.30935251798561153
DC_core	Ductal	24627	1.0	0.9628862630446258	raw UMI counts (same sparse zero pattern as X verified globally)		
DC_core	Ductal	24627			raw UMI counts (same sparse zero pattern as X verified globally)	FCER1A	0.00024363503471799245
DC_core	Ductal	24627			raw UMI counts (same sparse zero pattern as X verified globally)	CLEC10A	0.00020302919559832703
DC_core	Ductal	24627			raw UMI counts (same sparse zero pattern as X verified globally)	CD1C	0.00024363503471799245
DC_core	Ductal	24627			raw UMI counts (same sparse zero pattern as X verified globally)	CST3	0.00397937223372721
DC_core	Ductal	24627			raw UMI counts (same sparse zero pattern as X verified globally)	HLA-DRA	0.004223007268445203
DC_core	Ductal	24627			raw UMI counts (same sparse zero pattern as X verified globally)	HLA-DPA1	0.0015024160474276201
DC_core	Ductal	24627			raw UMI counts (same sparse zero pattern as X verified globally)	HLA-DPB1	0.028424087383765787
DC_core	Ductal (atypical)	4991	1.0	0.9324784612302144	raw UMI counts (same sparse zero pattern as X verified globally)		
DC_core	Ductal (atypical)	4991			raw UMI counts (same sparse zero pattern as X verified globally)	FCER1A	0.0002003606491685033
DC_core	Ductal (atypical)	4991			raw UMI counts (same sparse zero pattern as X verified globally)	CLEC10A	0.0002003606491685033
DC_core	Ductal (atypical)	4991			raw UMI counts (same sparse zero pattern as X verified globally)	CD1C	0.0004007212983370066
DC_core	Ductal (atypical)	4991			raw UMI counts (same sparse zero pattern as X verified globally)	CST3	0.021037868162692847
DC_core	Ductal (atypical)	4991			raw UMI counts (same sparse zero pattern as X verified globally)	HLA-DRA	0.01462632738930074
DC_core	Ductal (atypical)	4991			raw UMI counts (same sparse zero pattern as X verified globally)	HLA-DPA1	0.005810458825886596
DC_core	Ductal (atypical)	4991			raw UMI counts (same sparse zero pattern as X verified globally)	HLA-DPB1	0.03706672009617311
DC_core	Epsilon	46	1.0	1.0	raw UMI counts (same sparse zero pattern as X verified globally)		
DC_core	Epsilon	46			raw UMI counts (same sparse zero pattern as X verified globally)	FCER1A	0.0
DC_core	Epsilon	46			raw UMI counts (same sparse zero pattern as X verified globally)	CLEC10A	0.0
DC_core	Epsilon	46			raw UMI counts (same sparse zero pattern as X verified globally)	CD1C	0.0
DC_core	Epsilon	46			raw UMI counts (same sparse zero pattern as X verified globally)	CST3	0.0
DC_core	Epsilon	46			raw UMI counts (same sparse zero pattern as X verified globally)	HLA-DRA	0.0
DC_core	Epsilon	46			raw UMI counts (same sparse zero pattern as X verified globally)	HLA-DPA1	0.0
DC_core	Epsilon	46			raw UMI counts (same sparse zero pattern as X verified globally)	HLA-DPB1	0.0
DC_core	Gamma	1716	1.0	0.993006993006993	raw UMI counts (same sparse zero pattern as X verified globally)		
DC_core	Gamma	1716			raw UMI counts (same sparse zero pattern as X verified globally)	FCER1A	0.0
DC_core	Gamma	1716			raw UMI counts (same sparse zero pattern as X verified globally)	CLEC10A	0.0
DC_core	Gamma	1716			raw UMI counts (same sparse zero pattern as X verified globally)	CD1C	0.0
DC_core	Gamma	1716			raw UMI counts (same sparse zero pattern as X verified globally)	CST3	0.004079254079254079
DC_core	Gamma	1716			raw UMI counts (same sparse zero pattern as X verified globally)	HLA-DRA	0.0
DC_core	Gamma	1716			raw UMI counts (same sparse zero pattern as X verified globally)	HLA-DPA1	0.0011655011655011655
DC_core	Gamma	1716			raw UMI counts (same sparse zero pattern as X verified globally)	HLA-DPB1	0.002331002331002331
DC_core	Hormone-negative neuroendocrine	1608	1.0	0.9900497512437811	raw UMI counts (same sparse zero pattern as X verified globally)		
DC_core	Hormone-negative neuroendocrine	1608			raw UMI counts (same sparse zero pattern as X verified globally)	FCER1A	0.0006218905472636816
DC_core	Hormone-negative neuroendocrine	1608			raw UMI counts (same sparse zero pattern as X verified globally)	CLEC10A	0.0006218905472636816
DC_core	Hormone-negative neuroendocrine	1608			raw UMI counts (same sparse zero pattern as X verified globally)	CD1C	0.0
DC_core	Hormone-negative neuroendocrine	1608			raw UMI counts (same sparse zero pattern as X verified globally)	CST3	0.006840796019900498
DC_core	Hormone-negative neuroendocrine	1608			raw UMI counts (same sparse zero pattern as X verified globally)	HLA-DRA	0.0024875621890547263
DC_core	Hormone-negative neuroendocrine	1608			raw UMI counts (same sparse zero pattern as X verified globally)	HLA-DPA1	0.0012437810945273632
DC_core	Hormone-negative neuroendocrine	1608			raw UMI counts (same sparse zero pattern as X verified globally)	HLA-DPB1	0.0012437810945273632
DC_core	Intra-pancreatic neurons	25	1.0	1.0	raw UMI counts (same sparse zero pattern as X verified globally)		
DC_core	Intra-pancreatic neurons	25			raw UMI counts (same sparse zero pattern as X verified globally)	FCER1A	0.0
DC_core	Intra-pancreatic neurons	25			raw UMI counts (same sparse zero pattern as X verified globally)	CLEC10A	0.0
DC_core	Intra-pancreatic neurons	25			raw UMI counts (same sparse zero pattern as X verified globally)	CD1C	0.0
DC_core	Intra-pancreatic neurons	25			raw UMI counts (same sparse zero pattern as X verified globally)	CST3	0.0
DC_core	Intra-pancreatic neurons	25			raw UMI counts (same sparse zero pattern as X verified globally)	HLA-DRA	0.0
DC_core	Intra-pancreatic neurons	25			raw UMI counts (same sparse zero pattern as X verified globally)	HLA-DPA1	0.0
DC_core	Intra-pancreatic neurons	25			raw UMI counts (same sparse zero pattern as X verified globally)	HLA-DPB1	0.0
DC_core	Lymphatic	1645	1.0	0.9331306990881459	raw UMI counts (same sparse zero pattern as X verified globally)		
DC_core	Lymphatic	1645			raw UMI counts (same sparse zero pattern as X verified globally)	FCER1A	0.0012158054711246201
DC_core	Lymphatic	1645			raw UMI counts (same sparse zero pattern as X verified globally)	CLEC10A	0.00729483282674772
DC_core	Lymphatic	1645			raw UMI counts (same sparse zero pattern as X verified globally)	CD1C	0.0012158054711246201
DC_core	Lymphatic	1645			raw UMI counts (same sparse zero pattern as X verified globally)	CST3	0.01398176291793313
DC_core	Lymphatic	1645			raw UMI counts (same sparse zero pattern as X verified globally)	HLA-DRA	0.007902735562310031
DC_core	Lymphatic	1645			raw UMI counts (same sparse zero pattern as X verified globally)	HLA-DPA1	0.01033434650455927
DC_core	Lymphatic	1645			raw UMI counts (same sparse zero pattern as X verified globally)	HLA-DPB1	0.02857142857142857
DC_core	Macrophage	10140	1.0	0.5088757396449705	raw UMI counts (same sparse zero pattern as X verified globally)		
DC_core	Macrophage	10140			raw UMI counts (same sparse zero pattern as X verified globally)	FCER1A	0.0001972386587771203
DC_core	Macrophage	10140			raw UMI counts (same sparse zero pattern as X verified globally)	CLEC10A	0.022287968441814597
DC_core	Macrophage	10140			raw UMI counts (same sparse zero pattern as X verified globally)	CD1C	0.004240631163708087
DC_core	Macrophage	10140			raw UMI counts (same sparse zero pattern as X verified globally)	CST3	0.015187376725838263
DC_core	Macrophage	10140			raw UMI counts (same sparse zero pattern as X verified globally)	HLA-DRA	0.26646942800788953
DC_core	Macrophage	10140			raw UMI counts (same sparse zero pattern as X verified globally)	HLA-DPA1	0.12159763313609467
DC_core	Macrophage	10140			raw UMI counts (same sparse zero pattern as X verified globally)	HLA-DPB1	0.2857001972386588
DC_core	Malignant	64538	1.0	0.9247730019523381	raw UMI counts (same sparse zero pattern as X verified globally)		
DC_core	Malignant	64538			raw UMI counts (same sparse zero pattern as X verified globally)	FCER1A	0.0002014317146487341
DC_core	Malignant	64538			raw UMI counts (same sparse zero pattern as X verified globally)	CLEC10A	0.00023242120921007777
DC_core	Malignant	64538			raw UMI counts (same sparse zero pattern as X verified globally)	CD1C	0.00017044222008739038
DC_core	Malignant	64538			raw UMI counts (same sparse zero pattern as X verified globally)	CST3	0.05939136632681521
DC_core	Malignant	64538			raw UMI counts (same sparse zero pattern as X verified globally)	HLA-DRA	0.01028851219436611
DC_core	Malignant	64538			raw UMI counts (same sparse zero pattern as X verified globally)	HLA-DPA1	0.005485140537357836
DC_core	Malignant	64538			raw UMI counts (same sparse zero pattern as X verified globally)	HLA-DPB1	0.008274195047878768
DC_core	Mast	281	1.0	0.9395017793594306	raw UMI counts (same sparse zero pattern as X verified globally)		
DC_core	Mast	281			raw UMI counts (same sparse zero pattern as X verified globally)	FCER1A	0.0035587188612099642
DC_core	Mast	281			raw UMI counts (same sparse zero pattern as X verified globally)	CLEC10A	0.0035587188612099642
DC_core	Mast	281			raw UMI counts (same sparse zero pattern as X verified globally)	CD1C	0.0
DC_core	Mast	281			raw UMI counts (same sparse zero pattern as X verified globally)	CST3	0.0
DC_core	Mast	281			raw UMI counts (same sparse zero pattern as X verified globally)	HLA-DRA	0.03202846975088968
DC_core	Mast	281			raw UMI counts (same sparse zero pattern as X verified globally)	HLA-DPA1	0.0071174377224199285
DC_core	Mast	281			raw UMI counts (same sparse zero pattern as X verified globally)	HLA-DPB1	0.021352313167259787
DC_core	Natural killer	927	1.0	0.8996763754045307	raw UMI counts (same sparse zero pattern as X verified globally)		
DC_core	Natural killer	927			raw UMI counts (same sparse zero pattern as X verified globally)	FCER1A	0.0
DC_core	Natural killer	927			raw UMI counts (same sparse zero pattern as X verified globally)	CLEC10A	0.002157497303128371
DC_core	Natural killer	927			raw UMI counts (same sparse zero pattern as X verified globally)	CD1C	0.005393743257820928
DC_core	Natural killer	927			raw UMI counts (same sparse zero pattern as X verified globally)	CST3	0.0
DC_core	Natural killer	927			raw UMI counts (same sparse zero pattern as X verified globally)	HLA-DRA	0.020496224379719527
DC_core	Natural killer	927			raw UMI counts (same sparse zero pattern as X verified globally)	HLA-DPA1	0.009708737864077669
DC_core	Natural killer	927			raw UMI counts (same sparse zero pattern as X verified globally)	HLA-DPB1	0.06796116504854369
DC_core	Neutrophil	98	1.0	0.8367346938775511	raw UMI counts (same sparse zero pattern as X verified globally)		
DC_core	Neutrophil	98			raw UMI counts (same sparse zero pattern as X verified globally)	FCER1A	0.01020408163265306
DC_core	Neutrophil	98			raw UMI counts (same sparse zero pattern as X verified globally)	CLEC10A	0.01020408163265306
DC_core	Neutrophil	98			raw UMI counts (same sparse zero pattern as X verified globally)	CD1C	0.01020408163265306
DC_core	Neutrophil	98			raw UMI counts (same sparse zero pattern as X verified globally)	CST3	0.02040816326530612
DC_core	Neutrophil	98			raw UMI counts (same sparse zero pattern as X verified globally)	HLA-DRA	0.12244897959183673
DC_core	Neutrophil	98			raw UMI counts (same sparse zero pattern as X verified globally)	HLA-DPA1	0.0
DC_core	Neutrophil	98			raw UMI counts (same sparse zero pattern as X verified globally)	HLA-DPB1	0.02040816326530612
DC_core	Pericyte	11779	1.0	0.9615417268019356	raw UMI counts (same sparse zero pattern as X verified globally)		
DC_core	Pericyte	11779			raw UMI counts (same sparse zero pattern as X verified globally)	FCER1A	0.0008489685032685287
DC_core	Pericyte	11779			raw UMI counts (same sparse zero pattern as X verified globally)	CLEC10A	0.000679174802614823
DC_core	Pericyte	11779			raw UMI counts (same sparse zero pattern as X verified globally)	CD1C	0.00016979370065370574
DC_core	Pericyte	11779			raw UMI counts (same sparse zero pattern as X verified globally)	CST3	0.02122421258171322
DC_core	Pericyte	11779			raw UMI counts (same sparse zero pattern as X verified globally)	HLA-DRA	0.003990151965362085
DC_core	Pericyte	11779			raw UMI counts (same sparse zero pattern as X verified globally)	HLA-DPA1	0.0030562866117667033
DC_core	Pericyte	11779			raw UMI counts (same sparse zero pattern as X verified globally)	HLA-DPB1	0.011630868494778844
DC_core	Plasma	282	1.0	0.6347517730496454	raw UMI counts (same sparse zero pattern as X verified globally)		
DC_core	Plasma	282			raw UMI counts (same sparse zero pattern as X verified globally)	FCER1A	0.0
DC_core	Plasma	282			raw UMI counts (same sparse zero pattern as X verified globally)	CLEC10A	0.024822695035460994
DC_core	Plasma	282			raw UMI counts (same sparse zero pattern as X verified globally)	CD1C	0.0070921985815602835
DC_core	Plasma	282			raw UMI counts (same sparse zero pattern as X verified globally)	CST3	0.0070921985815602835
DC_core	Plasma	282			raw UMI counts (same sparse zero pattern as X verified globally)	HLA-DRA	0.13120567375886524
DC_core	Plasma	282			raw UMI counts (same sparse zero pattern as X verified globally)	HLA-DPA1	0.08865248226950355
DC_core	Plasma	282			raw UMI counts (same sparse zero pattern as X verified globally)	HLA-DPB1	0.28368794326241137
DC_core	Schwann	1824	1.0	0.9002192982456141	raw UMI counts (same sparse zero pattern as X verified globally)		
DC_core	Schwann	1824			raw UMI counts (same sparse zero pattern as X verified globally)	FCER1A	0.0
DC_core	Schwann	1824			raw UMI counts (same sparse zero pattern as X verified globally)	CLEC10A	0.0005482456140350877
DC_core	Schwann	1824			raw UMI counts (same sparse zero pattern as X verified globally)	CD1C	0.0010964912280701754
DC_core	Schwann	1824			raw UMI counts (same sparse zero pattern as X verified globally)	CST3	0.044407894736842105
DC_core	Schwann	1824			raw UMI counts (same sparse zero pattern as X verified globally)	HLA-DRA	0.01864035087719298
DC_core	Schwann	1824			raw UMI counts (same sparse zero pattern as X verified globally)	HLA-DPA1	0.010964912280701754
DC_core	Schwann	1824			raw UMI counts (same sparse zero pattern as X verified globally)	HLA-DPB1	0.04057017543859649
DC_core	Treg	463	1.0	0.9395248380129589	raw UMI counts (same sparse zero pattern as X verified globally)		
DC_core	Treg	463			raw UMI counts (same sparse zero pattern as X verified globally)	FCER1A	0.0
DC_core	Treg	463			raw UMI counts (same sparse zero pattern as X verified globally)	CLEC10A	0.0
DC_core	Treg	463			raw UMI counts (same sparse zero pattern as X verified globally)	CD1C	0.0
DC_core	Treg	463			raw UMI counts (same sparse zero pattern as X verified globally)	CST3	0.0
DC_core	Treg	463			raw UMI counts (same sparse zero pattern as X verified globally)	HLA-DRA	0.008639308855291577
DC_core	Treg	463			raw UMI counts (same sparse zero pattern as X verified globally)	HLA-DPA1	0.004319654427645789
DC_core	Treg	463			raw UMI counts (same sparse zero pattern as X verified globally)	HLA-DPB1	0.047516198704103674
DC_core	Treg (activated)	266	1.0	0.9135338345864662	raw UMI counts (same sparse zero pattern as X verified globally)		
DC_core	Treg (activated)	266			raw UMI counts (same sparse zero pattern as X verified globally)	FCER1A	0.0
DC_core	Treg (activated)	266			raw UMI counts (same sparse zero pattern as X verified globally)	CLEC10A	0.0
DC_core	Treg (activated)	266			raw UMI counts (same sparse zero pattern as X verified globally)	CD1C	0.0
DC_core	Treg (activated)	266			raw UMI counts (same sparse zero pattern as X verified globally)	CST3	0.0
DC_core	Treg (activated)	266			raw UMI counts (same sparse zero pattern as X verified globally)	HLA-DRA	0.022556390977443608
DC_core	Treg (activated)	266			raw UMI counts (same sparse zero pattern as X verified globally)	HLA-DPA1	0.018796992481203006
DC_core	Treg (activated)	266			raw UMI counts (same sparse zero pattern as X verified globally)	HLA-DPB1	0.05263157894736842
DC_core	Treg (quiescent)	119	1.0	0.9663865546218487	raw UMI counts (same sparse zero pattern as X verified globally)		
DC_core	Treg (quiescent)	119			raw UMI counts (same sparse zero pattern as X verified globally)	FCER1A	0.0
DC_core	Treg (quiescent)	119			raw UMI counts (same sparse zero pattern as X verified globally)	CLEC10A	0.0
DC_core	Treg (quiescent)	119			raw UMI counts (same sparse zero pattern as X verified globally)	CD1C	0.0
DC_core	Treg (quiescent)	119			raw UMI counts (same sparse zero pattern as X verified globally)	CST3	0.0
DC_core	Treg (quiescent)	119			raw UMI counts (same sparse zero pattern as X verified globally)	HLA-DRA	0.0
DC_core	Treg (quiescent)	119			raw UMI counts (same sparse zero pattern as X verified globally)	HLA-DPA1	0.008403361344537815
DC_core	Treg (quiescent)	119			raw UMI counts (same sparse zero pattern as X verified globally)	HLA-DPB1	0.025210084033613446
DC_core	Vascular	15530	1.0	0.9486799742433999	raw UMI counts (same sparse zero pattern as X verified globally)		
DC_core	Vascular	15530			raw UMI counts (same sparse zero pattern as X verified globally)	FCER1A	0.0009658725048293626
DC_core	Vascular	15530			raw UMI counts (same sparse zero pattern as X verified globally)	CLEC10A	0.0003219575016097875
DC_core	Vascular	15530			raw UMI counts (same sparse zero pattern as X verified globally)	CD1C	0.000128783000643915
DC_core	Vascular	15530			raw UMI counts (same sparse zero pattern as X verified globally)	CST3	0.009594333547971668
DC_core	Vascular	15530			raw UMI counts (same sparse zero pattern as X verified globally)	HLA-DRA	0.005086928525434643
DC_core	Vascular	15530			raw UMI counts (same sparse zero pattern as X verified globally)	HLA-DPA1	0.008435286542176432
DC_core	Vascular	15530			raw UMI counts (same sparse zero pattern as X verified globally)	HLA-DPB1	0.029748873148744366
DC_core	Vascular smooth muscle	4711	1.0	0.9872638505625133	raw UMI counts (same sparse zero pattern as X verified globally)		
DC_core	Vascular smooth muscle	4711			raw UMI counts (same sparse zero pattern as X verified globally)	FCER1A	0.0006368074718743367
DC_core	Vascular smooth muscle	4711			raw UMI counts (same sparse zero pattern as X verified globally)	CLEC10A	0.00021226915729144556
DC_core	Vascular smooth muscle	4711			raw UMI counts (same sparse zero pattern as X verified globally)	CD1C	0.0010613457864572277
DC_core	Vascular smooth muscle	4711			raw UMI counts (same sparse zero pattern as X verified globally)	CST3	0.010613457864572278
DC_core	Vascular smooth muscle	4711			raw UMI counts (same sparse zero pattern as X verified globally)	HLA-DRA	0.00021226915729144556
DC_core	Vascular smooth muscle	4711			raw UMI counts (same sparse zero pattern as X verified globally)	HLA-DPA1	0.0
DC_core	Vascular smooth muscle	4711			raw UMI counts (same sparse zero pattern as X verified globally)	HLA-DPB1	0.0
DC_core	myCAF	10566	1.0	0.979178497066061	raw UMI counts (same sparse zero pattern as X verified globally)		
DC_core	myCAF	10566			raw UMI counts (same sparse zero pattern as X verified globally)	FCER1A	0.0013250047321597578
DC_core	myCAF	10566			raw UMI counts (same sparse zero pattern as X verified globally)	CLEC10A	0.0
DC_core	myCAF	10566			raw UMI counts (same sparse zero pattern as X verified globally)	CD1C	9.46431951542684e-05
DC_core	myCAF	10566			raw UMI counts (same sparse zero pattern as X verified globally)	CST3	0.014480408858603067
DC_core	myCAF	10566			raw UMI counts (same sparse zero pattern as X verified globally)	HLA-DRA	0.00047321597577134206
DC_core	myCAF	10566			raw UMI counts (same sparse zero pattern as X verified globally)	HLA-DPA1	0.0007571455612341472
DC_core	myCAF	10566			raw UMI counts (same sparse zero pattern as X verified globally)	HLA-DPB1	0.003880371001325005
broad_T	ADM	3233	1.0	0.9857717290442314	raw UMI counts (same sparse zero pattern as X verified globally)		
broad_T	ADM	3233			raw UMI counts (same sparse zero pattern as X verified globally)	TRAC	0.0009279307145066501
broad_T	ADM	3233			raw UMI counts (same sparse zero pattern as X verified globally)	TRBC1	0.0021651716671821837
broad_T	ADM	3233			raw UMI counts (same sparse zero pattern as X verified globally)	TRBC2	0.003093102381688834
broad_T	ADM	3233			raw UMI counts (same sparse zero pattern as X verified globally)	CD247	0.0046396535725332505
broad_T	ADM	3233			raw UMI counts (same sparse zero pattern as X verified globally)	LCK	0.0046396535725332505
broad_T	ADM	3233			raw UMI counts (same sparse zero pattern as X verified globally)	CD2	0.003093102381688834
broad_T	ADM	3233			raw UMI counts (same sparse zero pattern as X verified globally)	CD7	0.0
broad_T	Acinar	5171	1.0	0.9930380970798685	raw UMI counts (same sparse zero pattern as X verified globally)		
broad_T	Acinar	5171			raw UMI counts (same sparse zero pattern as X verified globally)	TRAC	0.0
broad_T	Acinar	5171			raw UMI counts (same sparse zero pattern as X verified globally)	TRBC1	0.0009669309611293754
broad_T	Acinar	5171			raw UMI counts (same sparse zero pattern as X verified globally)	TRBC2	0.0011603171533552505
broad_T	Acinar	5171			raw UMI counts (same sparse zero pattern as X verified globally)	CD247	0.0025140204989363758
broad_T	Acinar	5171			raw UMI counts (same sparse zero pattern as X verified globally)	LCK	0.0015470895378070005
broad_T	Acinar	5171			raw UMI counts (same sparse zero pattern as X verified globally)	CD2	0.0009669309611293754
broad_T	Acinar	5171			raw UMI counts (same sparse zero pattern as X verified globally)	CD7	0.0
broad_T	Acinar (REG+)	186	1.0	0.967741935483871	raw UMI counts (same sparse zero pattern as X verified globally)		
broad_T	Acinar (REG+)	186			raw UMI counts (same sparse zero pattern as X verified globally)	TRAC	0.0
broad_T	Acinar (REG+)	186			raw UMI counts (same sparse zero pattern as X verified globally)	TRBC1	0.0
broad_T	Acinar (REG+)	186			raw UMI counts (same sparse zero pattern as X verified globally)	TRBC2	0.0
broad_T	Acinar (REG+)	186			raw UMI counts (same sparse zero pattern as X verified globally)	CD247	0.005376344086021506
broad_T	Acinar (REG+)	186			raw UMI counts (same sparse zero pattern as X verified globally)	LCK	0.010752688172043012
broad_T	Acinar (REG+)	186			raw UMI counts (same sparse zero pattern as X verified globally)	CD2	0.010752688172043012
broad_T	Acinar (REG+)	186			raw UMI counts (same sparse zero pattern as X verified globally)	CD7	0.005376344086021506
broad_T	Adipocyte	531	1.0	0.9642184557438794	raw UMI counts (same sparse zero pattern as X verified globally)		
broad_T	Adipocyte	531			raw UMI counts (same sparse zero pattern as X verified globally)	TRAC	0.0018832391713747645
broad_T	Adipocyte	531			raw UMI counts (same sparse zero pattern as X verified globally)	TRBC1	0.0018832391713747645
broad_T	Adipocyte	531			raw UMI counts (same sparse zero pattern as X verified globally)	TRBC2	0.005649717514124294
broad_T	Adipocyte	531			raw UMI counts (same sparse zero pattern as X verified globally)	CD247	0.02071563088512241
broad_T	Adipocyte	531			raw UMI counts (same sparse zero pattern as X verified globally)	LCK	0.007532956685499058
broad_T	Adipocyte	531			raw UMI counts (same sparse zero pattern as X verified globally)	CD2	0.005649717514124294
broad_T	Adipocyte	531			raw UMI counts (same sparse zero pattern as X verified globally)	CD7	0.0
broad_T	Alpha	2723	1.0	0.9948586118251928	raw UMI counts (same sparse zero pattern as X verified globally)		
broad_T	Alpha	2723			raw UMI counts (same sparse zero pattern as X verified globally)	TRAC	0.0
broad_T	Alpha	2723			raw UMI counts (same sparse zero pattern as X verified globally)	TRBC1	0.0
broad_T	Alpha	2723			raw UMI counts (same sparse zero pattern as X verified globally)	TRBC2	0.0007344840249724568
broad_T	Alpha	2723			raw UMI counts (same sparse zero pattern as X verified globally)	CD247	0.003672420124862284
broad_T	Alpha	2723			raw UMI counts (same sparse zero pattern as X verified globally)	LCK	0.0003672420124862284
broad_T	Alpha	2723			raw UMI counts (same sparse zero pattern as X verified globally)	CD2	0.0014689680499449136
broad_T	Alpha	2723			raw UMI counts (same sparse zero pattern as X verified globally)	CD7	0.0
broad_T	B	1573	1.0	0.6236490781945327	raw UMI counts (same sparse zero pattern as X verified globally)		
broad_T	B	1573			raw UMI counts (same sparse zero pattern as X verified globally)	TRAC	0.027972027972027972
broad_T	B	1573			raw UMI counts (same sparse zero pattern as X verified globally)	TRBC1	0.052765416401780035
broad_T	B	1573			raw UMI counts (same sparse zero pattern as X verified globally)	TRBC2	0.05848696757787667
broad_T	B	1573			raw UMI counts (same sparse zero pattern as X verified globally)	CD247	0.2193261284170375
broad_T	B	1573			raw UMI counts (same sparse zero pattern as X verified globally)	LCK	0.19453273998728543
broad_T	B	1573			raw UMI counts (same sparse zero pattern as X verified globally)	CD2	0.094723458359822
broad_T	B	1573			raw UMI counts (same sparse zero pattern as X verified globally)	CD7	0.017164653528289893
broad_T	Beta	3152	1.0	0.9892131979695431	raw UMI counts (same sparse zero pattern as X verified globally)		
broad_T	Beta	3152			raw UMI counts (same sparse zero pattern as X verified globally)	TRAC	0.00031725888324873094
broad_T	Beta	3152			raw UMI counts (same sparse zero pattern as X verified globally)	TRBC1	0.0
broad_T	Beta	3152			raw UMI counts (same sparse zero pattern as X verified globally)	TRBC2	0.0006345177664974619
broad_T	Beta	3152			raw UMI counts (same sparse zero pattern as X verified globally)	CD247	0.005393401015228426
broad_T	Beta	3152			raw UMI counts (same sparse zero pattern as X verified globally)	LCK	0.0031725888324873096
broad_T	Beta	3152			raw UMI counts (same sparse zero pattern as X verified globally)	CD2	0.002220812182741117
broad_T	Beta	3152			raw UMI counts (same sparse zero pattern as X verified globally)	CD7	0.0006345177664974619
broad_T	CAF	44369	1.0	0.9891365593094278	raw UMI counts (same sparse zero pattern as X verified globally)		
broad_T	CAF	44369			raw UMI counts (same sparse zero pattern as X verified globally)	TRAC	0.0008113773129887985
broad_T	CAF	44369			raw UMI counts (same sparse zero pattern as X verified globally)	TRBC1	0.0005859947260474656
broad_T	CAF	44369			raw UMI counts (same sparse zero pattern as X verified globally)	TRBC2	0.0006761477608239987
broad_T	CAF	44369			raw UMI counts (same sparse zero pattern as X verified globally)	CD247	0.005995176812639455
broad_T	CAF	44369			raw UMI counts (same sparse zero pattern as X verified globally)	LCK	0.0020284432824719963
broad_T	CAF	44369			raw UMI counts (same sparse zero pattern as X verified globally)	CD2	0.0014424485564245306
broad_T	CAF	44369			raw UMI counts (same sparse zero pattern as X verified globally)	CD7	0.0004958416912709324
broad_T	CD4+ T	1839	1.0	0.10114192495921696	raw UMI counts (same sparse zero pattern as X verified globally)		
broad_T	CD4+ T	1839			raw UMI counts (same sparse zero pattern as X verified globally)	TRAC	0.0864600326264274
broad_T	CD4+ T	1839			raw UMI counts (same sparse zero pattern as X verified globally)	TRBC1	0.11854268624252311
broad_T	CD4+ T	1839			raw UMI counts (same sparse zero pattern as X verified globally)	TRBC2	0.09026644915715062
broad_T	CD4+ T	1839			raw UMI counts (same sparse zero pattern as X verified globally)	CD247	0.7275693311582382
broad_T	CD4+ T	1839			raw UMI counts (same sparse zero pattern as X verified globally)	LCK	0.43338771071234367
broad_T	CD4+ T	1839			raw UMI counts (same sparse zero pattern as X verified globally)	CD2	0.3126699293094073
broad_T	CD4+ T	1839			raw UMI counts (same sparse zero pattern as X verified globally)	CD7	0.0413268080478521
broad_T	CD8+ T	2526	1.0	0.27276326207442597	raw UMI counts (same sparse zero pattern as X verified globally)		
broad_T	CD8+ T	2526			raw UMI counts (same sparse zero pattern as X verified globally)	TRAC	0.060174188440221696
broad_T	CD8+ T	2526			raw UMI counts (same sparse zero pattern as X verified globally)	TRBC1	0.050673000791765635
broad_T	CD8+ T	2526			raw UMI counts (same sparse zero pattern as X verified globally)	TRBC2	0.05661124307205067
broad_T	CD8+ T	2526			raw UMI counts (same sparse zero pattern as X verified globally)	CD247	0.5170229612034838
broad_T	CD8+ T	2526			raw UMI counts (same sparse zero pattern as X verified globally)	LCK	0.24782264449722882
broad_T	CD8+ T	2526			raw UMI counts (same sparse zero pattern as X verified globally)	CD2	0.2913697545526524
broad_T	CD8+ T	2526			raw UMI counts (same sparse zero pattern as X verified globally)	CD7	0.04077593032462391
broad_T	CD8+ T (dysfunctional)	967	1.0	0.15098241985522234	raw UMI counts (same sparse zero pattern as X verified globally)		
broad_T	CD8+ T (dysfunctional)	967			raw UMI counts (same sparse zero pattern as X verified globally)	TRAC	0.04860392967942089
broad_T	CD8+ T (dysfunctional)	967			raw UMI counts (same sparse zero pattern as X verified globally)	TRBC1	0.09720785935884178
broad_T	CD8+ T (dysfunctional)	967			raw UMI counts (same sparse zero pattern as X verified globally)	TRBC2	0.06204756980351603
broad_T	CD8+ T (dysfunctional)	967			raw UMI counts (same sparse zero pattern as X verified globally)	CD247	0.6215098241985523
broad_T	CD8+ T (dysfunctional)	967			raw UMI counts (same sparse zero pattern as X verified globally)	LCK	0.344364012409514
broad_T	CD8+ T (dysfunctional)	967			raw UMI counts (same sparse zero pattern as X verified globally)	CD2	0.30610134436401243
broad_T	CD8+ T (dysfunctional)	967			raw UMI counts (same sparse zero pattern as X verified globally)	CD7	0.025853154084798345
broad_T	CD8+ T (progenitor dysfunctional)	142	1.0	0.1056338028169014	raw UMI counts (same sparse zero pattern as X verified globally)		
broad_T	CD8+ T (progenitor dysfunctional)	142			raw UMI counts (same sparse zero pattern as X verified globally)	TRAC	0.056338028169014086
broad_T	CD8+ T (progenitor dysfunctional)	142			raw UMI counts (same sparse zero pattern as X verified globally)	TRBC1	0.09154929577464789
broad_T	CD8+ T (progenitor dysfunctional)	142			raw UMI counts (same sparse zero pattern as X verified globally)	TRBC2	0.07042253521126761
broad_T	CD8+ T (progenitor dysfunctional)	142			raw UMI counts (same sparse zero pattern as X verified globally)	CD247	0.7605633802816901
broad_T	CD8+ T (progenitor dysfunctional)	142			raw UMI counts (same sparse zero pattern as X verified globally)	LCK	0.30985915492957744
broad_T	CD8+ T (progenitor dysfunctional)	142			raw UMI counts (same sparse zero pattern as X verified globally)	CD2	0.323943661971831
broad_T	CD8+ T (progenitor dysfunctional)	142			raw UMI counts (same sparse zero pattern as X verified globally)	CD7	0.035211267605633804
broad_T	CD8+ T (terminally dysfunctional)	419	1.0	0.06921241050119331	raw UMI counts (same sparse zero pattern as X verified globally)		
broad_T	CD8+ T (terminally dysfunctional)	419			raw UMI counts (same sparse zero pattern as X verified globally)	TRAC	0.081145584725537
broad_T	CD8+ T (terminally dysfunctional)	419			raw UMI counts (same sparse zero pattern as X verified globally)	TRBC1	0.11217183770883055
broad_T	CD8+ T (terminally dysfunctional)	419			raw UMI counts (same sparse zero pattern as X verified globally)	TRBC2	0.11455847255369929
broad_T	CD8+ T (terminally dysfunctional)	419			raw UMI counts (same sparse zero pattern as X verified globally)	CD247	0.7828162291169452
broad_T	CD8+ T (terminally dysfunctional)	419			raw UMI counts (same sparse zero pattern as X verified globally)	LCK	0.3818615751789976
broad_T	CD8+ T (terminally dysfunctional)	419			raw UMI counts (same sparse zero pattern as X verified globally)	CD2	0.4701670644391408
broad_T	CD8+ T (terminally dysfunctional)	419			raw UMI counts (same sparse zero pattern as X verified globally)	CD7	0.026252983293556086
broad_T	Delta	556	1.0	0.9928057553956835	raw UMI counts (same sparse zero pattern as X verified globally)		
broad_T	Delta	556			raw UMI counts (same sparse zero pattern as X verified globally)	TRAC	0.0
broad_T	Delta	556			raw UMI counts (same sparse zero pattern as X verified globally)	TRBC1	0.0
broad_T	Delta	556			raw UMI counts (same sparse zero pattern as X verified globally)	TRBC2	0.0
broad_T	Delta	556			raw UMI counts (same sparse zero pattern as X verified globally)	CD247	0.0035971223021582736
broad_T	Delta	556			raw UMI counts (same sparse zero pattern as X verified globally)	LCK	0.0017985611510791368
broad_T	Delta	556			raw UMI counts (same sparse zero pattern as X verified globally)	CD2	0.0035971223021582736
broad_T	Delta	556			raw UMI counts (same sparse zero pattern as X verified globally)	CD7	0.0
broad_T	Dendritic (activated)	91	1.0	0.8901098901098901	raw UMI counts (same sparse zero pattern as X verified globally)		
broad_T	Dendritic (activated)	91			raw UMI counts (same sparse zero pattern as X verified globally)	TRAC	0.0
broad_T	Dendritic (activated)	91			raw UMI counts (same sparse zero pattern as X verified globally)	TRBC1	0.0
broad_T	Dendritic (activated)	91			raw UMI counts (same sparse zero pattern as X verified globally)	TRBC2	0.0
broad_T	Dendritic (activated)	91			raw UMI counts (same sparse zero pattern as X verified globally)	CD247	0.054945054945054944
broad_T	Dendritic (activated)	91			raw UMI counts (same sparse zero pattern as X verified globally)	LCK	0.02197802197802198
broad_T	Dendritic (activated)	91			raw UMI counts (same sparse zero pattern as X verified globally)	CD2	0.04395604395604396
broad_T	Dendritic (activated)	91			raw UMI counts (same sparse zero pattern as X verified globally)	CD7	0.0
broad_T	Dendritic (conventional type 1)	181	1.0	0.8950276243093923	raw UMI counts (same sparse zero pattern as X verified globally)		
broad_T	Dendritic (conventional type 1)	181			raw UMI counts (same sparse zero pattern as X verified globally)	TRAC	0.016574585635359115
broad_T	Dendritic (conventional type 1)	181			raw UMI counts (same sparse zero pattern as X verified globally)	TRBC1	0.0055248618784530384
broad_T	Dendritic (conventional type 1)	181			raw UMI counts (same sparse zero pattern as X verified globally)	TRBC2	0.0055248618784530384
broad_T	Dendritic (conventional type 1)	181			raw UMI counts (same sparse zero pattern as X verified globally)	CD247	0.06077348066298342
broad_T	Dendritic (conventional type 1)	181			raw UMI counts (same sparse zero pattern as X verified globally)	LCK	0.027624309392265192
broad_T	Dendritic (conventional type 1)	181			raw UMI counts (same sparse zero pattern as X verified globally)	CD2	0.027624309392265192
broad_T	Dendritic (conventional type 1)	181			raw UMI counts (same sparse zero pattern as X verified globally)	CD7	0.0
broad_T	Dendritic (conventional type 2)	1008	1.0	0.9295634920634921	raw UMI counts (same sparse zero pattern as X verified globally)		
broad_T	Dendritic (conventional type 2)	1008			raw UMI counts (same sparse zero pattern as X verified globally)	TRAC	0.002976190476190476
broad_T	Dendritic (conventional type 2)	1008			raw UMI counts (same sparse zero pattern as X verified globally)	TRBC1	0.002976190476190476
broad_T	Dendritic (conventional type 2)	1008			raw UMI counts (same sparse zero pattern as X verified globally)	TRBC2	0.001984126984126984
broad_T	Dendritic (conventional type 2)	1008			raw UMI counts (same sparse zero pattern as X verified globally)	CD247	0.018849206349206348
broad_T	Dendritic (conventional type 2)	1008			raw UMI counts (same sparse zero pattern as X verified globally)	LCK	0.013888888888888888
broad_T	Dendritic (conventional type 2)	1008			raw UMI counts (same sparse zero pattern as X verified globally)	CD2	0.034722222222222224
broad_T	Dendritic (conventional type 2)	1008			raw UMI counts (same sparse zero pattern as X verified globally)	CD7	0.007936507936507936
broad_T	Dendritic (plasmacytoid)	139	1.0	0.7122302158273381	raw UMI counts (same sparse zero pattern as X verified globally)		
broad_T	Dendritic (plasmacytoid)	139			raw UMI counts (same sparse zero pattern as X verified globally)	TRAC	0.014388489208633094
broad_T	Dendritic (plasmacytoid)	139			raw UMI counts (same sparse zero pattern as X verified globally)	TRBC1	0.007194244604316547
broad_T	Dendritic (plasmacytoid)	139			raw UMI counts (same sparse zero pattern as X verified globally)	TRBC2	0.014388489208633094
broad_T	Dendritic (plasmacytoid)	139			raw UMI counts (same sparse zero pattern as X verified globally)	CD247	0.19424460431654678
broad_T	Dendritic (plasmacytoid)	139			raw UMI counts (same sparse zero pattern as X verified globally)	LCK	0.05755395683453238
broad_T	Dendritic (plasmacytoid)	139			raw UMI counts (same sparse zero pattern as X verified globally)	CD2	0.050359712230215826
broad_T	Dendritic (plasmacytoid)	139			raw UMI counts (same sparse zero pattern as X verified globally)	CD7	0.007194244604316547
broad_T	Ductal	24627	1.0	0.9945588175579648	raw UMI counts (same sparse zero pattern as X verified globally)		
broad_T	Ductal	24627			raw UMI counts (same sparse zero pattern as X verified globally)	TRAC	0.00024363503471799245
broad_T	Ductal	24627			raw UMI counts (same sparse zero pattern as X verified globally)	TRBC1	0.00028424087383765783
broad_T	Ductal	24627			raw UMI counts (same sparse zero pattern as X verified globally)	TRBC2	0.00020302919559832703
broad_T	Ductal	24627			raw UMI counts (same sparse zero pattern as X verified globally)	CD247	0.0030048320948552402
broad_T	Ductal	24627			raw UMI counts (same sparse zero pattern as X verified globally)	LCK	0.0014212043691882892
broad_T	Ductal	24627			raw UMI counts (same sparse zero pattern as X verified globally)	CD2	0.0008121167823933081
broad_T	Ductal	24627			raw UMI counts (same sparse zero pattern as X verified globally)	CD7	0.00020302919559832703
broad_T	Ductal (atypical)	4991	1.0	0.9939891805249449	raw UMI counts (same sparse zero pattern as X verified globally)		
broad_T	Ductal (atypical)	4991			raw UMI counts (same sparse zero pattern as X verified globally)	TRAC	0.0002003606491685033
broad_T	Ductal (atypical)	4991			raw UMI counts (same sparse zero pattern as X verified globally)	TRBC1	0.0002003606491685033
broad_T	Ductal (atypical)	4991			raw UMI counts (same sparse zero pattern as X verified globally)	TRBC2	0.0016028851933480265
broad_T	Ductal (atypical)	4991			raw UMI counts (same sparse zero pattern as X verified globally)	CD247	0.002604688439190543
broad_T	Ductal (atypical)	4991			raw UMI counts (same sparse zero pattern as X verified globally)	LCK	0.0016028851933480265
broad_T	Ductal (atypical)	4991			raw UMI counts (same sparse zero pattern as X verified globally)	CD2	0.0006010819475055099
broad_T	Ductal (atypical)	4991			raw UMI counts (same sparse zero pattern as X verified globally)	CD7	0.0
broad_T	Epsilon	46	1.0	0.9565217391304348	raw UMI counts (same sparse zero pattern as X verified globally)		
broad_T	Epsilon	46			raw UMI counts (same sparse zero pattern as X verified globally)	TRAC	0.0
broad_T	Epsilon	46			raw UMI counts (same sparse zero pattern as X verified globally)	TRBC1	0.0
broad_T	Epsilon	46			raw UMI counts (same sparse zero pattern as X verified globally)	TRBC2	0.0
broad_T	Epsilon	46			raw UMI counts (same sparse zero pattern as X verified globally)	CD247	0.021739130434782608
broad_T	Epsilon	46			raw UMI counts (same sparse zero pattern as X verified globally)	LCK	0.021739130434782608
broad_T	Epsilon	46			raw UMI counts (same sparse zero pattern as X verified globally)	CD2	0.021739130434782608
broad_T	Epsilon	46			raw UMI counts (same sparse zero pattern as X verified globally)	CD7	0.0
broad_T	Gamma	1716	1.0	0.9801864801864801	raw UMI counts (same sparse zero pattern as X verified globally)		
broad_T	Gamma	1716			raw UMI counts (same sparse zero pattern as X verified globally)	TRAC	0.0011655011655011655
broad_T	Gamma	1716			raw UMI counts (same sparse zero pattern as X verified globally)	TRBC1	0.0005827505827505828
broad_T	Gamma	1716			raw UMI counts (same sparse zero pattern as X verified globally)	TRBC2	0.0005827505827505828
broad_T	Gamma	1716			raw UMI counts (same sparse zero pattern as X verified globally)	CD247	0.014568764568764568
broad_T	Gamma	1716			raw UMI counts (same sparse zero pattern as X verified globally)	LCK	0.004079254079254079
broad_T	Gamma	1716			raw UMI counts (same sparse zero pattern as X verified globally)	CD2	0.004662004662004662
broad_T	Gamma	1716			raw UMI counts (same sparse zero pattern as X verified globally)	CD7	0.0005827505827505828
broad_T	Hormone-negative neuroendocrine	1608	1.0	0.9950248756218906	raw UMI counts (same sparse zero pattern as X verified globally)		
broad_T	Hormone-negative neuroendocrine	1608			raw UMI counts (same sparse zero pattern as X verified globally)	TRAC	0.0006218905472636816
broad_T	Hormone-negative neuroendocrine	1608			raw UMI counts (same sparse zero pattern as X verified globally)	TRBC1	0.0
broad_T	Hormone-negative neuroendocrine	1608			raw UMI counts (same sparse zero pattern as X verified globally)	TRBC2	0.0
broad_T	Hormone-negative neuroendocrine	1608			raw UMI counts (same sparse zero pattern as X verified globally)	CD247	0.003109452736318408
broad_T	Hormone-negative neuroendocrine	1608			raw UMI counts (same sparse zero pattern as X verified globally)	LCK	0.0012437810945273632
broad_T	Hormone-negative neuroendocrine	1608			raw UMI counts (same sparse zero pattern as X verified globally)	CD2	0.0006218905472636816
broad_T	Hormone-negative neuroendocrine	1608			raw UMI counts (same sparse zero pattern as X verified globally)	CD7	0.0
broad_T	Intra-pancreatic neurons	25	1.0	1.0	raw UMI counts (same sparse zero pattern as X verified globally)		
broad_T	Intra-pancreatic neurons	25			raw UMI counts (same sparse zero pattern as X verified globally)	TRAC	0.0
broad_T	Intra-pancreatic neurons	25			raw UMI counts (same sparse zero pattern as X verified globally)	TRBC1	0.0
broad_T	Intra-pancreatic neurons	25			raw UMI counts (same sparse zero pattern as X verified globally)	TRBC2	0.0
broad_T	Intra-pancreatic neurons	25			raw UMI counts (same sparse zero pattern as X verified globally)	CD247	0.0
broad_T	Intra-pancreatic neurons	25			raw UMI counts (same sparse zero pattern as X verified globally)	LCK	0.0
broad_T	Intra-pancreatic neurons	25			raw UMI counts (same sparse zero pattern as X verified globally)	CD2	0.0
broad_T	Intra-pancreatic neurons	25			raw UMI counts (same sparse zero pattern as X verified globally)	CD7	0.0
broad_T	Lymphatic	1645	1.0	0.964741641337386	raw UMI counts (same sparse zero pattern as X verified globally)		
broad_T	Lymphatic	1645			raw UMI counts (same sparse zero pattern as X verified globally)	TRAC	0.0006079027355623101
broad_T	Lymphatic	1645			raw UMI counts (same sparse zero pattern as X verified globally)	TRBC1	0.0
broad_T	Lymphatic	1645			raw UMI counts (same sparse zero pattern as X verified globally)	TRBC2	0.0024316109422492403
broad_T	Lymphatic	1645			raw UMI counts (same sparse zero pattern as X verified globally)	CD247	0.015197568389057751
broad_T	Lymphatic	1645			raw UMI counts (same sparse zero pattern as X verified globally)	LCK	0.01702127659574468
broad_T	Lymphatic	1645			raw UMI counts (same sparse zero pattern as X verified globally)	CD2	0.007902735562310031
broad_T	Lymphatic	1645			raw UMI counts (same sparse zero pattern as X verified globally)	CD7	0.00364741641337386
broad_T	Macrophage	10140	1.0	0.9546351084812623	raw UMI counts (same sparse zero pattern as X verified globally)		
broad_T	Macrophage	10140			raw UMI counts (same sparse zero pattern as X verified globally)	TRAC	0.0013806706114398422
broad_T	Macrophage	10140			raw UMI counts (same sparse zero pattern as X verified globally)	TRBC1	0.002366863905325444
broad_T	Macrophage	10140			raw UMI counts (same sparse zero pattern as X verified globally)	TRBC2	0.0021696252465483235
broad_T	Macrophage	10140			raw UMI counts (same sparse zero pattern as X verified globally)	CD247	0.027021696252465484
broad_T	Macrophage	10140			raw UMI counts (same sparse zero pattern as X verified globally)	LCK	0.008284023668639054
broad_T	Macrophage	10140			raw UMI counts (same sparse zero pattern as X verified globally)	CD2	0.007988165680473372
broad_T	Macrophage	10140			raw UMI counts (same sparse zero pattern as X verified globally)	CD7	0.004339250493096647
broad_T	Malignant	64538	1.0	0.9760761101986427	raw UMI counts (same sparse zero pattern as X verified globally)		
broad_T	Malignant	64538			raw UMI counts (same sparse zero pattern as X verified globally)	TRAC	0.0007437478694722489
broad_T	Malignant	64538			raw UMI counts (same sparse zero pattern as X verified globally)	TRBC1	0.0005733056493848586
broad_T	Malignant	64538			raw UMI counts (same sparse zero pattern as X verified globally)	TRBC2	0.006011961944900679
broad_T	Malignant	64538			raw UMI counts (same sparse zero pattern as X verified globally)	CD247	0.0054076668009544766
broad_T	Malignant	64538			raw UMI counts (same sparse zero pattern as X verified globally)	LCK	0.010939291580154328
broad_T	Malignant	64538			raw UMI counts (same sparse zero pattern as X verified globally)	CD2	0.0007902321113142644
broad_T	Malignant	64538			raw UMI counts (same sparse zero pattern as X verified globally)	CD7	0.0008677058477176237
broad_T	Mast	281	1.0	0.9110320284697508	raw UMI counts (same sparse zero pattern as X verified globally)		
broad_T	Mast	281			raw UMI counts (same sparse zero pattern as X verified globally)	TRAC	0.0071174377224199285
broad_T	Mast	281			raw UMI counts (same sparse zero pattern as X verified globally)	TRBC1	0.0
broad_T	Mast	281			raw UMI counts (same sparse zero pattern as X verified globally)	TRBC2	0.0035587188612099642
broad_T	Mast	281			raw UMI counts (same sparse zero pattern as X verified globally)	CD247	0.05338078291814947
broad_T	Mast	281			raw UMI counts (same sparse zero pattern as X verified globally)	LCK	0.03914590747330961
broad_T	Mast	281			raw UMI counts (same sparse zero pattern as X verified globally)	CD2	0.02491103202846975
broad_T	Mast	281			raw UMI counts (same sparse zero pattern as X verified globally)	CD7	0.0
broad_T	Natural killer	927	1.0	0.12944983818770225	raw UMI counts (same sparse zero pattern as X verified globally)		
broad_T	Natural killer	927			raw UMI counts (same sparse zero pattern as X verified globally)	TRAC	0.0593311758360302
broad_T	Natural killer	927			raw UMI counts (same sparse zero pattern as X verified globally)	TRBC1	0.04854368932038835
broad_T	Natural killer	927			raw UMI counts (same sparse zero pattern as X verified globally)	TRBC2	0.07119741100323625
broad_T	Natural killer	927			raw UMI counts (same sparse zero pattern as X verified globally)	CD247	0.7281553398058253
broad_T	Natural killer	927			raw UMI counts (same sparse zero pattern as X verified globally)	LCK	0.31283710895361383
broad_T	Natural killer	927			raw UMI counts (same sparse zero pattern as X verified globally)	CD2	0.2524271844660194
broad_T	Natural killer	927			raw UMI counts (same sparse zero pattern as X verified globally)	CD7	0.08306364617044229
broad_T	Neutrophil	98	1.0	0.9285714285714286	raw UMI counts (same sparse zero pattern as X verified globally)		
broad_T	Neutrophil	98			raw UMI counts (same sparse zero pattern as X verified globally)	TRAC	0.0
broad_T	Neutrophil	98			raw UMI counts (same sparse zero pattern as X verified globally)	TRBC1	0.0
broad_T	Neutrophil	98			raw UMI counts (same sparse zero pattern as X verified globally)	TRBC2	0.0
broad_T	Neutrophil	98			raw UMI counts (same sparse zero pattern as X verified globally)	CD247	0.030612244897959183
broad_T	Neutrophil	98			raw UMI counts (same sparse zero pattern as X verified globally)	LCK	0.02040816326530612
broad_T	Neutrophil	98			raw UMI counts (same sparse zero pattern as X verified globally)	CD2	0.02040816326530612
broad_T	Neutrophil	98			raw UMI counts (same sparse zero pattern as X verified globally)	CD7	0.0
broad_T	Pericyte	11779	1.0	0.9763986756091348	raw UMI counts (same sparse zero pattern as X verified globally)		
broad_T	Pericyte	11779			raw UMI counts (same sparse zero pattern as X verified globally)	TRAC	0.0011885559045759402
broad_T	Pericyte	11779			raw UMI counts (same sparse zero pattern as X verified globally)	TRBC1	0.0011036590542490873
broad_T	Pericyte	11779			raw UMI counts (same sparse zero pattern as X verified globally)	TRBC2	0.0015281433058833517
broad_T	Pericyte	11779			raw UMI counts (same sparse zero pattern as X verified globally)	CD247	0.013753289752950166
broad_T	Pericyte	11779			raw UMI counts (same sparse zero pattern as X verified globally)	LCK	0.0073860259784362
broad_T	Pericyte	11779			raw UMI counts (same sparse zero pattern as X verified globally)	CD2	0.004075048815688938
broad_T	Pericyte	11779			raw UMI counts (same sparse zero pattern as X verified globally)	CD7	0.0007640716529416758
broad_T	Plasma	282	1.0	0.44680851063829785	raw UMI counts (same sparse zero pattern as X verified globally)		
broad_T	Plasma	282			raw UMI counts (same sparse zero pattern as X verified globally)	TRAC	0.031914893617021274
broad_T	Plasma	282			raw UMI counts (same sparse zero pattern as X verified globally)	TRBC1	0.07801418439716312
broad_T	Plasma	282			raw UMI counts (same sparse zero pattern as X verified globally)	TRBC2	0.09929078014184398
broad_T	Plasma	282			raw UMI counts (same sparse zero pattern as X verified globally)	CD247	0.375886524822695
broad_T	Plasma	282			raw UMI counts (same sparse zero pattern as X verified globally)	LCK	0.24113475177304963
broad_T	Plasma	282			raw UMI counts (same sparse zero pattern as X verified globally)	CD2	0.21631205673758866
broad_T	Plasma	282			raw UMI counts (same sparse zero pattern as X verified globally)	CD7	0.031914893617021274
broad_T	Schwann	1824	1.0	0.9649122807017544	raw UMI counts (same sparse zero pattern as X verified globally)		
broad_T	Schwann	1824			raw UMI counts (same sparse zero pattern as X verified globally)	TRAC	0.0021929824561403508
broad_T	Schwann	1824			raw UMI counts (same sparse zero pattern as X verified globally)	TRBC1	0.003289473684210526
broad_T	Schwann	1824			raw UMI counts (same sparse zero pattern as X verified globally)	TRBC2	0.0021929824561403508
broad_T	Schwann	1824			raw UMI counts (same sparse zero pattern as X verified globally)	CD247	0.023026315789473683
broad_T	Schwann	1824			raw UMI counts (same sparse zero pattern as X verified globally)	LCK	0.010416666666666666
broad_T	Schwann	1824			raw UMI counts (same sparse zero pattern as X verified globally)	CD2	0.006578947368421052
broad_T	Schwann	1824			raw UMI counts (same sparse zero pattern as X verified globally)	CD7	0.001644736842105263
broad_T	Treg	463	1.0	0.11447084233261338	raw UMI counts (same sparse zero pattern as X verified globally)		
broad_T	Treg	463			raw UMI counts (same sparse zero pattern as X verified globally)	TRAC	0.06695464362850972
broad_T	Treg	463			raw UMI counts (same sparse zero pattern as X verified globally)	TRBC1	0.09287257019438445
broad_T	Treg	463			raw UMI counts (same sparse zero pattern as X verified globally)	TRBC2	0.07127429805615551
broad_T	Treg	463			raw UMI counts (same sparse zero pattern as X verified globally)	CD247	0.7537796976241901
broad_T	Treg	463			raw UMI counts (same sparse zero pattern as X verified globally)	LCK	0.3002159827213823
broad_T	Treg	463			raw UMI counts (same sparse zero pattern as X verified globally)	CD2	0.3693304535637149
broad_T	Treg	463			raw UMI counts (same sparse zero pattern as X verified globally)	CD7	0.017278617710583154
broad_T	Treg (activated)	266	1.0	0.07894736842105263	raw UMI counts (same sparse zero pattern as X verified globally)		
broad_T	Treg (activated)	266			raw UMI counts (same sparse zero pattern as X verified globally)	TRAC	0.09398496240601503
broad_T	Treg (activated)	266			raw UMI counts (same sparse zero pattern as X verified globally)	TRBC1	0.11654135338345864
broad_T	Treg (activated)	266			raw UMI counts (same sparse zero pattern as X verified globally)	TRBC2	0.08270676691729323
broad_T	Treg (activated)	266			raw UMI counts (same sparse zero pattern as X verified globally)	CD247	0.8157894736842105
broad_T	Treg (activated)	266			raw UMI counts (same sparse zero pattern as X verified globally)	LCK	0.3458646616541353
broad_T	Treg (activated)	266			raw UMI counts (same sparse zero pattern as X verified globally)	CD2	0.424812030075188
broad_T	Treg (activated)	266			raw UMI counts (same sparse zero pattern as X verified globally)	CD7	0.04887218045112782
broad_T	Treg (quiescent)	119	1.0	0.05042016806722689	raw UMI counts (same sparse zero pattern as X verified globally)		
broad_T	Treg (quiescent)	119			raw UMI counts (same sparse zero pattern as X verified globally)	TRAC	0.04201680672268908
broad_T	Treg (quiescent)	119			raw UMI counts (same sparse zero pattern as X verified globally)	TRBC1	0.09243697478991597
broad_T	Treg (quiescent)	119			raw UMI counts (same sparse zero pattern as X verified globally)	TRBC2	0.058823529411764705
broad_T	Treg (quiescent)	119			raw UMI counts (same sparse zero pattern as X verified globally)	CD247	0.8403361344537815
broad_T	Treg (quiescent)	119			raw UMI counts (same sparse zero pattern as X verified globally)	LCK	0.36134453781512604
broad_T	Treg (quiescent)	119			raw UMI counts (same sparse zero pattern as X verified globally)	CD2	0.31932773109243695
broad_T	Treg (quiescent)	119			raw UMI counts (same sparse zero pattern as X verified globally)	CD7	0.01680672268907563
broad_T	Vascular	15530	1.0	0.9855119124275595	raw UMI counts (same sparse zero pattern as X verified globally)		
broad_T	Vascular	15530			raw UMI counts (same sparse zero pattern as X verified globally)	TRAC	0.0008370895041854475
broad_T	Vascular	15530			raw UMI counts (same sparse zero pattern as X verified globally)	TRBC1	0.00045074050225370253
broad_T	Vascular	15530			raw UMI counts (same sparse zero pattern as X verified globally)	TRBC2	0.000643915003219575
broad_T	Vascular	15530			raw UMI counts (same sparse zero pattern as X verified globally)	CD247	0.004829362524146813
broad_T	Vascular	15530			raw UMI counts (same sparse zero pattern as X verified globally)	LCK	0.006310367031551835
broad_T	Vascular	15530			raw UMI counts (same sparse zero pattern as X verified globally)	CD2	0.0014810045074050225
broad_T	Vascular	15530			raw UMI counts (same sparse zero pattern as X verified globally)	CD7	0.0009658725048293626
broad_T	Vascular smooth muscle	4711	1.0	0.9932073869666738	raw UMI counts (same sparse zero pattern as X verified globally)		
broad_T	Vascular smooth muscle	4711			raw UMI counts (same sparse zero pattern as X verified globally)	TRAC	0.00021226915729144556
broad_T	Vascular smooth muscle	4711			raw UMI counts (same sparse zero pattern as X verified globally)	TRBC1	0.00021226915729144556
broad_T	Vascular smooth muscle	4711			raw UMI counts (same sparse zero pattern as X verified globally)	TRBC2	0.0004245383145828911
broad_T	Vascular smooth muscle	4711			raw UMI counts (same sparse zero pattern as X verified globally)	CD247	0.0057312672468690295
broad_T	Vascular smooth muscle	4711			raw UMI counts (same sparse zero pattern as X verified globally)	LCK	0.0021226915729144554
broad_T	Vascular smooth muscle	4711			raw UMI counts (same sparse zero pattern as X verified globally)	CD2	0.0006368074718743367
broad_T	Vascular smooth muscle	4711			raw UMI counts (same sparse zero pattern as X verified globally)	CD7	0.0
broad_T	myCAF	10566	1.0	0.9832481544576945	raw UMI counts (same sparse zero pattern as X verified globally)		
broad_T	myCAF	10566			raw UMI counts (same sparse zero pattern as X verified globally)	TRAC	0.006151807685027447
broad_T	myCAF	10566			raw UMI counts (same sparse zero pattern as X verified globally)	TRBC1	9.46431951542684e-05
broad_T	myCAF	10566			raw UMI counts (same sparse zero pattern as X verified globally)	TRBC2	0.0010410751466969526
broad_T	myCAF	10566			raw UMI counts (same sparse zero pattern as X verified globally)	CD247	0.007855385197804278
broad_T	myCAF	10566			raw UMI counts (same sparse zero pattern as X verified globally)	LCK	0.0010410751466969526
broad_T	myCAF	10566			raw UMI counts (same sparse zero pattern as X verified globally)	CD2	0.0007571455612341472
broad_T	myCAF	10566			raw UMI counts (same sparse zero pattern as X verified globally)	CD7	0.00028392958546280523
non_Tfh_CD4	ADM	3233	1.0	0.8880296937828642	raw UMI counts (same sparse zero pattern as X verified globally)		
non_Tfh_CD4	ADM	3233			raw UMI counts (same sparse zero pattern as X verified globally)	LTB	0.0027837921435199505
non_Tfh_CD4	ADM	3233			raw UMI counts (same sparse zero pattern as X verified globally)	LEF1	0.005258274048871018
non_Tfh_CD4	ADM	3233			raw UMI counts (same sparse zero pattern as X verified globally)	TCF7	0.10052582740488711
non_Tfh_CD4	ADM	3233			raw UMI counts (same sparse zero pattern as X verified globally)	SELL	0.0021651716671821837
non_Tfh_CD4	ADM	3233			raw UMI counts (same sparse zero pattern as X verified globally)	MAL	0.0024744819053510673
non_Tfh_CD4	Acinar	5171	1.0	0.8830013537033455	raw UMI counts (same sparse zero pattern as X verified globally)		
non_Tfh_CD4	Acinar	5171			raw UMI counts (same sparse zero pattern as X verified globally)	LTB	0.0007735447689035003
non_Tfh_CD4	Acinar	5171			raw UMI counts (same sparse zero pattern as X verified globally)	LEF1	0.01527750918584413
non_Tfh_CD4	Acinar	5171			raw UMI counts (same sparse zero pattern as X verified globally)	TCF7	0.1017211371108103
non_Tfh_CD4	Acinar	5171			raw UMI counts (same sparse zero pattern as X verified globally)	SELL	0.0005801585766776252
non_Tfh_CD4	Acinar	5171			raw UMI counts (same sparse zero pattern as X verified globally)	MAL	0.0011603171533552505
non_Tfh_CD4	Acinar (REG+)	186	1.0	0.9731182795698925	raw UMI counts (same sparse zero pattern as X verified globally)		
non_Tfh_CD4	Acinar (REG+)	186			raw UMI counts (same sparse zero pattern as X verified globally)	LTB	0.010752688172043012
non_Tfh_CD4	Acinar (REG+)	186			raw UMI counts (same sparse zero pattern as X verified globally)	LEF1	0.005376344086021506
non_Tfh_CD4	Acinar (REG+)	186			raw UMI counts (same sparse zero pattern as X verified globally)	TCF7	0.010752688172043012
non_Tfh_CD4	Acinar (REG+)	186			raw UMI counts (same sparse zero pattern as X verified globally)	SELL	0.0
non_Tfh_CD4	Acinar (REG+)	186			raw UMI counts (same sparse zero pattern as X verified globally)	MAL	0.0
non_Tfh_CD4	Adipocyte	531	1.0	0.9190207156308852	raw UMI counts (same sparse zero pattern as X verified globally)		
non_Tfh_CD4	Adipocyte	531			raw UMI counts (same sparse zero pattern as X verified globally)	LTB	0.005649717514124294
non_Tfh_CD4	Adipocyte	531			raw UMI counts (same sparse zero pattern as X verified globally)	LEF1	0.011299435028248588
non_Tfh_CD4	Adipocyte	531			raw UMI counts (same sparse zero pattern as X verified globally)	TCF7	0.062146892655367235
non_Tfh_CD4	Adipocyte	531			raw UMI counts (same sparse zero pattern as X verified globally)	SELL	0.009416195856873822
non_Tfh_CD4	Adipocyte	531			raw UMI counts (same sparse zero pattern as X verified globally)	MAL	0.0
non_Tfh_CD4	Alpha	2723	1.0	0.951891296364304	raw UMI counts (same sparse zero pattern as X verified globally)		
non_Tfh_CD4	Alpha	2723			raw UMI counts (same sparse zero pattern as X verified globally)	LTB	0.0003672420124862284
non_Tfh_CD4	Alpha	2723			raw UMI counts (same sparse zero pattern as X verified globally)	LEF1	0.0003672420124862284
non_Tfh_CD4	Alpha	2723			raw UMI counts (same sparse zero pattern as X verified globally)	TCF7	0.045538009548292326
non_Tfh_CD4	Alpha	2723			raw UMI counts (same sparse zero pattern as X verified globally)	SELL	0.0003672420124862284
non_Tfh_CD4	Alpha	2723			raw UMI counts (same sparse zero pattern as X verified globally)	MAL	0.001836210062431142
non_Tfh_CD4	B	1573	1.0	0.5073108709472346	raw UMI counts (same sparse zero pattern as X verified globally)		
non_Tfh_CD4	B	1573			raw UMI counts (same sparse zero pattern as X verified globally)	LTB	0.11125238397965671
non_Tfh_CD4	B	1573			raw UMI counts (same sparse zero pattern as X verified globally)	LEF1	0.14049586776859505
non_Tfh_CD4	B	1573			raw UMI counts (same sparse zero pattern as X verified globally)	TCF7	0.2294977749523204
non_Tfh_CD4	B	1573			raw UMI counts (same sparse zero pattern as X verified globally)	SELL	0.2600127145581691
non_Tfh_CD4	B	1573			raw UMI counts (same sparse zero pattern as X verified globally)	MAL	0.014621741894469168
non_Tfh_CD4	Beta	3152	1.0	0.9600253807106599	raw UMI counts (same sparse zero pattern as X verified globally)		
non_Tfh_CD4	Beta	3152			raw UMI counts (same sparse zero pattern as X verified globally)	LTB	0.0
non_Tfh_CD4	Beta	3152			raw UMI counts (same sparse zero pattern as X verified globally)	LEF1	0.0009517766497461929
non_Tfh_CD4	Beta	3152			raw UMI counts (same sparse zero pattern as X verified globally)	TCF7	0.038388324873096444
non_Tfh_CD4	Beta	3152			raw UMI counts (same sparse zero pattern as X verified globally)	SELL	0.0006345177664974619
non_Tfh_CD4	Beta	3152			raw UMI counts (same sparse zero pattern as X verified globally)	MAL	0.0006345177664974619
non_Tfh_CD4	CAF	44369	1.0	0.809439022741103	raw UMI counts (same sparse zero pattern as X verified globally)		
non_Tfh_CD4	CAF	44369			raw UMI counts (same sparse zero pattern as X verified globally)	LTB	0.0008789920890711983
non_Tfh_CD4	CAF	44369			raw UMI counts (same sparse zero pattern as X verified globally)	LEF1	0.14422231738375893
non_Tfh_CD4	CAF	44369			raw UMI counts (same sparse zero pattern as X verified globally)	TCF7	0.0540918208659199
non_Tfh_CD4	CAF	44369			raw UMI counts (same sparse zero pattern as X verified globally)	SELL	0.0005634564673533323
non_Tfh_CD4	CAF	44369			raw UMI counts (same sparse zero pattern as X verified globally)	MAL	0.0009240686064594649
non_Tfh_CD4	CD4+ T	1839	1.0	0.2240348015225666	raw UMI counts (same sparse zero pattern as X verified globally)		
non_Tfh_CD4	CD4+ T	1839			raw UMI counts (same sparse zero pattern as X verified globally)	LTB	0.08700380641653073
non_Tfh_CD4	CD4+ T	1839			raw UMI counts (same sparse zero pattern as X verified globally)	LEF1	0.5193039695486678
non_Tfh_CD4	CD4+ T	1839			raw UMI counts (same sparse zero pattern as X verified globally)	TCF7	0.5666122892876564
non_Tfh_CD4	CD4+ T	1839			raw UMI counts (same sparse zero pattern as X verified globally)	SELL	0.22838499184339314
non_Tfh_CD4	CD4+ T	1839			raw UMI counts (same sparse zero pattern as X verified globally)	MAL	0.06416530723219141
non_Tfh_CD4	CD8+ T	2526	1.0	0.7917656373713381	raw UMI counts (same sparse zero pattern as X verified globally)		
non_Tfh_CD4	CD8+ T	2526			raw UMI counts (same sparse zero pattern as X verified globally)	LTB	0.03246239113222486
non_Tfh_CD4	CD8+ T	2526			raw UMI counts (same sparse zero pattern as X verified globally)	LEF1	0.08273950910530482
non_Tfh_CD4	CD8+ T	2526			raw UMI counts (same sparse zero pattern as X verified globally)	TCF7	0.11243072050673
non_Tfh_CD4	CD8+ T	2526			raw UMI counts (same sparse zero pattern as X verified globally)	SELL	0.02098178939034046
non_Tfh_CD4	CD8+ T	2526			raw UMI counts (same sparse zero pattern as X verified globally)	MAL	0.010292953285827395
non_Tfh_CD4	CD8+ T (dysfunctional)	967	1.0	0.6618407445708376	raw UMI counts (same sparse zero pattern as X verified globally)		
non_Tfh_CD4	CD8+ T (dysfunctional)	967			raw UMI counts (same sparse zero pattern as X verified globally)	LTB	0.017580144777662874
non_Tfh_CD4	CD8+ T (dysfunctional)	967			raw UMI counts (same sparse zero pattern as X verified globally)	LEF1	0.12926577042399173
non_Tfh_CD4	CD8+ T (dysfunctional)	967			raw UMI counts (same sparse zero pattern as X verified globally)	TCF7	0.23681489141675285
non_Tfh_CD4	CD8+ T (dysfunctional)	967			raw UMI counts (same sparse zero pattern as X verified globally)	SELL	0.050672182006204755
non_Tfh_CD4	CD8+ T (dysfunctional)	967			raw UMI counts (same sparse zero pattern as X verified globally)	MAL	0.004136504653567736
non_Tfh_CD4	CD8+ T (progenitor dysfunctional)	142	1.0	0.4859154929577465	raw UMI counts (same sparse zero pattern as X verified globally)		
non_Tfh_CD4	CD8+ T (progenitor dysfunctional)	142			raw UMI counts (same sparse zero pattern as X verified globally)	LTB	0.035211267605633804
non_Tfh_CD4	CD8+ T (progenitor dysfunctional)	142			raw UMI counts (same sparse zero pattern as X verified globally)	LEF1	0.30985915492957744
non_Tfh_CD4	CD8+ T (progenitor dysfunctional)	142			raw UMI counts (same sparse zero pattern as X verified globally)	TCF7	0.2676056338028169
non_Tfh_CD4	CD8+ T (progenitor dysfunctional)	142			raw UMI counts (same sparse zero pattern as X verified globally)	SELL	0.056338028169014086
non_Tfh_CD4	CD8+ T (progenitor dysfunctional)	142			raw UMI counts (same sparse zero pattern as X verified globally)	MAL	0.014084507042253521
non_Tfh_CD4	CD8+ T (terminally dysfunctional)	419	1.0	0.6873508353221957	raw UMI counts (same sparse zero pattern as X verified globally)		
non_Tfh_CD4	CD8+ T (terminally dysfunctional)	419			raw UMI counts (same sparse zero pattern as X verified globally)	LTB	0.031026252983293555
non_Tfh_CD4	CD8+ T (terminally dysfunctional)	419			raw UMI counts (same sparse zero pattern as X verified globally)	LEF1	0.12410501193317422
non_Tfh_CD4	CD8+ T (terminally dysfunctional)	419			raw UMI counts (same sparse zero pattern as X verified globally)	TCF7	0.16467780429594273
non_Tfh_CD4	CD8+ T (terminally dysfunctional)	419			raw UMI counts (same sparse zero pattern as X verified globally)	SELL	0.0477326968973747
non_Tfh_CD4	CD8+ T (terminally dysfunctional)	419			raw UMI counts (same sparse zero pattern as X verified globally)	MAL	0.002386634844868735
non_Tfh_CD4	Delta	556	1.0	0.9496402877697842	raw UMI counts (same sparse zero pattern as X verified globally)		
non_Tfh_CD4	Delta	556			raw UMI counts (same sparse zero pattern as X verified globally)	LTB	0.0
non_Tfh_CD4	Delta	556			raw UMI counts (same sparse zero pattern as X verified globally)	LEF1	0.00539568345323741
non_Tfh_CD4	Delta	556			raw UMI counts (same sparse zero pattern as X verified globally)	TCF7	0.04316546762589928
non_Tfh_CD4	Delta	556			raw UMI counts (same sparse zero pattern as X verified globally)	SELL	0.0
non_Tfh_CD4	Delta	556			raw UMI counts (same sparse zero pattern as X verified globally)	MAL	0.0017985611510791368
non_Tfh_CD4	Dendritic (activated)	91	1.0	0.8241758241758241	raw UMI counts (same sparse zero pattern as X verified globally)		
non_Tfh_CD4	Dendritic (activated)	91			raw UMI counts (same sparse zero pattern as X verified globally)	LTB	0.0
non_Tfh_CD4	Dendritic (activated)	91			raw UMI counts (same sparse zero pattern as X verified globally)	LEF1	0.07692307692307693
non_Tfh_CD4	Dendritic (activated)	91			raw UMI counts (same sparse zero pattern as X verified globally)	TCF7	0.054945054945054944
non_Tfh_CD4	Dendritic (activated)	91			raw UMI counts (same sparse zero pattern as X verified globally)	SELL	0.06593406593406594
non_Tfh_CD4	Dendritic (activated)	91			raw UMI counts (same sparse zero pattern as X verified globally)	MAL	0.01098901098901099
non_Tfh_CD4	Dendritic (conventional type 1)	181	1.0	0.9060773480662984	raw UMI counts (same sparse zero pattern as X verified globally)		
non_Tfh_CD4	Dendritic (conventional type 1)	181			raw UMI counts (same sparse zero pattern as X verified globally)	LTB	0.016574585635359115
non_Tfh_CD4	Dendritic (conventional type 1)	181			raw UMI counts (same sparse zero pattern as X verified globally)	LEF1	0.027624309392265192
non_Tfh_CD4	Dendritic (conventional type 1)	181			raw UMI counts (same sparse zero pattern as X verified globally)	TCF7	0.03314917127071823
non_Tfh_CD4	Dendritic (conventional type 1)	181			raw UMI counts (same sparse zero pattern as X verified globally)	SELL	0.04419889502762431
non_Tfh_CD4	Dendritic (conventional type 1)	181			raw UMI counts (same sparse zero pattern as X verified globally)	MAL	0.0
non_Tfh_CD4	Dendritic (conventional type 2)	1008	1.0	0.8888888888888888	raw UMI counts (same sparse zero pattern as X verified globally)		
non_Tfh_CD4	Dendritic (conventional type 2)	1008			raw UMI counts (same sparse zero pattern as X verified globally)	LTB	0.021825396825396824
non_Tfh_CD4	Dendritic (conventional type 2)	1008			raw UMI counts (same sparse zero pattern as X verified globally)	LEF1	0.022817460317460316
non_Tfh_CD4	Dendritic (conventional type 2)	1008			raw UMI counts (same sparse zero pattern as X verified globally)	TCF7	0.03670634920634921
non_Tfh_CD4	Dendritic (conventional type 2)	1008			raw UMI counts (same sparse zero pattern as X verified globally)	SELL	0.03869047619047619
non_Tfh_CD4	Dendritic (conventional type 2)	1008			raw UMI counts (same sparse zero pattern as X verified globally)	MAL	0.000992063492063492
non_Tfh_CD4	Dendritic (plasmacytoid)	139	1.0	0.5611510791366906	raw UMI counts (same sparse zero pattern as X verified globally)		
non_Tfh_CD4	Dendritic (plasmacytoid)	139			raw UMI counts (same sparse zero pattern as X verified globally)	LTB	0.02158273381294964
non_Tfh_CD4	Dendritic (plasmacytoid)	139			raw UMI counts (same sparse zero pattern as X verified globally)	LEF1	0.050359712230215826
non_Tfh_CD4	Dendritic (plasmacytoid)	139			raw UMI counts (same sparse zero pattern as X verified globally)	TCF7	0.19424460431654678
non_Tfh_CD4	Dendritic (plasmacytoid)	139			raw UMI counts (same sparse zero pattern as X verified globally)	SELL	0.20863309352517986
non_Tfh_CD4	Dendritic (plasmacytoid)	139			raw UMI counts (same sparse zero pattern as X verified globally)	MAL	0.007194244604316547
non_Tfh_CD4	Ductal	24627	1.0	0.9559426645551631	raw UMI counts (same sparse zero pattern as X verified globally)		
non_Tfh_CD4	Ductal	24627			raw UMI counts (same sparse zero pattern as X verified globally)	LTB	0.0024769561862995897
non_Tfh_CD4	Ductal	24627			raw UMI counts (same sparse zero pattern as X verified globally)	LEF1	0.0012587810127096277
non_Tfh_CD4	Ductal	24627			raw UMI counts (same sparse zero pattern as X verified globally)	TCF7	0.03894099971575913
non_Tfh_CD4	Ductal	24627			raw UMI counts (same sparse zero pattern as X verified globally)	SELL	0.0008527226215129736
non_Tfh_CD4	Ductal	24627			raw UMI counts (same sparse zero pattern as X verified globally)	MAL	0.0008121167823933081
non_Tfh_CD4	Ductal (atypical)	4991	1.0	0.938689641354438	raw UMI counts (same sparse zero pattern as X verified globally)		
non_Tfh_CD4	Ductal (atypical)	4991			raw UMI counts (same sparse zero pattern as X verified globally)	LTB	0.0004007212983370066
non_Tfh_CD4	Ductal (atypical)	4991			raw UMI counts (same sparse zero pattern as X verified globally)	LEF1	0.0016028851933480265
non_Tfh_CD4	Ductal (atypical)	4991			raw UMI counts (same sparse zero pattern as X verified globally)	TCF7	0.05730314566219195
non_Tfh_CD4	Ductal (atypical)	4991			raw UMI counts (same sparse zero pattern as X verified globally)	SELL	0.0024043277900220395
non_Tfh_CD4	Ductal (atypical)	4991			raw UMI counts (same sparse zero pattern as X verified globally)	MAL	0.0004007212983370066
non_Tfh_CD4	Epsilon	46	1.0	0.8913043478260869	raw UMI counts (same sparse zero pattern as X verified globally)		
non_Tfh_CD4	Epsilon	46			raw UMI counts (same sparse zero pattern as X verified globally)	LTB	0.0
non_Tfh_CD4	Epsilon	46			raw UMI counts (same sparse zero pattern as X verified globally)	LEF1	0.06521739130434782
non_Tfh_CD4	Epsilon	46			raw UMI counts (same sparse zero pattern as X verified globally)	TCF7	0.06521739130434782
non_Tfh_CD4	Epsilon	46			raw UMI counts (same sparse zero pattern as X verified globally)	SELL	0.0
non_Tfh_CD4	Epsilon	46			raw UMI counts (same sparse zero pattern as X verified globally)	MAL	0.0
non_Tfh_CD4	Gamma	1716	1.0	0.9691142191142191	raw UMI counts (same sparse zero pattern as X verified globally)		
non_Tfh_CD4	Gamma	1716			raw UMI counts (same sparse zero pattern as X verified globally)	LTB	0.0011655011655011655
non_Tfh_CD4	Gamma	1716			raw UMI counts (same sparse zero pattern as X verified globally)	LEF1	0.005827505827505828
non_Tfh_CD4	Gamma	1716			raw UMI counts (same sparse zero pattern as X verified globally)	TCF7	0.023310023310023312
non_Tfh_CD4	Gamma	1716			raw UMI counts (same sparse zero pattern as X verified globally)	SELL	0.0005827505827505828
non_Tfh_CD4	Gamma	1716			raw UMI counts (same sparse zero pattern as X verified globally)	MAL	0.0
non_Tfh_CD4	Hormone-negative neuroendocrine	1608	1.0	0.9527363184079602	raw UMI counts (same sparse zero pattern as X verified globally)		
non_Tfh_CD4	Hormone-negative neuroendocrine	1608			raw UMI counts (same sparse zero pattern as X verified globally)	LTB	0.0
non_Tfh_CD4	Hormone-negative neuroendocrine	1608			raw UMI counts (same sparse zero pattern as X verified globally)	LEF1	0.0012437810945273632
non_Tfh_CD4	Hormone-negative neuroendocrine	1608			raw UMI counts (same sparse zero pattern as X verified globally)	TCF7	0.04477611940298507
non_Tfh_CD4	Hormone-negative neuroendocrine	1608			raw UMI counts (same sparse zero pattern as X verified globally)	SELL	0.0
non_Tfh_CD4	Hormone-negative neuroendocrine	1608			raw UMI counts (same sparse zero pattern as X verified globally)	MAL	0.0018656716417910447
non_Tfh_CD4	Intra-pancreatic neurons	25	1.0	0.84	raw UMI counts (same sparse zero pattern as X verified globally)		
non_Tfh_CD4	Intra-pancreatic neurons	25			raw UMI counts (same sparse zero pattern as X verified globally)	LTB	0.0
non_Tfh_CD4	Intra-pancreatic neurons	25			raw UMI counts (same sparse zero pattern as X verified globally)	LEF1	0.08
non_Tfh_CD4	Intra-pancreatic neurons	25			raw UMI counts (same sparse zero pattern as X verified globally)	TCF7	0.04
non_Tfh_CD4	Intra-pancreatic neurons	25			raw UMI counts (same sparse zero pattern as X verified globally)	SELL	0.0
non_Tfh_CD4	Intra-pancreatic neurons	25			raw UMI counts (same sparse zero pattern as X verified globally)	MAL	0.04
non_Tfh_CD4	Lymphatic	1645	1.0	0.9118541033434651	raw UMI counts (same sparse zero pattern as X verified globally)		
non_Tfh_CD4	Lymphatic	1645			raw UMI counts (same sparse zero pattern as X verified globally)	LTB	0.004863221884498481
non_Tfh_CD4	Lymphatic	1645			raw UMI counts (same sparse zero pattern as X verified globally)	LEF1	0.03768996960486322
non_Tfh_CD4	Lymphatic	1645			raw UMI counts (same sparse zero pattern as X verified globally)	TCF7	0.04802431610942249
non_Tfh_CD4	Lymphatic	1645			raw UMI counts (same sparse zero pattern as X verified globally)	SELL	0.00182370820668693
non_Tfh_CD4	Lymphatic	1645			raw UMI counts (same sparse zero pattern as X verified globally)	MAL	0.00425531914893617
non_Tfh_CD4	Macrophage	10140	1.0	0.9538461538461539	raw UMI counts (same sparse zero pattern as X verified globally)		
non_Tfh_CD4	Macrophage	10140			raw UMI counts (same sparse zero pattern as X verified globally)	LTB	0.003254437869822485
non_Tfh_CD4	Macrophage	10140			raw UMI counts (same sparse zero pattern as X verified globally)	LEF1	0.007692307692307693
non_Tfh_CD4	Macrophage	10140			raw UMI counts (same sparse zero pattern as X verified globally)	TCF7	0.02593688362919132
non_Tfh_CD4	Macrophage	10140			raw UMI counts (same sparse zero pattern as X verified globally)	SELL	0.010256410256410256
non_Tfh_CD4	Macrophage	10140			raw UMI counts (same sparse zero pattern as X verified globally)	MAL	0.0006903353057199211
non_Tfh_CD4	Malignant	64538	1.0	0.9249434441724256	raw UMI counts (same sparse zero pattern as X verified globally)		
non_Tfh_CD4	Malignant	64538			raw UMI counts (same sparse zero pattern as X verified globally)	LTB	0.0034088444017478076
non_Tfh_CD4	Malignant	64538			raw UMI counts (same sparse zero pattern as X verified globally)	LEF1	0.007886826365861972
non_Tfh_CD4	Malignant	64538			raw UMI counts (same sparse zero pattern as X verified globally)	TCF7	0.061421178220583225
non_Tfh_CD4	Malignant	64538			raw UMI counts (same sparse zero pattern as X verified globally)	SELL	0.003129938950695714
non_Tfh_CD4	Malignant	64538			raw UMI counts (same sparse zero pattern as X verified globally)	MAL	0.0012860640242957637
non_Tfh_CD4	Mast	281	1.0	0.9359430604982206	raw UMI counts (same sparse zero pattern as X verified globally)		
non_Tfh_CD4	Mast	281			raw UMI counts (same sparse zero pattern as X verified globally)	LTB	0.014234875444839857
non_Tfh_CD4	Mast	281			raw UMI counts (same sparse zero pattern as X verified globally)	LEF1	0.014234875444839857
non_Tfh_CD4	Mast	281			raw UMI counts (same sparse zero pattern as X verified globally)	TCF7	0.03202846975088968
non_Tfh_CD4	Mast	281			raw UMI counts (same sparse zero pattern as X verified globally)	SELL	0.0
non_Tfh_CD4	Mast	281			raw UMI counts (same sparse zero pattern as X verified globally)	MAL	0.0035587188612099642
non_Tfh_CD4	Natural killer	927	1.0	0.8338727076591155	raw UMI counts (same sparse zero pattern as X verified globally)		
non_Tfh_CD4	Natural killer	927			raw UMI counts (same sparse zero pattern as X verified globally)	LTB	0.014023732470334413
non_Tfh_CD4	Natural killer	927			raw UMI counts (same sparse zero pattern as X verified globally)	LEF1	0.08414239482200647
non_Tfh_CD4	Natural killer	927			raw UMI counts (same sparse zero pattern as X verified globally)	TCF7	0.09277238403451996
non_Tfh_CD4	Natural killer	927			raw UMI counts (same sparse zero pattern as X verified globally)	SELL	0.03344120819848975
non_Tfh_CD4	Natural killer	927			raw UMI counts (same sparse zero pattern as X verified globally)	MAL	0.004314994606256742
non_Tfh_CD4	Neutrophil	98	1.0	0.7448979591836735	raw UMI counts (same sparse zero pattern as X verified globally)		
non_Tfh_CD4	Neutrophil	98			raw UMI counts (same sparse zero pattern as X verified globally)	LTB	0.02040816326530612
non_Tfh_CD4	Neutrophil	98			raw UMI counts (same sparse zero pattern as X verified globally)	LEF1	0.01020408163265306
non_Tfh_CD4	Neutrophil	98			raw UMI counts (same sparse zero pattern as X verified globally)	TCF7	0.0
non_Tfh_CD4	Neutrophil	98			raw UMI counts (same sparse zero pattern as X verified globally)	SELL	0.22448979591836735
non_Tfh_CD4	Neutrophil	98			raw UMI counts (same sparse zero pattern as X verified globally)	MAL	0.0
non_Tfh_CD4	Pericyte	11779	1.0	0.8706172001018763	raw UMI counts (same sparse zero pattern as X verified globally)		
non_Tfh_CD4	Pericyte	11779			raw UMI counts (same sparse zero pattern as X verified globally)	LTB	0.0007640716529416758
non_Tfh_CD4	Pericyte	11779			raw UMI counts (same sparse zero pattern as X verified globally)	LEF1	0.09449019441378725
non_Tfh_CD4	Pericyte	11779			raw UMI counts (same sparse zero pattern as X verified globally)	TCF7	0.039477035401986584
non_Tfh_CD4	Pericyte	11779			raw UMI counts (same sparse zero pattern as X verified globally)	SELL	0.0018677307071907632
non_Tfh_CD4	Pericyte	11779			raw UMI counts (same sparse zero pattern as X verified globally)	MAL	0.0024620086594787332
non_Tfh_CD4	Plasma	282	1.0	0.6595744680851063	raw UMI counts (same sparse zero pattern as X verified globally)		
non_Tfh_CD4	Plasma	282			raw UMI counts (same sparse zero pattern as X verified globally)	LTB	0.05673758865248227
non_Tfh_CD4	Plasma	282			raw UMI counts (same sparse zero pattern as X verified globally)	LEF1	0.1702127659574468
non_Tfh_CD4	Plasma	282			raw UMI counts (same sparse zero pattern as X verified globally)	TCF7	0.21631205673758866
non_Tfh_CD4	Plasma	282			raw UMI counts (same sparse zero pattern as X verified globally)	SELL	0.09929078014184398
non_Tfh_CD4	Plasma	282			raw UMI counts (same sparse zero pattern as X verified globally)	MAL	0.01773049645390071
non_Tfh_CD4	Schwann	1824	1.0	0.7050438596491229	raw UMI counts (same sparse zero pattern as X verified globally)		
non_Tfh_CD4	Schwann	1824			raw UMI counts (same sparse zero pattern as X verified globally)	LTB	0.0027412280701754384
non_Tfh_CD4	Schwann	1824			raw UMI counts (same sparse zero pattern as X verified globally)	LEF1	0.06578947368421052
non_Tfh_CD4	Schwann	1824			raw UMI counts (same sparse zero pattern as X verified globally)	TCF7	0.12335526315789473
non_Tfh_CD4	Schwann	1824			raw UMI counts (same sparse zero pattern as X verified globally)	SELL	0.008223684210526315
non_Tfh_CD4	Schwann	1824			raw UMI counts (same sparse zero pattern as X verified globally)	MAL	0.14583333333333334
non_Tfh_CD4	Treg	463	1.0	0.5550755939524838	raw UMI counts (same sparse zero pattern as X verified globally)		
non_Tfh_CD4	Treg	463			raw UMI counts (same sparse zero pattern as X verified globally)	LTB	0.047516198704103674
non_Tfh_CD4	Treg	463			raw UMI counts (same sparse zero pattern as X verified globally)	LEF1	0.27645788336933047
non_Tfh_CD4	Treg	463			raw UMI counts (same sparse zero pattern as X verified globally)	TCF7	0.17926565874730022
non_Tfh_CD4	Treg	463			raw UMI counts (same sparse zero pattern as X verified globally)	SELL	0.08855291576673865
non_Tfh_CD4	Treg	463			raw UMI counts (same sparse zero pattern as X verified globally)	MAL	0.019438444924406047
non_Tfh_CD4	Treg (activated)	266	1.0	0.44360902255639095	raw UMI counts (same sparse zero pattern as X verified globally)		
non_Tfh_CD4	Treg (activated)	266			raw UMI counts (same sparse zero pattern as X verified globally)	LTB	0.05263157894736842
non_Tfh_CD4	Treg (activated)	266			raw UMI counts (same sparse zero pattern as X verified globally)	LEF1	0.42857142857142855
non_Tfh_CD4	Treg (activated)	266			raw UMI counts (same sparse zero pattern as X verified globally)	TCF7	0.11278195488721804
non_Tfh_CD4	Treg (activated)	266			raw UMI counts (same sparse zero pattern as X verified globally)	SELL	0.18796992481203006
non_Tfh_CD4	Treg (activated)	266			raw UMI counts (same sparse zero pattern as X verified globally)	MAL	0.04887218045112782
non_Tfh_CD4	Treg (quiescent)	119	1.0	0.20168067226890757	raw UMI counts (same sparse zero pattern as X verified globally)		
non_Tfh_CD4	Treg (quiescent)	119			raw UMI counts (same sparse zero pattern as X verified globally)	LTB	0.025210084033613446
non_Tfh_CD4	Treg (quiescent)	119			raw UMI counts (same sparse zero pattern as X verified globally)	LEF1	0.7058823529411765
non_Tfh_CD4	Treg (quiescent)	119			raw UMI counts (same sparse zero pattern as X verified globally)	TCF7	0.31932773109243695
non_Tfh_CD4	Treg (quiescent)	119			raw UMI counts (same sparse zero pattern as X verified globally)	SELL	0.3025210084033613
non_Tfh_CD4	Treg (quiescent)	119			raw UMI counts (same sparse zero pattern as X verified globally)	MAL	0.08403361344537816
non_Tfh_CD4	Vascular	15530	1.0	0.736381197681906	raw UMI counts (same sparse zero pattern as X verified globally)		
non_Tfh_CD4	Vascular	15530			raw UMI counts (same sparse zero pattern as X verified globally)	LTB	0.0010946555054732775
non_Tfh_CD4	Vascular	15530			raw UMI counts (same sparse zero pattern as X verified globally)	LEF1	0.2412105602060528
non_Tfh_CD4	Vascular	15530			raw UMI counts (same sparse zero pattern as X verified globally)	TCF7	0.027237604636188024
non_Tfh_CD4	Vascular	15530			raw UMI counts (same sparse zero pattern as X verified globally)	SELL	0.00206052801030264
non_Tfh_CD4	Vascular	15530			raw UMI counts (same sparse zero pattern as X verified globally)	MAL	0.001416613007083065
non_Tfh_CD4	Vascular smooth muscle	4711	1.0	0.8766716196136701	raw UMI counts (same sparse zero pattern as X verified globally)		
non_Tfh_CD4	Vascular smooth muscle	4711			raw UMI counts (same sparse zero pattern as X verified globally)	LTB	0.00021226915729144556
non_Tfh_CD4	Vascular smooth muscle	4711			raw UMI counts (same sparse zero pattern as X verified globally)	LEF1	0.03651029505412864
non_Tfh_CD4	Vascular smooth muscle	4711			raw UMI counts (same sparse zero pattern as X verified globally)	TCF7	0.08745489280407556
non_Tfh_CD4	Vascular smooth muscle	4711			raw UMI counts (same sparse zero pattern as X verified globally)	SELL	0.0006368074718743367
non_Tfh_CD4	Vascular smooth muscle	4711			raw UMI counts (same sparse zero pattern as X verified globally)	MAL	0.005943536404160475
non_Tfh_CD4	myCAF	10566	1.0	0.5333144046943025	raw UMI counts (same sparse zero pattern as X verified globally)		
non_Tfh_CD4	myCAF	10566			raw UMI counts (same sparse zero pattern as X verified globally)	LTB	0.00047321597577134206
non_Tfh_CD4	myCAF	10566			raw UMI counts (same sparse zero pattern as X verified globally)	LEF1	0.439333711906114
non_Tfh_CD4	myCAF	10566			raw UMI counts (same sparse zero pattern as X verified globally)	TCF7	0.061707363240583
non_Tfh_CD4	myCAF	10566			raw UMI counts (same sparse zero pattern as X verified globally)	SELL	0.0005678591709256105
non_Tfh_CD4	myCAF	10566			raw UMI counts (same sparse zero pattern as X verified globally)	MAL	9.46431951542684e-05
Treg	ADM	3233	1.0	0.8957624497370863	raw UMI counts (same sparse zero pattern as X verified globally)		
Treg	ADM	3233			raw UMI counts (same sparse zero pattern as X verified globally)	FOXP3	0.0006186204763377668
Treg	ADM	3233			raw UMI counts (same sparse zero pattern as X verified globally)	IL2RA	0.005258274048871018
Treg	ADM	3233			raw UMI counts (same sparse zero pattern as X verified globally)	CTLA4	0.0006186204763377668
Treg	ADM	3233			raw UMI counts (same sparse zero pattern as X verified globally)	TIGIT	0.0046396535725332505
Treg	ADM	3233			raw UMI counts (same sparse zero pattern as X verified globally)	IKZF2	0.09433962264150944
Treg	ADM	3233			raw UMI counts (same sparse zero pattern as X verified globally)	TNFRSF4	0.0006186204763377668
Treg	Acinar	5171	1.0	0.9622896925159543	raw UMI counts (same sparse zero pattern as X verified globally)		
Treg	Acinar	5171			raw UMI counts (same sparse zero pattern as X verified globally)	FOXP3	0.00038677238445175013
Treg	Acinar	5171			raw UMI counts (same sparse zero pattern as X verified globally)	IL2RA	0.0011603171533552505
Treg	Acinar	5171			raw UMI counts (same sparse zero pattern as X verified globally)	CTLA4	0.0
Treg	Acinar	5171			raw UMI counts (same sparse zero pattern as X verified globally)	TIGIT	0.0029007928833881262
Treg	Acinar	5171			raw UMI counts (same sparse zero pattern as X verified globally)	IKZF2	0.03268226648617289
Treg	Acinar	5171			raw UMI counts (same sparse zero pattern as X verified globally)	TNFRSF4	0.0013537033455811255
Treg	Acinar (REG+)	186	1.0	0.989247311827957	raw UMI counts (same sparse zero pattern as X verified globally)		
Treg	Acinar (REG+)	186			raw UMI counts (same sparse zero pattern as X verified globally)	FOXP3	0.0
Treg	Acinar (REG+)	186			raw UMI counts (same sparse zero pattern as X verified globally)	IL2RA	0.0
Treg	Acinar (REG+)	186			raw UMI counts (same sparse zero pattern as X verified globally)	CTLA4	0.0
Treg	Acinar (REG+)	186			raw UMI counts (same sparse zero pattern as X verified globally)	TIGIT	0.0
Treg	Acinar (REG+)	186			raw UMI counts (same sparse zero pattern as X verified globally)	IKZF2	0.010752688172043012
Treg	Acinar (REG+)	186			raw UMI counts (same sparse zero pattern as X verified globally)	TNFRSF4	0.0
Treg	Adipocyte	531	1.0	0.9340866290018832	raw UMI counts (same sparse zero pattern as X verified globally)		
Treg	Adipocyte	531			raw UMI counts (same sparse zero pattern as X verified globally)	FOXP3	0.0
Treg	Adipocyte	531			raw UMI counts (same sparse zero pattern as X verified globally)	IL2RA	0.009416195856873822
Treg	Adipocyte	531			raw UMI counts (same sparse zero pattern as X verified globally)	CTLA4	0.0
Treg	Adipocyte	531			raw UMI counts (same sparse zero pattern as X verified globally)	TIGIT	0.003766478342749529
Treg	Adipocyte	531			raw UMI counts (same sparse zero pattern as X verified globally)	IKZF2	0.054613935969868174
Treg	Adipocyte	531			raw UMI counts (same sparse zero pattern as X verified globally)	TNFRSF4	0.0
Treg	Alpha	2723	1.0	0.9140653690782226	raw UMI counts (same sparse zero pattern as X verified globally)		
Treg	Alpha	2723			raw UMI counts (same sparse zero pattern as X verified globally)	FOXP3	0.0003672420124862284
Treg	Alpha	2723			raw UMI counts (same sparse zero pattern as X verified globally)	IL2RA	0.003672420124862284
Treg	Alpha	2723			raw UMI counts (same sparse zero pattern as X verified globally)	CTLA4	0.0007344840249724568
Treg	Alpha	2723			raw UMI counts (same sparse zero pattern as X verified globally)	TIGIT	0.002570694087403599
Treg	Alpha	2723			raw UMI counts (same sparse zero pattern as X verified globally)	IKZF2	0.07932427469702534
Treg	Alpha	2723			raw UMI counts (same sparse zero pattern as X verified globally)	TNFRSF4	0.0
Treg	B	1573	1.0	0.7571519389701208	raw UMI counts (same sparse zero pattern as X verified globally)		
Treg	B	1573			raw UMI counts (same sparse zero pattern as X verified globally)	FOXP3	0.008900190718372537
Treg	B	1573			raw UMI counts (same sparse zero pattern as X verified globally)	IL2RA	0.09980928162746344
Treg	B	1573			raw UMI counts (same sparse zero pattern as X verified globally)	CTLA4	0.02161474888747616
Treg	B	1573			raw UMI counts (same sparse zero pattern as X verified globally)	TIGIT	0.04132231404958678
Treg	B	1573			raw UMI counts (same sparse zero pattern as X verified globally)	IKZF2	0.11697393515575334
Treg	B	1573			raw UMI counts (same sparse zero pattern as X verified globally)	TNFRSF4	0.008264462809917356
Treg	Beta	3152	1.0	0.8232868020304569	raw UMI counts (same sparse zero pattern as X verified globally)		
Treg	Beta	3152			raw UMI counts (same sparse zero pattern as X verified globally)	FOXP3	0.0015862944162436548
Treg	Beta	3152			raw UMI counts (same sparse zero pattern as X verified globally)	IL2RA	0.004124365482233503
Treg	Beta	3152			raw UMI counts (same sparse zero pattern as X verified globally)	CTLA4	0.00031725888324873094
Treg	Beta	3152			raw UMI counts (same sparse zero pattern as X verified globally)	TIGIT	0.0038071065989847717
Treg	Beta	3152			raw UMI counts (same sparse zero pattern as X verified globally)	IKZF2	0.1690989847715736
Treg	Beta	3152			raw UMI counts (same sparse zero pattern as X verified globally)	TNFRSF4	0.0
Treg	CAF	44369	1.0	0.9517455881358606	raw UMI counts (same sparse zero pattern as X verified globally)		
Treg	CAF	44369			raw UMI counts (same sparse zero pattern as X verified globally)	FOXP3	0.0011269129347066646
Treg	CAF	44369			raw UMI counts (same sparse zero pattern as X verified globally)	IL2RA	0.0016452928846717302
Treg	CAF	44369			raw UMI counts (same sparse zero pattern as X verified globally)	CTLA4	0.0006761477608239987
Treg	CAF	44369			raw UMI counts (same sparse zero pattern as X verified globally)	TIGIT	0.0018030606955306632
Treg	CAF	44369			raw UMI counts (same sparse zero pattern as X verified globally)	IKZF2	0.04232684982758232
Treg	CAF	44369			raw UMI counts (same sparse zero pattern as X verified globally)	TNFRSF4	0.0013522955216479975
Treg	CD4+ T	1839	1.0	0.7710712343665035	raw UMI counts (same sparse zero pattern as X verified globally)		
Treg	CD4+ T	1839			raw UMI counts (same sparse zero pattern as X verified globally)	FOXP3	0.008700380641653072
Treg	CD4+ T	1839			raw UMI counts (same sparse zero pattern as X verified globally)	IL2RA	0.0674279499728113
Treg	CD4+ T	1839			raw UMI counts (same sparse zero pattern as X verified globally)	CTLA4	0.057096247960848286
Treg	CD4+ T	1839			raw UMI counts (same sparse zero pattern as X verified globally)	TIGIT	0.0478520935290919
Treg	CD4+ T	1839			raw UMI counts (same sparse zero pattern as X verified globally)	IKZF2	0.07449700924415444
Treg	CD4+ T	1839			raw UMI counts (same sparse zero pattern as X verified globally)	TNFRSF4	0.01957585644371941
Treg	CD8+ T	2526	1.0	0.8238321456848773	raw UMI counts (same sparse zero pattern as X verified globally)		
Treg	CD8+ T	2526			raw UMI counts (same sparse zero pattern as X verified globally)	FOXP3	0.0035629453681710215
Treg	CD8+ T	2526			raw UMI counts (same sparse zero pattern as X verified globally)	IL2RA	0.034045922406967535
Treg	CD8+ T	2526			raw UMI counts (same sparse zero pattern as X verified globally)	CTLA4	0.023752969121140142
Treg	CD8+ T	2526			raw UMI counts (same sparse zero pattern as X verified globally)	TIGIT	0.03602533650039588
Treg	CD8+ T	2526			raw UMI counts (same sparse zero pattern as X verified globally)	IKZF2	0.08986539984164688
Treg	CD8+ T	2526			raw UMI counts (same sparse zero pattern as X verified globally)	TNFRSF4	0.007521773555027712
Treg	CD8+ T (dysfunctional)	967	1.0	0.750775594622544	raw UMI counts (same sparse zero pattern as X verified globally)		
Treg	CD8+ T (dysfunctional)	967			raw UMI counts (same sparse zero pattern as X verified globally)	FOXP3	0.0031023784901758012
Treg	CD8+ T (dysfunctional)	967			raw UMI counts (same sparse zero pattern as X verified globally)	IL2RA	0.007238883143743537
Treg	CD8+ T (dysfunctional)	967			raw UMI counts (same sparse zero pattern as X verified globally)	CTLA4	0.02481902792140641
Treg	CD8+ T (dysfunctional)	967			raw UMI counts (same sparse zero pattern as X verified globally)	TIGIT	0.1189245087900724
Treg	CD8+ T (dysfunctional)	967			raw UMI counts (same sparse zero pattern as X verified globally)	IKZF2	0.12926577042399173
Treg	CD8+ T (dysfunctional)	967			raw UMI counts (same sparse zero pattern as X verified globally)	TNFRSF4	0.0031023784901758012
Treg	CD8+ T (progenitor dysfunctional)	142	1.0	0.8380281690140845	raw UMI counts (same sparse zero pattern as X verified globally)		
Treg	CD8+ T (progenitor dysfunctional)	142			raw UMI counts (same sparse zero pattern as X verified globally)	FOXP3	0.0
Treg	CD8+ T (progenitor dysfunctional)	142			raw UMI counts (same sparse zero pattern as X verified globally)	IL2RA	0.028169014084507043
Treg	CD8+ T (progenitor dysfunctional)	142			raw UMI counts (same sparse zero pattern as X verified globally)	CTLA4	0.014084507042253521
Treg	CD8+ T (progenitor dysfunctional)	142			raw UMI counts (same sparse zero pattern as X verified globally)	TIGIT	0.014084507042253521
Treg	CD8+ T (progenitor dysfunctional)	142			raw UMI counts (same sparse zero pattern as X verified globally)	IKZF2	0.09859154929577464
Treg	CD8+ T (progenitor dysfunctional)	142			raw UMI counts (same sparse zero pattern as X verified globally)	TNFRSF4	0.014084507042253521
Treg	CD8+ T (terminally dysfunctional)	419	1.0	0.747016706443914	raw UMI counts (same sparse zero pattern as X verified globally)		
Treg	CD8+ T (terminally dysfunctional)	419			raw UMI counts (same sparse zero pattern as X verified globally)	FOXP3	0.0
Treg	CD8+ T (terminally dysfunctional)	419			raw UMI counts (same sparse zero pattern as X verified globally)	IL2RA	0.014319809069212411
Treg	CD8+ T (terminally dysfunctional)	419			raw UMI counts (same sparse zero pattern as X verified globally)	CTLA4	0.026252983293556086
Treg	CD8+ T (terminally dysfunctional)	419			raw UMI counts (same sparse zero pattern as X verified globally)	TIGIT	0.1288782816229117
Treg	CD8+ T (terminally dysfunctional)	419			raw UMI counts (same sparse zero pattern as X verified globally)	IKZF2	0.1288782816229117
Treg	CD8+ T (terminally dysfunctional)	419			raw UMI counts (same sparse zero pattern as X verified globally)	TNFRSF4	0.0
Treg	Delta	556	1.0	0.8345323741007195	raw UMI counts (same sparse zero pattern as X verified globally)		
Treg	Delta	556			raw UMI counts (same sparse zero pattern as X verified globally)	FOXP3	0.0017985611510791368
Treg	Delta	556			raw UMI counts (same sparse zero pattern as X verified globally)	IL2RA	0.0035971223021582736
Treg	Delta	556			raw UMI counts (same sparse zero pattern as X verified globally)	CTLA4	0.0
Treg	Delta	556			raw UMI counts (same sparse zero pattern as X verified globally)	TIGIT	0.00539568345323741
Treg	Delta	556			raw UMI counts (same sparse zero pattern as X verified globally)	IKZF2	0.1528776978417266
Treg	Delta	556			raw UMI counts (same sparse zero pattern as X verified globally)	TNFRSF4	0.0017985611510791368
Treg	Dendritic (activated)	91	1.0	0.7472527472527473	raw UMI counts (same sparse zero pattern as X verified globally)		
Treg	Dendritic (activated)	91			raw UMI counts (same sparse zero pattern as X verified globally)	FOXP3	0.0
Treg	Dendritic (activated)	91			raw UMI counts (same sparse zero pattern as X verified globally)	IL2RA	0.054945054945054944
Treg	Dendritic (activated)	91			raw UMI counts (same sparse zero pattern as X verified globally)	CTLA4	0.01098901098901099
Treg	Dendritic (activated)	91			raw UMI counts (same sparse zero pattern as X verified globally)	TIGIT	0.0
Treg	Dendritic (activated)	91			raw UMI counts (same sparse zero pattern as X verified globally)	IKZF2	0.17582417582417584
Treg	Dendritic (activated)	91			raw UMI counts (same sparse zero pattern as X verified globally)	TNFRSF4	0.04395604395604396
Treg	Dendritic (conventional type 1)	181	1.0	0.8729281767955801	raw UMI counts (same sparse zero pattern as X verified globally)		
Treg	Dendritic (conventional type 1)	181			raw UMI counts (same sparse zero pattern as X verified globally)	FOXP3	0.0055248618784530384
Treg	Dendritic (conventional type 1)	181			raw UMI counts (same sparse zero pattern as X verified globally)	IL2RA	0.0055248618784530384
Treg	Dendritic (conventional type 1)	181			raw UMI counts (same sparse zero pattern as X verified globally)	CTLA4	0.027624309392265192
Treg	Dendritic (conventional type 1)	181			raw UMI counts (same sparse zero pattern as X verified globally)	TIGIT	0.0
Treg	Dendritic (conventional type 1)	181			raw UMI counts (same sparse zero pattern as X verified globally)	IKZF2	0.09392265193370165
Treg	Dendritic (conventional type 1)	181			raw UMI counts (same sparse zero pattern as X verified globally)	TNFRSF4	0.0
Treg	Dendritic (conventional type 2)	1008	1.0	0.8650793650793651	raw UMI counts (same sparse zero pattern as X verified globally)		
Treg	Dendritic (conventional type 2)	1008			raw UMI counts (same sparse zero pattern as X verified globally)	FOXP3	0.001984126984126984
Treg	Dendritic (conventional type 2)	1008			raw UMI counts (same sparse zero pattern as X verified globally)	IL2RA	0.037698412698412696
Treg	Dendritic (conventional type 2)	1008			raw UMI counts (same sparse zero pattern as X verified globally)	CTLA4	0.022817460317460316
Treg	Dendritic (conventional type 2)	1008			raw UMI counts (same sparse zero pattern as X verified globally)	TIGIT	0.001984126984126984
Treg	Dendritic (conventional type 2)	1008			raw UMI counts (same sparse zero pattern as X verified globally)	IKZF2	0.0744047619047619
Treg	Dendritic (conventional type 2)	1008			raw UMI counts (same sparse zero pattern as X verified globally)	TNFRSF4	0.006944444444444444
Treg	Dendritic (plasmacytoid)	139	1.0	0.8489208633093526	raw UMI counts (same sparse zero pattern as X verified globally)		
Treg	Dendritic (plasmacytoid)	139			raw UMI counts (same sparse zero pattern as X verified globally)	FOXP3	0.0
Treg	Dendritic (plasmacytoid)	139			raw UMI counts (same sparse zero pattern as X verified globally)	IL2RA	0.06474820143884892
Treg	Dendritic (plasmacytoid)	139			raw UMI counts (same sparse zero pattern as X verified globally)	CTLA4	0.0
Treg	Dendritic (plasmacytoid)	139			raw UMI counts (same sparse zero pattern as X verified globally)	TIGIT	0.02158273381294964
Treg	Dendritic (plasmacytoid)	139			raw UMI counts (same sparse zero pattern as X verified globally)	IKZF2	0.07194244604316546
Treg	Dendritic (plasmacytoid)	139			raw UMI counts (same sparse zero pattern as X verified globally)	TNFRSF4	0.02158273381294964
Treg	Ductal	24627	1.0	0.7928696146505868	raw UMI counts (same sparse zero pattern as X verified globally)		
Treg	Ductal	24627			raw UMI counts (same sparse zero pattern as X verified globally)	FOXP3	0.0006496934259146466
Treg	Ductal	24627			raw UMI counts (same sparse zero pattern as X verified globally)	IL2RA	0.0013805985300686238
Treg	Ductal	24627			raw UMI counts (same sparse zero pattern as X verified globally)	CTLA4	0.00024363503471799245
Treg	Ductal	24627			raw UMI counts (same sparse zero pattern as X verified globally)	TIGIT	0.0022333211515815975
Treg	Ductal	24627			raw UMI counts (same sparse zero pattern as X verified globally)	IKZF2	0.20404434157631868
Treg	Ductal	24627			raw UMI counts (same sparse zero pattern as X verified globally)	TNFRSF4	0.00012181751735899622
Treg	Ductal (atypical)	4991	1.0	0.513123622520537	raw UMI counts (same sparse zero pattern as X verified globally)		
Treg	Ductal (atypical)	4991			raw UMI counts (same sparse zero pattern as X verified globally)	FOXP3	0.0012021638950110197
Treg	Ductal (atypical)	4991			raw UMI counts (same sparse zero pattern as X verified globally)	IL2RA	0.0010018032458425166
Treg	Ductal (atypical)	4991			raw UMI counts (same sparse zero pattern as X verified globally)	CTLA4	0.0
Treg	Ductal (atypical)	4991			raw UMI counts (same sparse zero pattern as X verified globally)	TIGIT	0.0036064916850330597
Treg	Ductal (atypical)	4991			raw UMI counts (same sparse zero pattern as X verified globally)	IKZF2	0.4842716890402725
Treg	Ductal (atypical)	4991			raw UMI counts (same sparse zero pattern as X verified globally)	TNFRSF4	0.0002003606491685033
Treg	Epsilon	46	1.0	0.9565217391304348	raw UMI counts (same sparse zero pattern as X verified globally)		
Treg	Epsilon	46			raw UMI counts (same sparse zero pattern as X verified globally)	FOXP3	0.0
Treg	Epsilon	46			raw UMI counts (same sparse zero pattern as X verified globally)	IL2RA	0.0
Treg	Epsilon	46			raw UMI counts (same sparse zero pattern as X verified globally)	CTLA4	0.0
Treg	Epsilon	46			raw UMI counts (same sparse zero pattern as X verified globally)	TIGIT	0.0
Treg	Epsilon	46			raw UMI counts (same sparse zero pattern as X verified globally)	IKZF2	0.043478260869565216
Treg	Epsilon	46			raw UMI counts (same sparse zero pattern as X verified globally)	TNFRSF4	0.0
Treg	Gamma	1716	1.0	0.8403263403263403	raw UMI counts (same sparse zero pattern as X verified globally)		
Treg	Gamma	1716			raw UMI counts (same sparse zero pattern as X verified globally)	FOXP3	0.0005827505827505828
Treg	Gamma	1716			raw UMI counts (same sparse zero pattern as X verified globally)	IL2RA	0.002913752913752914
Treg	Gamma	1716			raw UMI counts (same sparse zero pattern as X verified globally)	CTLA4	0.0005827505827505828
Treg	Gamma	1716			raw UMI counts (same sparse zero pattern as X verified globally)	TIGIT	0.0017482517482517483
Treg	Gamma	1716			raw UMI counts (same sparse zero pattern as X verified globally)	IKZF2	0.15442890442890442
Treg	Gamma	1716			raw UMI counts (same sparse zero pattern as X verified globally)	TNFRSF4	0.0005827505827505828
Treg	Hormone-negative neuroendocrine	1608	1.0	0.9191542288557214	raw UMI counts (same sparse zero pattern as X verified globally)		
Treg	Hormone-negative neuroendocrine	1608			raw UMI counts (same sparse zero pattern as X verified globally)	FOXP3	0.0
Treg	Hormone-negative neuroendocrine	1608			raw UMI counts (same sparse zero pattern as X verified globally)	IL2RA	0.0018656716417910447
Treg	Hormone-negative neuroendocrine	1608			raw UMI counts (same sparse zero pattern as X verified globally)	CTLA4	0.0
Treg	Hormone-negative neuroendocrine	1608			raw UMI counts (same sparse zero pattern as X verified globally)	TIGIT	0.013059701492537313
Treg	Hormone-negative neuroendocrine	1608			raw UMI counts (same sparse zero pattern as X verified globally)	IKZF2	0.06592039800995025
Treg	Hormone-negative neuroendocrine	1608			raw UMI counts (same sparse zero pattern as X verified globally)	TNFRSF4	0.0006218905472636816
Treg	Intra-pancreatic neurons	25	1.0	0.92	raw UMI counts (same sparse zero pattern as X verified globally)		
Treg	Intra-pancreatic neurons	25			raw UMI counts (same sparse zero pattern as X verified globally)	FOXP3	0.04
Treg	Intra-pancreatic neurons	25			raw UMI counts (same sparse zero pattern as X verified globally)	IL2RA	0.0
Treg	Intra-pancreatic neurons	25			raw UMI counts (same sparse zero pattern as X verified globally)	CTLA4	0.0
Treg	Intra-pancreatic neurons	25			raw UMI counts (same sparse zero pattern as X verified globally)	TIGIT	0.0
Treg	Intra-pancreatic neurons	25			raw UMI counts (same sparse zero pattern as X verified globally)	IKZF2	0.04
Treg	Intra-pancreatic neurons	25			raw UMI counts (same sparse zero pattern as X verified globally)	TNFRSF4	0.0
Treg	Lymphatic	1645	1.0	0.9173252279635259	raw UMI counts (same sparse zero pattern as X verified globally)		
Treg	Lymphatic	1645			raw UMI counts (same sparse zero pattern as X verified globally)	FOXP3	0.0024316109422492403
Treg	Lymphatic	1645			raw UMI counts (same sparse zero pattern as X verified globally)	IL2RA	0.015805471124620062
Treg	Lymphatic	1645			raw UMI counts (same sparse zero pattern as X verified globally)	CTLA4	0.00851063829787234
Treg	Lymphatic	1645			raw UMI counts (same sparse zero pattern as X verified globally)	TIGIT	0.00182370820668693
Treg	Lymphatic	1645			raw UMI counts (same sparse zero pattern as X verified globally)	IKZF2	0.0243161094224924
Treg	Lymphatic	1645			raw UMI counts (same sparse zero pattern as X verified globally)	TNFRSF4	0.03404255319148936
Treg	Macrophage	10140	1.0	0.8310650887573965	raw UMI counts (same sparse zero pattern as X verified globally)		
Treg	Macrophage	10140			raw UMI counts (same sparse zero pattern as X verified globally)	FOXP3	0.0014792899408284023
Treg	Macrophage	10140			raw UMI counts (same sparse zero pattern as X verified globally)	IL2RA	0.10512820512820513
Treg	Macrophage	10140			raw UMI counts (same sparse zero pattern as X verified globally)	CTLA4	0.005917159763313609
Treg	Macrophage	10140			raw UMI counts (same sparse zero pattern as X verified globally)	TIGIT	0.002465483234714004
Treg	Macrophage	10140			raw UMI counts (same sparse zero pattern as X verified globally)	IKZF2	0.060453648915187376
Treg	Macrophage	10140			raw UMI counts (same sparse zero pattern as X verified globally)	TNFRSF4	0.005719921104536489
Treg	Malignant	64538	1.0	0.7742260373733304	raw UMI counts (same sparse zero pattern as X verified globally)		
Treg	Malignant	64538			raw UMI counts (same sparse zero pattern as X verified globally)	FOXP3	0.0006042951439462022
Treg	Malignant	64538			raw UMI counts (same sparse zero pattern as X verified globally)	IL2RA	0.001797390684557935
Treg	Malignant	64538			raw UMI counts (same sparse zero pattern as X verified globally)	CTLA4	0.00030989494561343707
Treg	Malignant	64538			raw UMI counts (same sparse zero pattern as X verified globally)	TIGIT	0.002122780377452044
Treg	Malignant	64538			raw UMI counts (same sparse zero pattern as X verified globally)	IKZF2	0.2212340016734327
Treg	Malignant	64538			raw UMI counts (same sparse zero pattern as X verified globally)	TNFRSF4	0.0011156218042083733
Treg	Mast	281	1.0	0.8362989323843416	raw UMI counts (same sparse zero pattern as X verified globally)		
Treg	Mast	281			raw UMI counts (same sparse zero pattern as X verified globally)	FOXP3	0.0035587188612099642
Treg	Mast	281			raw UMI counts (same sparse zero pattern as X verified globally)	IL2RA	0.046263345195729534
Treg	Mast	281			raw UMI counts (same sparse zero pattern as X verified globally)	CTLA4	0.0035587188612099642
Treg	Mast	281			raw UMI counts (same sparse zero pattern as X verified globally)	TIGIT	0.0035587188612099642
Treg	Mast	281			raw UMI counts (same sparse zero pattern as X verified globally)	IKZF2	0.11743772241992882
Treg	Mast	281			raw UMI counts (same sparse zero pattern as X verified globally)	TNFRSF4	0.010676156583629894
Treg	Natural killer	927	1.0	0.5037756202804746	raw UMI counts (same sparse zero pattern as X verified globally)		
Treg	Natural killer	927			raw UMI counts (same sparse zero pattern as X verified globally)	FOXP3	0.005393743257820928
Treg	Natural killer	927			raw UMI counts (same sparse zero pattern as X verified globally)	IL2RA	0.08414239482200647
Treg	Natural killer	927			raw UMI counts (same sparse zero pattern as X verified globally)	CTLA4	0.06256742179072276
Treg	Natural killer	927			raw UMI counts (same sparse zero pattern as X verified globally)	TIGIT	0.08737864077669903
Treg	Natural killer	927			raw UMI counts (same sparse zero pattern as X verified globally)	IKZF2	0.3559870550161812
Treg	Natural killer	927			raw UMI counts (same sparse zero pattern as X verified globally)	TNFRSF4	0.022653721682847898
Treg	Neutrophil	98	1.0	0.9489795918367347	raw UMI counts (same sparse zero pattern as X verified globally)		
Treg	Neutrophil	98			raw UMI counts (same sparse zero pattern as X verified globally)	FOXP3	0.0
Treg	Neutrophil	98			raw UMI counts (same sparse zero pattern as X verified globally)	IL2RA	0.030612244897959183
Treg	Neutrophil	98			raw UMI counts (same sparse zero pattern as X verified globally)	CTLA4	0.0
Treg	Neutrophil	98			raw UMI counts (same sparse zero pattern as X verified globally)	TIGIT	0.0
Treg	Neutrophil	98			raw UMI counts (same sparse zero pattern as X verified globally)	IKZF2	0.02040816326530612
Treg	Neutrophil	98			raw UMI counts (same sparse zero pattern as X verified globally)	TNFRSF4	0.0
Treg	Pericyte	11779	1.0	0.8956617709482978	raw UMI counts (same sparse zero pattern as X verified globally)		
Treg	Pericyte	11779			raw UMI counts (same sparse zero pattern as X verified globally)	FOXP3	0.0005942779522879701
Treg	Pericyte	11779			raw UMI counts (same sparse zero pattern as X verified globally)	IL2RA	0.0034807708634009677
Treg	Pericyte	11779			raw UMI counts (same sparse zero pattern as X verified globally)	CTLA4	0.0010187622039222344
Treg	Pericyte	11779			raw UMI counts (same sparse zero pattern as X verified globally)	TIGIT	0.0028015960607861447
Treg	Pericyte	11779			raw UMI counts (same sparse zero pattern as X verified globally)	IKZF2	0.08837762119025384
Treg	Pericyte	11779			raw UMI counts (same sparse zero pattern as X verified globally)	TNFRSF4	0.011461074794125137
Treg	Plasma	282	1.0	0.7375886524822695	raw UMI counts (same sparse zero pattern as X verified globally)		
Treg	Plasma	282			raw UMI counts (same sparse zero pattern as X verified globally)	FOXP3	0.010638297872340425
Treg	Plasma	282			raw UMI counts (same sparse zero pattern as X verified globally)	IL2RA	0.11347517730496454
Treg	Plasma	282			raw UMI counts (same sparse zero pattern as X verified globally)	CTLA4	0.05673758865248227
Treg	Plasma	282			raw UMI counts (same sparse zero pattern as X verified globally)	TIGIT	0.04964539007092199
Treg	Plasma	282			raw UMI counts (same sparse zero pattern as X verified globally)	IKZF2	0.0851063829787234
Treg	Plasma	282			raw UMI counts (same sparse zero pattern as X verified globally)	TNFRSF4	0.03900709219858156
Treg	Schwann	1824	1.0	0.7653508771929824	raw UMI counts (same sparse zero pattern as X verified globally)		
Treg	Schwann	1824			raw UMI counts (same sparse zero pattern as X verified globally)	FOXP3	0.0021929824561403508
Treg	Schwann	1824			raw UMI counts (same sparse zero pattern as X verified globally)	IL2RA	0.006578947368421052
Treg	Schwann	1824			raw UMI counts (same sparse zero pattern as X verified globally)	CTLA4	0.001644736842105263
Treg	Schwann	1824			raw UMI counts (same sparse zero pattern as X verified globally)	TIGIT	0.0021929824561403508
Treg	Schwann	1824			raw UMI counts (same sparse zero pattern as X verified globally)	IKZF2	0.22861842105263158
Treg	Schwann	1824			raw UMI counts (same sparse zero pattern as X verified globally)	TNFRSF4	0.001644736842105263
Treg	Treg	463	1.0	0.2505399568034557	raw UMI counts (same sparse zero pattern as X verified globally)		
Treg	Treg	463			raw UMI counts (same sparse zero pattern as X verified globally)	FOXP3	0.07991360691144708
Treg	Treg	463			raw UMI counts (same sparse zero pattern as X verified globally)	IL2RA	0.27645788336933047
Treg	Treg	463			raw UMI counts (same sparse zero pattern as X verified globally)	CTLA4	0.265658747300216
Treg	Treg	463			raw UMI counts (same sparse zero pattern as X verified globally)	TIGIT	0.18142548596112312
Treg	Treg	463			raw UMI counts (same sparse zero pattern as X verified globally)	IKZF2	0.4168466522678186
Treg	Treg	463			raw UMI counts (same sparse zero pattern as X verified globally)	TNFRSF4	0.07991360691144708
Treg	Treg (activated)	266	1.0	0.03383458646616541	raw UMI counts (same sparse zero pattern as X verified globally)		
Treg	Treg (activated)	266			raw UMI counts (same sparse zero pattern as X verified globally)	FOXP3	0.18796992481203006
Treg	Treg (activated)	266			raw UMI counts (same sparse zero pattern as X verified globally)	IL2RA	0.518796992481203
Treg	Treg (activated)	266			raw UMI counts (same sparse zero pattern as X verified globally)	CTLA4	0.4548872180451128
Treg	Treg (activated)	266			raw UMI counts (same sparse zero pattern as X verified globally)	TIGIT	0.3609022556390977
Treg	Treg (activated)	266			raw UMI counts (same sparse zero pattern as X verified globally)	IKZF2	0.8872180451127819
Treg	Treg (activated)	266			raw UMI counts (same sparse zero pattern as X verified globally)	TNFRSF4	0.18045112781954886
Treg	Treg (quiescent)	119	1.0	0.12605042016806722	raw UMI counts (same sparse zero pattern as X verified globally)		
Treg	Treg (quiescent)	119			raw UMI counts (same sparse zero pattern as X verified globally)	FOXP3	0.11764705882352941
Treg	Treg (quiescent)	119			raw UMI counts (same sparse zero pattern as X verified globally)	IL2RA	0.37815126050420167
Treg	Treg (quiescent)	119			raw UMI counts (same sparse zero pattern as X verified globally)	CTLA4	0.25210084033613445
Treg	Treg (quiescent)	119			raw UMI counts (same sparse zero pattern as X verified globally)	TIGIT	0.2184873949579832
Treg	Treg (quiescent)	119			raw UMI counts (same sparse zero pattern as X verified globally)	IKZF2	0.6722689075630253
Treg	Treg (quiescent)	119			raw UMI counts (same sparse zero pattern as X verified globally)	TNFRSF4	0.05042016806722689
Treg	Vascular	15530	1.0	0.943915003219575	raw UMI counts (same sparse zero pattern as X verified globally)		
Treg	Vascular	15530			raw UMI counts (same sparse zero pattern as X verified globally)	FOXP3	0.0008370895041854475
Treg	Vascular	15530			raw UMI counts (same sparse zero pattern as X verified globally)	IL2RA	0.002704443013522215
Treg	Vascular	15530			raw UMI counts (same sparse zero pattern as X verified globally)	CTLA4	0.00077269800386349
Treg	Vascular	15530			raw UMI counts (same sparse zero pattern as X verified globally)	TIGIT	0.00154539600772698
Treg	Vascular	15530			raw UMI counts (same sparse zero pattern as X verified globally)	IKZF2	0.01081777205408886
Treg	Vascular	15530			raw UMI counts (same sparse zero pattern as X verified globally)	TNFRSF4	0.03998712169993561
Treg	Vascular smooth muscle	4711	1.0	0.9352579070261091	raw UMI counts (same sparse zero pattern as X verified globally)		
Treg	Vascular smooth muscle	4711			raw UMI counts (same sparse zero pattern as X verified globally)	FOXP3	0.0012736149437486733
Treg	Vascular smooth muscle	4711			raw UMI counts (same sparse zero pattern as X verified globally)	IL2RA	0.00021226915729144556
Treg	Vascular smooth muscle	4711			raw UMI counts (same sparse zero pattern as X verified globally)	CTLA4	0.0
Treg	Vascular smooth muscle	4711			raw UMI counts (same sparse zero pattern as X verified globally)	TIGIT	0.0008490766291657822
Treg	Vascular smooth muscle	4711			raw UMI counts (same sparse zero pattern as X verified globally)	IKZF2	0.06261940140097644
Treg	Vascular smooth muscle	4711			raw UMI counts (same sparse zero pattern as X verified globally)	TNFRSF4	0.0
Treg	myCAF	10566	1.0	0.9768124171872042	raw UMI counts (same sparse zero pattern as X verified globally)		
Treg	myCAF	10566			raw UMI counts (same sparse zero pattern as X verified globally)	FOXP3	0.0015142911224682945
Treg	myCAF	10566			raw UMI counts (same sparse zero pattern as X verified globally)	IL2RA	0.001135718341851221
Treg	myCAF	10566			raw UMI counts (same sparse zero pattern as X verified globally)	CTLA4	0.0007571455612341472
Treg	myCAF	10566			raw UMI counts (same sparse zero pattern as X verified globally)	TIGIT	0.0015142911224682945
Treg	myCAF	10566			raw UMI counts (same sparse zero pattern as X verified globally)	IKZF2	0.017035775127768313
Treg	myCAF	10566			raw UMI counts (same sparse zero pattern as X verified globally)	TNFRSF4	0.001608934317622563
exhausted_CD8	ADM	3233	1.0	0.9505103618929787	raw UMI counts (same sparse zero pattern as X verified globally)		
exhausted_CD8	ADM	3233			raw UMI counts (same sparse zero pattern as X verified globally)	CD8A	0.003093102381688834
exhausted_CD8	ADM	3233			raw UMI counts (same sparse zero pattern as X verified globally)	CD8B	0.0003093102381688834
exhausted_CD8	ADM	3233			raw UMI counts (same sparse zero pattern as X verified globally)	LAG3	0.004021033096195484
exhausted_CD8	ADM	3233			raw UMI counts (same sparse zero pattern as X verified globally)	HAVCR2	0.029693782864212804
exhausted_CD8	ADM	3233			raw UMI counts (same sparse zero pattern as X verified globally)	ENTPD1	0.012681719764924219
exhausted_CD8	ADM	3233			raw UMI counts (same sparse zero pattern as X verified globally)	LAYN	0.0018558614290133002
exhausted_CD8	Acinar	5171	1.0	0.9549410172113711	raw UMI counts (same sparse zero pattern as X verified globally)		
exhausted_CD8	Acinar	5171			raw UMI counts (same sparse zero pattern as X verified globally)	CD8A	0.0019338619222587507
exhausted_CD8	Acinar	5171			raw UMI counts (same sparse zero pattern as X verified globally)	CD8B	0.0005801585766776252
exhausted_CD8	Acinar	5171			raw UMI counts (same sparse zero pattern as X verified globally)	LAG3	0.0007735447689035003
exhausted_CD8	Acinar	5171			raw UMI counts (same sparse zero pattern as X verified globally)	HAVCR2	0.018951846838135757
exhausted_CD8	Acinar	5171			raw UMI counts (same sparse zero pattern as X verified globally)	ENTPD1	0.022239412105975635
exhausted_CD8	Acinar	5171			raw UMI counts (same sparse zero pattern as X verified globally)	LAYN	0.0038677238445175015
exhausted_CD8	Acinar (REG+)	186	1.0	0.9731182795698925	raw UMI counts (same sparse zero pattern as X verified globally)		
exhausted_CD8	Acinar (REG+)	186			raw UMI counts (same sparse zero pattern as X verified globally)	CD8A	0.0
exhausted_CD8	Acinar (REG+)	186			raw UMI counts (same sparse zero pattern as X verified globally)	CD8B	0.0
exhausted_CD8	Acinar (REG+)	186			raw UMI counts (same sparse zero pattern as X verified globally)	LAG3	0.0
exhausted_CD8	Acinar (REG+)	186			raw UMI counts (same sparse zero pattern as X verified globally)	HAVCR2	0.0
exhausted_CD8	Acinar (REG+)	186			raw UMI counts (same sparse zero pattern as X verified globally)	ENTPD1	0.026881720430107527
exhausted_CD8	Acinar (REG+)	186			raw UMI counts (same sparse zero pattern as X verified globally)	LAYN	0.0
exhausted_CD8	Adipocyte	531	1.0	0.8926553672316384	raw UMI counts (same sparse zero pattern as X verified globally)		
exhausted_CD8	Adipocyte	531			raw UMI counts (same sparse zero pattern as X verified globally)	CD8A	0.005649717514124294
exhausted_CD8	Adipocyte	531			raw UMI counts (same sparse zero pattern as X verified globally)	CD8B	0.0
exhausted_CD8	Adipocyte	531			raw UMI counts (same sparse zero pattern as X verified globally)	LAG3	0.0
exhausted_CD8	Adipocyte	531			raw UMI counts (same sparse zero pattern as X verified globally)	HAVCR2	0.0583804143126177
exhausted_CD8	Adipocyte	531			raw UMI counts (same sparse zero pattern as X verified globally)	ENTPD1	0.04519774011299435
exhausted_CD8	Adipocyte	531			raw UMI counts (same sparse zero pattern as X verified globally)	LAYN	0.0018832391713747645
exhausted_CD8	Alpha	2723	1.0	0.9654792508262945	raw UMI counts (same sparse zero pattern as X verified globally)		
exhausted_CD8	Alpha	2723			raw UMI counts (same sparse zero pattern as X verified globally)	CD8A	0.008079324274697026
exhausted_CD8	Alpha	2723			raw UMI counts (same sparse zero pattern as X verified globally)	CD8B	0.0014689680499449136
exhausted_CD8	Alpha	2723			raw UMI counts (same sparse zero pattern as X verified globally)	LAG3	0.0014689680499449136
exhausted_CD8	Alpha	2723			raw UMI counts (same sparse zero pattern as X verified globally)	HAVCR2	0.01872934263679765
exhausted_CD8	Alpha	2723			raw UMI counts (same sparse zero pattern as X verified globally)	ENTPD1	0.005141388174807198
exhausted_CD8	Alpha	2723			raw UMI counts (same sparse zero pattern as X verified globally)	LAYN	0.0007344840249724568
exhausted_CD8	B	1573	1.0	0.6319135410044501	raw UMI counts (same sparse zero pattern as X verified globally)		
exhausted_CD8	B	1573			raw UMI counts (same sparse zero pattern as X verified globally)	CD8A	0.024793388429752067
exhausted_CD8	B	1573			raw UMI counts (same sparse zero pattern as X verified globally)	CD8B	0.012078830260648443
exhausted_CD8	B	1573			raw UMI counts (same sparse zero pattern as X verified globally)	LAG3	0.007628734901462174
exhausted_CD8	B	1573			raw UMI counts (same sparse zero pattern as X verified globally)	HAVCR2	0.04831532104259377
exhausted_CD8	B	1573			raw UMI counts (same sparse zero pattern as X verified globally)	ENTPD1	0.30896376350921806
exhausted_CD8	B	1573			raw UMI counts (same sparse zero pattern as X verified globally)	LAYN	0.003178639542275906
exhausted_CD8	Beta	3152	1.0	0.9581218274111675	raw UMI counts (same sparse zero pattern as X verified globally)		
exhausted_CD8	Beta	3152			raw UMI counts (same sparse zero pattern as X verified globally)	CD8A	0.014911167512690355
exhausted_CD8	Beta	3152			raw UMI counts (same sparse zero pattern as X verified globally)	CD8B	0.0
exhausted_CD8	Beta	3152			raw UMI counts (same sparse zero pattern as X verified globally)	LAG3	0.0006345177664974619
exhausted_CD8	Beta	3152			raw UMI counts (same sparse zero pattern as X verified globally)	HAVCR2	0.019352791878172588
exhausted_CD8	Beta	3152			raw UMI counts (same sparse zero pattern as X verified globally)	ENTPD1	0.006345177664974619
exhausted_CD8	Beta	3152			raw UMI counts (same sparse zero pattern as X verified globally)	LAYN	0.0009517766497461929
exhausted_CD8	CAF	44369	1.0	0.8643196826613175	raw UMI counts (same sparse zero pattern as X verified globally)		
exhausted_CD8	CAF	44369			raw UMI counts (same sparse zero pattern as X verified globally)	CD8A	0.0004507651738826658
exhausted_CD8	CAF	44369			raw UMI counts (same sparse zero pattern as X verified globally)	CD8B	0.000698686019518132
exhausted_CD8	CAF	44369			raw UMI counts (same sparse zero pattern as X verified globally)	LAG3	0.00342581532150826
exhausted_CD8	CAF	44369			raw UMI counts (same sparse zero pattern as X verified globally)	HAVCR2	0.010773287655795714
exhausted_CD8	CAF	44369			raw UMI counts (same sparse zero pattern as X verified globally)	ENTPD1	0.09617074984786675
exhausted_CD8	CAF	44369			raw UMI counts (same sparse zero pattern as X verified globally)	LAYN	0.032770628141269804
exhausted_CD8	CD4+ T	1839	1.0	0.8733007069059271	raw UMI counts (same sparse zero pattern as X verified globally)		
exhausted_CD8	CD4+ T	1839			raw UMI counts (same sparse zero pattern as X verified globally)	CD8A	0.028276237085372486
exhausted_CD8	CD4+ T	1839			raw UMI counts (same sparse zero pattern as X verified globally)	CD8B	0.017400761283306143
exhausted_CD8	CD4+ T	1839			raw UMI counts (same sparse zero pattern as X verified globally)	LAG3	0.010331702011963024
exhausted_CD8	CD4+ T	1839			raw UMI counts (same sparse zero pattern as X verified globally)	HAVCR2	0.0413268080478521
exhausted_CD8	CD4+ T	1839			raw UMI counts (same sparse zero pattern as X verified globally)	ENTPD1	0.04187058183795541
exhausted_CD8	CD4+ T	1839			raw UMI counts (same sparse zero pattern as X verified globally)	LAYN	0.002175095160413268
exhausted_CD8	CD8+ T	2526	1.0	0.7731591448931117	raw UMI counts (same sparse zero pattern as X verified globally)		
exhausted_CD8	CD8+ T	2526			raw UMI counts (same sparse zero pattern as X verified globally)	CD8A	0.09065716547901821
exhausted_CD8	CD8+ T	2526			raw UMI counts (same sparse zero pattern as X verified globally)	CD8B	0.056215360253365
exhausted_CD8	CD8+ T	2526			raw UMI counts (same sparse zero pattern as X verified globally)	LAG3	0.023357086302454474
exhausted_CD8	CD8+ T	2526			raw UMI counts (same sparse zero pattern as X verified globally)	HAVCR2	0.05779889152810768
exhausted_CD8	CD8+ T	2526			raw UMI counts (same sparse zero pattern as X verified globally)	ENTPD1	0.0384006334125099
exhausted_CD8	CD8+ T	2526			raw UMI counts (same sparse zero pattern as X verified globally)	LAYN	0.0011876484560570072
exhausted_CD8	CD8+ T (dysfunctional)	967	1.0	0.7166494312306101	raw UMI counts (same sparse zero pattern as X verified globally)		
exhausted_CD8	CD8+ T (dysfunctional)	967			raw UMI counts (same sparse zero pattern as X verified globally)	CD8A	0.10444674250258532
exhausted_CD8	CD8+ T (dysfunctional)	967			raw UMI counts (same sparse zero pattern as X verified globally)	CD8B	0.10031023784901758
exhausted_CD8	CD8+ T (dysfunctional)	967			raw UMI counts (same sparse zero pattern as X verified globally)	LAG3	0.03929679420889348
exhausted_CD8	CD8+ T (dysfunctional)	967			raw UMI counts (same sparse zero pattern as X verified globally)	HAVCR2	0.05377456049638056
exhausted_CD8	CD8+ T (dysfunctional)	967			raw UMI counts (same sparse zero pattern as X verified globally)	ENTPD1	0.03516028955532575
exhausted_CD8	CD8+ T (dysfunctional)	967			raw UMI counts (same sparse zero pattern as X verified globally)	LAYN	0.0
exhausted_CD8	CD8+ T (progenitor dysfunctional)	142	1.0	0.704225352112676	raw UMI counts (same sparse zero pattern as X verified globally)		
exhausted_CD8	CD8+ T (progenitor dysfunctional)	142			raw UMI counts (same sparse zero pattern as X verified globally)	CD8A	0.07042253521126761
exhausted_CD8	CD8+ T (progenitor dysfunctional)	142			raw UMI counts (same sparse zero pattern as X verified globally)	CD8B	0.06338028169014084
exhausted_CD8	CD8+ T (progenitor dysfunctional)	142			raw UMI counts (same sparse zero pattern as X verified globally)	LAG3	0.014084507042253521
exhausted_CD8	CD8+ T (progenitor dysfunctional)	142			raw UMI counts (same sparse zero pattern as X verified globally)	HAVCR2	0.1267605633802817
exhausted_CD8	CD8+ T (progenitor dysfunctional)	142			raw UMI counts (same sparse zero pattern as X verified globally)	ENTPD1	0.06338028169014084
exhausted_CD8	CD8+ T (progenitor dysfunctional)	142			raw UMI counts (same sparse zero pattern as X verified globally)	LAYN	0.007042253521126761
exhausted_CD8	CD8+ T (terminally dysfunctional)	419	1.0	0.5107398568019093	raw UMI counts (same sparse zero pattern as X verified globally)		
exhausted_CD8	CD8+ T (terminally dysfunctional)	419			raw UMI counts (same sparse zero pattern as X verified globally)	CD8A	0.23627684964200477
exhausted_CD8	CD8+ T (terminally dysfunctional)	419			raw UMI counts (same sparse zero pattern as X verified globally)	CD8B	0.17422434367541767
exhausted_CD8	CD8+ T (terminally dysfunctional)	419			raw UMI counts (same sparse zero pattern as X verified globally)	LAG3	0.050119331742243436
exhausted_CD8	CD8+ T (terminally dysfunctional)	419			raw UMI counts (same sparse zero pattern as X verified globally)	HAVCR2	0.1718377088305489
exhausted_CD8	CD8+ T (terminally dysfunctional)	419			raw UMI counts (same sparse zero pattern as X verified globally)	ENTPD1	0.08591885441527446
exhausted_CD8	CD8+ T (terminally dysfunctional)	419			raw UMI counts (same sparse zero pattern as X verified globally)	LAYN	0.011933174224343675
exhausted_CD8	Delta	556	1.0	0.9766187050359713	raw UMI counts (same sparse zero pattern as X verified globally)		
exhausted_CD8	Delta	556			raw UMI counts (same sparse zero pattern as X verified globally)	CD8A	0.0035971223021582736
exhausted_CD8	Delta	556			raw UMI counts (same sparse zero pattern as X verified globally)	CD8B	0.0017985611510791368
exhausted_CD8	Delta	556			raw UMI counts (same sparse zero pattern as X verified globally)	LAG3	0.0
exhausted_CD8	Delta	556			raw UMI counts (same sparse zero pattern as X verified globally)	HAVCR2	0.008992805755395683
exhausted_CD8	Delta	556			raw UMI counts (same sparse zero pattern as X verified globally)	ENTPD1	0.007194244604316547
exhausted_CD8	Delta	556			raw UMI counts (same sparse zero pattern as X verified globally)	LAYN	0.0017985611510791368
exhausted_CD8	Dendritic (activated)	91	1.0	0.6043956043956044	raw UMI counts (same sparse zero pattern as X verified globally)		
exhausted_CD8	Dendritic (activated)	91			raw UMI counts (same sparse zero pattern as X verified globally)	CD8A	0.0
exhausted_CD8	Dendritic (activated)	91			raw UMI counts (same sparse zero pattern as X verified globally)	CD8B	0.02197802197802198
exhausted_CD8	Dendritic (activated)	91			raw UMI counts (same sparse zero pattern as X verified globally)	LAG3	0.01098901098901099
exhausted_CD8	Dendritic (activated)	91			raw UMI counts (same sparse zero pattern as X verified globally)	HAVCR2	0.1978021978021978
exhausted_CD8	Dendritic (activated)	91			raw UMI counts (same sparse zero pattern as X verified globally)	ENTPD1	0.23076923076923078
exhausted_CD8	Dendritic (activated)	91			raw UMI counts (same sparse zero pattern as X verified globally)	LAYN	0.0
exhausted_CD8	Dendritic (conventional type 1)	181	1.0	0.2154696132596685	raw UMI counts (same sparse zero pattern as X verified globally)		
exhausted_CD8	Dendritic (conventional type 1)	181			raw UMI counts (same sparse zero pattern as X verified globally)	CD8A	0.0
exhausted_CD8	Dendritic (conventional type 1)	181			raw UMI counts (same sparse zero pattern as X verified globally)	CD8B	0.0
exhausted_CD8	Dendritic (conventional type 1)	181			raw UMI counts (same sparse zero pattern as X verified globally)	LAG3	0.016574585635359115
exhausted_CD8	Dendritic (conventional type 1)	181			raw UMI counts (same sparse zero pattern as X verified globally)	HAVCR2	0.5248618784530387
exhausted_CD8	Dendritic (conventional type 1)	181			raw UMI counts (same sparse zero pattern as X verified globally)	ENTPD1	0.6243093922651933
exhausted_CD8	Dendritic (conventional type 1)	181			raw UMI counts (same sparse zero pattern as X verified globally)	LAYN	0.0055248618784530384
exhausted_CD8	Dendritic (conventional type 2)	1008	1.0	0.24503968253968253	raw UMI counts (same sparse zero pattern as X verified globally)		
exhausted_CD8	Dendritic (conventional type 2)	1008			raw UMI counts (same sparse zero pattern as X verified globally)	CD8A	0.001984126984126984
exhausted_CD8	Dendritic (conventional type 2)	1008			raw UMI counts (same sparse zero pattern as X verified globally)	CD8B	0.001984126984126984
exhausted_CD8	Dendritic (conventional type 2)	1008			raw UMI counts (same sparse zero pattern as X verified globally)	LAG3	0.001984126984126984
exhausted_CD8	Dendritic (conventional type 2)	1008			raw UMI counts (same sparse zero pattern as X verified globally)	HAVCR2	0.39186507936507936
exhausted_CD8	Dendritic (conventional type 2)	1008			raw UMI counts (same sparse zero pattern as X verified globally)	ENTPD1	0.6408730158730159
exhausted_CD8	Dendritic (conventional type 2)	1008			raw UMI counts (same sparse zero pattern as X verified globally)	LAYN	0.00496031746031746
exhausted_CD8	Dendritic (plasmacytoid)	139	1.0	0.6187050359712231	raw UMI counts (same sparse zero pattern as X verified globally)		
exhausted_CD8	Dendritic (plasmacytoid)	139			raw UMI counts (same sparse zero pattern as X verified globally)	CD8A	0.0
exhausted_CD8	Dendritic (plasmacytoid)	139			raw UMI counts (same sparse zero pattern as X verified globally)	CD8B	0.0
exhausted_CD8	Dendritic (plasmacytoid)	139			raw UMI counts (same sparse zero pattern as X verified globally)	LAG3	0.0
exhausted_CD8	Dendritic (plasmacytoid)	139			raw UMI counts (same sparse zero pattern as X verified globally)	HAVCR2	0.09352517985611511
exhausted_CD8	Dendritic (plasmacytoid)	139			raw UMI counts (same sparse zero pattern as X verified globally)	ENTPD1	0.3237410071942446
exhausted_CD8	Dendritic (plasmacytoid)	139			raw UMI counts (same sparse zero pattern as X verified globally)	LAYN	0.007194244604316547
exhausted_CD8	Ductal	24627	1.0	0.9709668250294392	raw UMI counts (same sparse zero pattern as X verified globally)		
exhausted_CD8	Ductal	24627			raw UMI counts (same sparse zero pattern as X verified globally)	CD8A	0.004060583911966541
exhausted_CD8	Ductal	24627			raw UMI counts (same sparse zero pattern as X verified globally)	CD8B	0.0005278759085556503
exhausted_CD8	Ductal	24627			raw UMI counts (same sparse zero pattern as X verified globally)	LAG3	0.0008121167823933081
exhausted_CD8	Ductal	24627			raw UMI counts (same sparse zero pattern as X verified globally)	HAVCR2	0.01778535753441345
exhausted_CD8	Ductal	24627			raw UMI counts (same sparse zero pattern as X verified globally)	ENTPD1	0.0043854306249238644
exhausted_CD8	Ductal	24627			raw UMI counts (same sparse zero pattern as X verified globally)	LAYN	0.0024769561862995897
exhausted_CD8	Ductal (atypical)	4991	1.0	0.9507112803045482	raw UMI counts (same sparse zero pattern as X verified globally)		
exhausted_CD8	Ductal (atypical)	4991			raw UMI counts (same sparse zero pattern as X verified globally)	CD8A	0.0010018032458425166
exhausted_CD8	Ductal (atypical)	4991			raw UMI counts (same sparse zero pattern as X verified globally)	CD8B	0.0008014425966740132
exhausted_CD8	Ductal (atypical)	4991			raw UMI counts (same sparse zero pattern as X verified globally)	LAG3	0.0006010819475055099
exhausted_CD8	Ductal (atypical)	4991			raw UMI counts (same sparse zero pattern as X verified globally)	HAVCR2	0.03486275295531958
exhausted_CD8	Ductal (atypical)	4991			raw UMI counts (same sparse zero pattern as X verified globally)	ENTPD1	0.011821278300941694
exhausted_CD8	Ductal (atypical)	4991			raw UMI counts (same sparse zero pattern as X verified globally)	LAYN	0.0012021638950110197
exhausted_CD8	Epsilon	46	1.0	0.717391304347826	raw UMI counts (same sparse zero pattern as X verified globally)		
exhausted_CD8	Epsilon	46			raw UMI counts (same sparse zero pattern as X verified globally)	CD8A	0.0
exhausted_CD8	Epsilon	46			raw UMI counts (same sparse zero pattern as X verified globally)	CD8B	0.0
exhausted_CD8	Epsilon	46			raw UMI counts (same sparse zero pattern as X verified globally)	LAG3	0.0
exhausted_CD8	Epsilon	46			raw UMI counts (same sparse zero pattern as X verified globally)	HAVCR2	0.043478260869565216
exhausted_CD8	Epsilon	46			raw UMI counts (same sparse zero pattern as X verified globally)	ENTPD1	0.2826086956521739
exhausted_CD8	Epsilon	46			raw UMI counts (same sparse zero pattern as X verified globally)	LAYN	0.0
exhausted_CD8	Gamma	1716	1.0	0.9714452214452215	raw UMI counts (same sparse zero pattern as X verified globally)		
exhausted_CD8	Gamma	1716			raw UMI counts (same sparse zero pattern as X verified globally)	CD8A	0.0034965034965034965
exhausted_CD8	Gamma	1716			raw UMI counts (same sparse zero pattern as X verified globally)	CD8B	0.0011655011655011655
exhausted_CD8	Gamma	1716			raw UMI counts (same sparse zero pattern as X verified globally)	LAG3	0.0005827505827505828
exhausted_CD8	Gamma	1716			raw UMI counts (same sparse zero pattern as X verified globally)	HAVCR2	0.01282051282051282
exhausted_CD8	Gamma	1716			raw UMI counts (same sparse zero pattern as X verified globally)	ENTPD1	0.00641025641025641
exhausted_CD8	Gamma	1716			raw UMI counts (same sparse zero pattern as X verified globally)	LAYN	0.004662004662004662
exhausted_CD8	Hormone-negative neuroendocrine	1608	1.0	0.9546019900497512	raw UMI counts (same sparse zero pattern as X verified globally)		
exhausted_CD8	Hormone-negative neuroendocrine	1608			raw UMI counts (same sparse zero pattern as X verified globally)	CD8A	0.010572139303482588
exhausted_CD8	Hormone-negative neuroendocrine	1608			raw UMI counts (same sparse zero pattern as X verified globally)	CD8B	0.0
exhausted_CD8	Hormone-negative neuroendocrine	1608			raw UMI counts (same sparse zero pattern as X verified globally)	LAG3	0.020522388059701493
exhausted_CD8	Hormone-negative neuroendocrine	1608			raw UMI counts (same sparse zero pattern as X verified globally)	HAVCR2	0.013681592039800995
exhausted_CD8	Hormone-negative neuroendocrine	1608			raw UMI counts (same sparse zero pattern as X verified globally)	ENTPD1	0.0012437810945273632
exhausted_CD8	Hormone-negative neuroendocrine	1608			raw UMI counts (same sparse zero pattern as X verified globally)	LAYN	0.0
exhausted_CD8	Intra-pancreatic neurons	25	1.0	0.76	raw UMI counts (same sparse zero pattern as X verified globally)		
exhausted_CD8	Intra-pancreatic neurons	25			raw UMI counts (same sparse zero pattern as X verified globally)	CD8A	0.0
exhausted_CD8	Intra-pancreatic neurons	25			raw UMI counts (same sparse zero pattern as X verified globally)	CD8B	0.0
exhausted_CD8	Intra-pancreatic neurons	25			raw UMI counts (same sparse zero pattern as X verified globally)	LAG3	0.0
exhausted_CD8	Intra-pancreatic neurons	25			raw UMI counts (same sparse zero pattern as X verified globally)	HAVCR2	0.04
exhausted_CD8	Intra-pancreatic neurons	25			raw UMI counts (same sparse zero pattern as X verified globally)	ENTPD1	0.08
exhausted_CD8	Intra-pancreatic neurons	25			raw UMI counts (same sparse zero pattern as X verified globally)	LAYN	0.12
exhausted_CD8	Lymphatic	1645	1.0	0.7221884498480243	raw UMI counts (same sparse zero pattern as X verified globally)		
exhausted_CD8	Lymphatic	1645			raw UMI counts (same sparse zero pattern as X verified globally)	CD8A	0.0006079027355623101
exhausted_CD8	Lymphatic	1645			raw UMI counts (same sparse zero pattern as X verified globally)	CD8B	0.00303951367781155
exhausted_CD8	Lymphatic	1645			raw UMI counts (same sparse zero pattern as X verified globally)	LAG3	0.01094224924012158
exhausted_CD8	Lymphatic	1645			raw UMI counts (same sparse zero pattern as X verified globally)	HAVCR2	0.02917933130699088
exhausted_CD8	Lymphatic	1645			raw UMI counts (same sparse zero pattern as X verified globally)	ENTPD1	0.07781155015197569
exhausted_CD8	Lymphatic	1645			raw UMI counts (same sparse zero pattern as X verified globally)	LAYN	0.1829787234042553
exhausted_CD8	Macrophage	10140	1.0	0.47357001972386586	raw UMI counts (same sparse zero pattern as X verified globally)		
exhausted_CD8	Macrophage	10140			raw UMI counts (same sparse zero pattern as X verified globally)	CD8A	0.0021696252465483235
exhausted_CD8	Macrophage	10140			raw UMI counts (same sparse zero pattern as X verified globally)	CD8B	0.0006903353057199211
exhausted_CD8	Macrophage	10140			raw UMI counts (same sparse zero pattern as X verified globally)	LAG3	0.0046351084812623275
exhausted_CD8	Macrophage	10140			raw UMI counts (same sparse zero pattern as X verified globally)	HAVCR2	0.31617357001972385
exhausted_CD8	Macrophage	10140			raw UMI counts (same sparse zero pattern as X verified globally)	ENTPD1	0.342603550295858
exhausted_CD8	Macrophage	10140			raw UMI counts (same sparse zero pattern as X verified globally)	LAYN	0.0020710059171597634
exhausted_CD8	Malignant	64538	1.0	0.9402832439802907	raw UMI counts (same sparse zero pattern as X verified globally)		
exhausted_CD8	Malignant	64538			raw UMI counts (same sparse zero pattern as X verified globally)	CD8A	0.002200254113855403
exhausted_CD8	Malignant	64538			raw UMI counts (same sparse zero pattern as X verified globally)	CD8B	0.000526821407542843
exhausted_CD8	Malignant	64538			raw UMI counts (same sparse zero pattern as X verified globally)	LAG3	0.003563791874554526
exhausted_CD8	Malignant	64538			raw UMI counts (same sparse zero pattern as X verified globally)	HAVCR2	0.028913198425733675
exhausted_CD8	Malignant	64538			raw UMI counts (same sparse zero pattern as X verified globally)	ENTPD1	0.024326753230654807
exhausted_CD8	Malignant	64538			raw UMI counts (same sparse zero pattern as X verified globally)	LAYN	0.0018128854318386067
exhausted_CD8	Mast	281	1.0	0.8398576512455516	raw UMI counts (same sparse zero pattern as X verified globally)		
exhausted_CD8	Mast	281			raw UMI counts (same sparse zero pattern as X verified globally)	CD8A	0.010676156583629894
exhausted_CD8	Mast	281			raw UMI counts (same sparse zero pattern as X verified globally)	CD8B	0.0
exhausted_CD8	Mast	281			raw UMI counts (same sparse zero pattern as X verified globally)	LAG3	0.0035587188612099642
exhausted_CD8	Mast	281			raw UMI counts (same sparse zero pattern as X verified globally)	HAVCR2	0.12099644128113879
exhausted_CD8	Mast	281			raw UMI counts (same sparse zero pattern as X verified globally)	ENTPD1	0.02491103202846975
exhausted_CD8	Mast	281			raw UMI counts (same sparse zero pattern as X verified globally)	LAYN	0.0035587188612099642
exhausted_CD8	Natural killer	927	1.0	0.5296655879180151	raw UMI counts (same sparse zero pattern as X verified globally)		
exhausted_CD8	Natural killer	927			raw UMI counts (same sparse zero pattern as X verified globally)	CD8A	0.04962243797195254
exhausted_CD8	Natural killer	927			raw UMI counts (same sparse zero pattern as X verified globally)	CD8B	0.03344120819848975
exhausted_CD8	Natural killer	927			raw UMI counts (same sparse zero pattern as X verified globally)	LAG3	0.0593311758360302
exhausted_CD8	Natural killer	927			raw UMI counts (same sparse zero pattern as X verified globally)	HAVCR2	0.23516720604099245
exhausted_CD8	Natural killer	927			raw UMI counts (same sparse zero pattern as X verified globally)	ENTPD1	0.22761596548004315
exhausted_CD8	Natural killer	927			raw UMI counts (same sparse zero pattern as X verified globally)	LAYN	0.03344120819848975
exhausted_CD8	Neutrophil	98	1.0	0.6224489795918368	raw UMI counts (same sparse zero pattern as X verified globally)		
exhausted_CD8	Neutrophil	98			raw UMI counts (same sparse zero pattern as X verified globally)	CD8A	0.0
exhausted_CD8	Neutrophil	98			raw UMI counts (same sparse zero pattern as X verified globally)	CD8B	0.0
exhausted_CD8	Neutrophil	98			raw UMI counts (same sparse zero pattern as X verified globally)	LAG3	0.01020408163265306
exhausted_CD8	Neutrophil	98			raw UMI counts (same sparse zero pattern as X verified globally)	HAVCR2	0.01020408163265306
exhausted_CD8	Neutrophil	98			raw UMI counts (same sparse zero pattern as X verified globally)	ENTPD1	0.37755102040816324
exhausted_CD8	Neutrophil	98			raw UMI counts (same sparse zero pattern as X verified globally)	LAYN	0.0
exhausted_CD8	Pericyte	11779	1.0	0.6536208506664403	raw UMI counts (same sparse zero pattern as X verified globally)		
exhausted_CD8	Pericyte	11779			raw UMI counts (same sparse zero pattern as X verified globally)	CD8A	0.001358349605229646
exhausted_CD8	Pericyte	11779			raw UMI counts (same sparse zero pattern as X verified globally)	CD8B	0.0011036590542490873
exhausted_CD8	Pericyte	11779			raw UMI counts (same sparse zero pattern as X verified globally)	LAG3	0.005433398420918584
exhausted_CD8	Pericyte	11779			raw UMI counts (same sparse zero pattern as X verified globally)	HAVCR2	0.028780032260803123
exhausted_CD8	Pericyte	11779			raw UMI counts (same sparse zero pattern as X verified globally)	ENTPD1	0.31157144069955006
exhausted_CD8	Pericyte	11779			raw UMI counts (same sparse zero pattern as X verified globally)	LAYN	0.02597843620001698
exhausted_CD8	Plasma	282	1.0	0.5212765957446809	raw UMI counts (same sparse zero pattern as X verified globally)		
exhausted_CD8	Plasma	282			raw UMI counts (same sparse zero pattern as X verified globally)	CD8A	0.03900709219858156
exhausted_CD8	Plasma	282			raw UMI counts (same sparse zero pattern as X verified globally)	CD8B	0.02127659574468085
exhausted_CD8	Plasma	282			raw UMI counts (same sparse zero pattern as X verified globally)	LAG3	0.03900709219858156
exhausted_CD8	Plasma	282			raw UMI counts (same sparse zero pattern as X verified globally)	HAVCR2	0.1347517730496454
exhausted_CD8	Plasma	282			raw UMI counts (same sparse zero pattern as X verified globally)	ENTPD1	0.35106382978723405
exhausted_CD8	Plasma	282			raw UMI counts (same sparse zero pattern as X verified globally)	LAYN	0.0
exhausted_CD8	Schwann	1824	1.0	0.8706140350877193	raw UMI counts (same sparse zero pattern as X verified globally)		
exhausted_CD8	Schwann	1824			raw UMI counts (same sparse zero pattern as X verified globally)	CD8A	0.001644736842105263
exhausted_CD8	Schwann	1824			raw UMI counts (same sparse zero pattern as X verified globally)	CD8B	0.0021929824561403508
exhausted_CD8	Schwann	1824			raw UMI counts (same sparse zero pattern as X verified globally)	LAG3	0.0021929824561403508
exhausted_CD8	Schwann	1824			raw UMI counts (same sparse zero pattern as X verified globally)	HAVCR2	0.047697368421052634
exhausted_CD8	Schwann	1824			raw UMI counts (same sparse zero pattern as X verified globally)	ENTPD1	0.0537280701754386
exhausted_CD8	Schwann	1824			raw UMI counts (same sparse zero pattern as X verified globally)	LAYN	0.03344298245614035
exhausted_CD8	Treg	463	1.0	0.7041036717062635	raw UMI counts (same sparse zero pattern as X verified globally)		
exhausted_CD8	Treg	463			raw UMI counts (same sparse zero pattern as X verified globally)	CD8A	0.01079913606911447
exhausted_CD8	Treg	463			raw UMI counts (same sparse zero pattern as X verified globally)	CD8B	0.01079913606911447
exhausted_CD8	Treg	463			raw UMI counts (same sparse zero pattern as X verified globally)	LAG3	0.0064794816414686825
exhausted_CD8	Treg	463			raw UMI counts (same sparse zero pattern as X verified globally)	HAVCR2	0.06479481641468683
exhausted_CD8	Treg	463			raw UMI counts (same sparse zero pattern as X verified globally)	ENTPD1	0.21814254859611232
exhausted_CD8	Treg	463			raw UMI counts (same sparse zero pattern as X verified globally)	LAYN	0.032397408207343416
exhausted_CD8	Treg (activated)	266	1.0	0.40601503759398494	raw UMI counts (same sparse zero pattern as X verified globally)		
exhausted_CD8	Treg (activated)	266			raw UMI counts (same sparse zero pattern as X verified globally)	CD8A	0.0037593984962406013
exhausted_CD8	Treg (activated)	266			raw UMI counts (same sparse zero pattern as X verified globally)	CD8B	0.015037593984962405
exhausted_CD8	Treg (activated)	266			raw UMI counts (same sparse zero pattern as X verified globally)	LAG3	0.015037593984962405
exhausted_CD8	Treg (activated)	266			raw UMI counts (same sparse zero pattern as X verified globally)	HAVCR2	0.11278195488721804
exhausted_CD8	Treg (activated)	266			raw UMI counts (same sparse zero pattern as X verified globally)	ENTPD1	0.48120300751879697
exhausted_CD8	Treg (activated)	266			raw UMI counts (same sparse zero pattern as X verified globally)	LAYN	0.09774436090225563
exhausted_CD8	Treg (quiescent)	119	1.0	0.8487394957983193	raw UMI counts (same sparse zero pattern as X verified globally)		
exhausted_CD8	Treg (quiescent)	119			raw UMI counts (same sparse zero pattern as X verified globally)	CD8A	0.0
exhausted_CD8	Treg (quiescent)	119			raw UMI counts (same sparse zero pattern as X verified globally)	CD8B	0.0
exhausted_CD8	Treg (quiescent)	119			raw UMI counts (same sparse zero pattern as X verified globally)	LAG3	0.0
exhausted_CD8	Treg (quiescent)	119			raw UMI counts (same sparse zero pattern as X verified globally)	HAVCR2	0.04201680672268908
exhausted_CD8	Treg (quiescent)	119			raw UMI counts (same sparse zero pattern as X verified globally)	ENTPD1	0.1092436974789916
exhausted_CD8	Treg (quiescent)	119			raw UMI counts (same sparse zero pattern as X verified globally)	LAYN	0.0
exhausted_CD8	Vascular	15530	1.0	0.4565357372826787	raw UMI counts (same sparse zero pattern as X verified globally)		
exhausted_CD8	Vascular	15530			raw UMI counts (same sparse zero pattern as X verified globally)	CD8A	0.00051513200257566
exhausted_CD8	Vascular	15530			raw UMI counts (same sparse zero pattern as X verified globally)	CD8B	0.00103026400515132
exhausted_CD8	Vascular	15530			raw UMI counts (same sparse zero pattern as X verified globally)	LAG3	0.007920154539600772
exhausted_CD8	Vascular	15530			raw UMI counts (same sparse zero pattern as X verified globally)	HAVCR2	0.014488087572440437
exhausted_CD8	Vascular	15530			raw UMI counts (same sparse zero pattern as X verified globally)	ENTPD1	0.5207340631036703
exhausted_CD8	Vascular	15530			raw UMI counts (same sparse zero pattern as X verified globally)	LAYN	0.035930457179652285
exhausted_CD8	Vascular smooth muscle	4711	1.0	0.6690723837826363	raw UMI counts (same sparse zero pattern as X verified globally)		
exhausted_CD8	Vascular smooth muscle	4711			raw UMI counts (same sparse zero pattern as X verified globally)	CD8A	0.0004245383145828911
exhausted_CD8	Vascular smooth muscle	4711			raw UMI counts (same sparse zero pattern as X verified globally)	CD8B	0.0
exhausted_CD8	Vascular smooth muscle	4711			raw UMI counts (same sparse zero pattern as X verified globally)	LAG3	0.0025472298874973467
exhausted_CD8	Vascular smooth muscle	4711			raw UMI counts (same sparse zero pattern as X verified globally)	HAVCR2	0.021226915729144556
exhausted_CD8	Vascular smooth muscle	4711			raw UMI counts (same sparse zero pattern as X verified globally)	ENTPD1	0.2753130970070049
exhausted_CD8	Vascular smooth muscle	4711			raw UMI counts (same sparse zero pattern as X verified globally)	LAYN	0.0619825939291021
exhausted_CD8	myCAF	10566	1.0	0.694302479651713	raw UMI counts (same sparse zero pattern as X verified globally)		
exhausted_CD8	myCAF	10566			raw UMI counts (same sparse zero pattern as X verified globally)	CD8A	0.0001892863903085368
exhausted_CD8	myCAF	10566			raw UMI counts (same sparse zero pattern as X verified globally)	CD8B	0.00028392958546280523
exhausted_CD8	myCAF	10566			raw UMI counts (same sparse zero pattern as X verified globally)	LAG3	0.004353586977096347
exhausted_CD8	myCAF	10566			raw UMI counts (same sparse zero pattern as X verified globally)	HAVCR2	0.015237554419837214
exhausted_CD8	myCAF	10566			raw UMI counts (same sparse zero pattern as X verified globally)	ENTPD1	0.2501419647927314
exhausted_CD8	myCAF	10566			raw UMI counts (same sparse zero pattern as X verified globally)	LAYN	0.06246450880181715
mregDC_minus_CCL19	ADM	3233	1.0	0.9743272502319826	raw UMI counts (same sparse zero pattern as X verified globally)		
mregDC_minus_CCL19	ADM	3233			raw UMI counts (same sparse zero pattern as X verified globally)	LAMP3	0.009279307145066501
mregDC_minus_CCL19	ADM	3233			raw UMI counts (same sparse zero pattern as X verified globally)	FSCN1	0.010516548097742036
mregDC_minus_CCL19	ADM	3233			raw UMI counts (same sparse zero pattern as X verified globally)	CCR7	0.0009279307145066501
mregDC_minus_CCL19	ADM	3233			raw UMI counts (same sparse zero pattern as X verified globally)	CD80	0.004330343334364367
mregDC_minus_CCL19	ADM	3233			raw UMI counts (same sparse zero pattern as X verified globally)	CD86	0.0012372409526755336
mregDC_minus_CCL19	Acinar	5171	1.0	0.9769870431251209	raw UMI counts (same sparse zero pattern as X verified globally)		
mregDC_minus_CCL19	Acinar	5171			raw UMI counts (same sparse zero pattern as X verified globally)	LAMP3	0.011023012956874878
mregDC_minus_CCL19	Acinar	5171			raw UMI counts (same sparse zero pattern as X verified globally)	FSCN1	0.0038677238445175015
mregDC_minus_CCL19	Acinar	5171			raw UMI counts (same sparse zero pattern as X verified globally)	CCR7	0.0009669309611293754
mregDC_minus_CCL19	Acinar	5171			raw UMI counts (same sparse zero pattern as X verified globally)	CD80	0.004641268613421002
mregDC_minus_CCL19	Acinar	5171			raw UMI counts (same sparse zero pattern as X verified globally)	CD86	0.003094179075614001
mregDC_minus_CCL19	Acinar (REG+)	186	1.0	0.967741935483871	raw UMI counts (same sparse zero pattern as X verified globally)		
mregDC_minus_CCL19	Acinar (REG+)	186			raw UMI counts (same sparse zero pattern as X verified globally)	LAMP3	0.0
mregDC_minus_CCL19	Acinar (REG+)	186			raw UMI counts (same sparse zero pattern as X verified globally)	FSCN1	0.026881720430107527
mregDC_minus_CCL19	Acinar (REG+)	186			raw UMI counts (same sparse zero pattern as X verified globally)	CCR7	0.0
mregDC_minus_CCL19	Acinar (REG+)	186			raw UMI counts (same sparse zero pattern as X verified globally)	CD80	0.0
mregDC_minus_CCL19	Acinar (REG+)	186			raw UMI counts (same sparse zero pattern as X verified globally)	CD86	0.005376344086021506
mregDC_minus_CCL19	Adipocyte	531	1.0	0.9623352165725048	raw UMI counts (same sparse zero pattern as X verified globally)		
mregDC_minus_CCL19	Adipocyte	531			raw UMI counts (same sparse zero pattern as X verified globally)	LAMP3	0.003766478342749529
mregDC_minus_CCL19	Adipocyte	531			raw UMI counts (same sparse zero pattern as X verified globally)	FSCN1	0.003766478342749529
mregDC_minus_CCL19	Adipocyte	531			raw UMI counts (same sparse zero pattern as X verified globally)	CCR7	0.005649717514124294
mregDC_minus_CCL19	Adipocyte	531			raw UMI counts (same sparse zero pattern as X verified globally)	CD80	0.0018832391713747645
mregDC_minus_CCL19	Adipocyte	531			raw UMI counts (same sparse zero pattern as X verified globally)	CD86	0.022598870056497175
mregDC_minus_CCL19	Alpha	2723	1.0	0.9955930958501653	raw UMI counts (same sparse zero pattern as X verified globally)		
mregDC_minus_CCL19	Alpha	2723			raw UMI counts (same sparse zero pattern as X verified globally)	LAMP3	0.0029379360998898272
mregDC_minus_CCL19	Alpha	2723			raw UMI counts (same sparse zero pattern as X verified globally)	FSCN1	0.0003672420124862284
mregDC_minus_CCL19	Alpha	2723			raw UMI counts (same sparse zero pattern as X verified globally)	CCR7	0.0
mregDC_minus_CCL19	Alpha	2723			raw UMI counts (same sparse zero pattern as X verified globally)	CD80	0.0003672420124862284
mregDC_minus_CCL19	Alpha	2723			raw UMI counts (same sparse zero pattern as X verified globally)	CD86	0.0007344840249724568
mregDC_minus_CCL19	B	1573	1.0	0.7616020343293071	raw UMI counts (same sparse zero pattern as X verified globally)		
mregDC_minus_CCL19	B	1573			raw UMI counts (same sparse zero pattern as X verified globally)	LAMP3	0.009535918626827717
mregDC_minus_CCL19	B	1573			raw UMI counts (same sparse zero pattern as X verified globally)	FSCN1	0.0
mregDC_minus_CCL19	B	1573			raw UMI counts (same sparse zero pattern as X verified globally)	CCR7	0.1621106166560712
mregDC_minus_CCL19	B	1573			raw UMI counts (same sparse zero pattern as X verified globally)	CD80	0.030514939605848695
mregDC_minus_CCL19	B	1573			raw UMI counts (same sparse zero pattern as X verified globally)	CD86	0.05785123966942149
mregDC_minus_CCL19	Beta	3152	1.0	0.9907994923857868	raw UMI counts (same sparse zero pattern as X verified globally)		
mregDC_minus_CCL19	Beta	3152			raw UMI counts (same sparse zero pattern as X verified globally)	LAMP3	0.004758883248730965
mregDC_minus_CCL19	Beta	3152			raw UMI counts (same sparse zero pattern as X verified globally)	FSCN1	0.0009517766497461929
mregDC_minus_CCL19	Beta	3152			raw UMI counts (same sparse zero pattern as X verified globally)	CCR7	0.0012690355329949238
mregDC_minus_CCL19	Beta	3152			raw UMI counts (same sparse zero pattern as X verified globally)	CD80	0.0015862944162436548
mregDC_minus_CCL19	Beta	3152			raw UMI counts (same sparse zero pattern as X verified globally)	CD86	0.0006345177664974619
mregDC_minus_CCL19	CAF	44369	1.0	0.9555770921138633	raw UMI counts (same sparse zero pattern as X verified globally)		
mregDC_minus_CCL19	CAF	44369			raw UMI counts (same sparse zero pattern as X verified globally)	LAMP3	0.0004733034325767991
mregDC_minus_CCL19	CAF	44369			raw UMI counts (same sparse zero pattern as X verified globally)	FSCN1	0.038585498884356195
mregDC_minus_CCL19	CAF	44369			raw UMI counts (same sparse zero pattern as X verified globally)	CCR7	0.0029750501476255944
mregDC_minus_CCL19	CAF	44369			raw UMI counts (same sparse zero pattern as X verified globally)	CD80	0.001622754625977597
mregDC_minus_CCL19	CAF	44369			raw UMI counts (same sparse zero pattern as X verified globally)	CD86	0.0011945277107890645
mregDC_minus_CCL19	CD4+ T	1839	1.0	0.7243066884176182	raw UMI counts (same sparse zero pattern as X verified globally)		
mregDC_minus_CCL19	CD4+ T	1839			raw UMI counts (same sparse zero pattern as X verified globally)	LAMP3	0.001087547580206634
mregDC_minus_CCL19	CD4+ T	1839			raw UMI counts (same sparse zero pattern as X verified globally)	FSCN1	0.0
mregDC_minus_CCL19	CD4+ T	1839			raw UMI counts (same sparse zero pattern as X verified globally)	CCR7	0.27297444263186516
mregDC_minus_CCL19	CD4+ T	1839			raw UMI counts (same sparse zero pattern as X verified globally)	CD80	0.0016313213703099511
mregDC_minus_CCL19	CD4+ T	1839			raw UMI counts (same sparse zero pattern as X verified globally)	CD86	0.002175095160413268
mregDC_minus_CCL19	CD8+ T	2526	1.0	0.9703087885985748	raw UMI counts (same sparse zero pattern as X verified globally)		
mregDC_minus_CCL19	CD8+ T	2526			raw UMI counts (same sparse zero pattern as X verified globally)	LAMP3	0.001979414093428345
mregDC_minus_CCL19	CD8+ T	2526			raw UMI counts (same sparse zero pattern as X verified globally)	FSCN1	0.000395882818685669
mregDC_minus_CCL19	CD8+ T	2526			raw UMI counts (same sparse zero pattern as X verified globally)	CCR7	0.022169437846397466
mregDC_minus_CCL19	CD8+ T	2526			raw UMI counts (same sparse zero pattern as X verified globally)	CD80	0.003167062549485352
mregDC_minus_CCL19	CD8+ T	2526			raw UMI counts (same sparse zero pattern as X verified globally)	CD86	0.001979414093428345
mregDC_minus_CCL19	CD8+ T (dysfunctional)	967	1.0	0.9317476732161324	raw UMI counts (same sparse zero pattern as X verified globally)		
mregDC_minus_CCL19	CD8+ T (dysfunctional)	967			raw UMI counts (same sparse zero pattern as X verified globally)	LAMP3	0.001034126163391934
mregDC_minus_CCL19	CD8+ T (dysfunctional)	967			raw UMI counts (same sparse zero pattern as X verified globally)	FSCN1	0.0
mregDC_minus_CCL19	CD8+ T (dysfunctional)	967			raw UMI counts (same sparse zero pattern as X verified globally)	CCR7	0.0641158221302999
mregDC_minus_CCL19	CD8+ T (dysfunctional)	967			raw UMI counts (same sparse zero pattern as X verified globally)	CD80	0.0031023784901758012
mregDC_minus_CCL19	CD8+ T (dysfunctional)	967			raw UMI counts (same sparse zero pattern as X verified globally)	CD86	0.0
mregDC_minus_CCL19	CD8+ T (progenitor dysfunctional)	142	1.0	0.9014084507042254	raw UMI counts (same sparse zero pattern as X verified globally)		
mregDC_minus_CCL19	CD8+ T (progenitor dysfunctional)	142			raw UMI counts (same sparse zero pattern as X verified globally)	LAMP3	0.007042253521126761
mregDC_minus_CCL19	CD8+ T (progenitor dysfunctional)	142			raw UMI counts (same sparse zero pattern as X verified globally)	FSCN1	0.0
mregDC_minus_CCL19	CD8+ T (progenitor dysfunctional)	142			raw UMI counts (same sparse zero pattern as X verified globally)	CCR7	0.08450704225352113
mregDC_minus_CCL19	CD8+ T (progenitor dysfunctional)	142			raw UMI counts (same sparse zero pattern as X verified globally)	CD80	0.0
mregDC_minus_CCL19	CD8+ T (progenitor dysfunctional)	142			raw UMI counts (same sparse zero pattern as X verified globally)	CD86	0.007042253521126761
mregDC_minus_CCL19	CD8+ T (terminally dysfunctional)	419	1.0	0.9689737470167065	raw UMI counts (same sparse zero pattern as X verified globally)		
mregDC_minus_CCL19	CD8+ T (terminally dysfunctional)	419			raw UMI counts (same sparse zero pattern as X verified globally)	LAMP3	0.0
mregDC_minus_CCL19	CD8+ T (terminally dysfunctional)	419			raw UMI counts (same sparse zero pattern as X verified globally)	FSCN1	0.0
mregDC_minus_CCL19	CD8+ T (terminally dysfunctional)	419			raw UMI counts (same sparse zero pattern as X verified globally)	CCR7	0.01909307875894988
mregDC_minus_CCL19	CD8+ T (terminally dysfunctional)	419			raw UMI counts (same sparse zero pattern as X verified globally)	CD80	0.007159904534606206
mregDC_minus_CCL19	CD8+ T (terminally dysfunctional)	419			raw UMI counts (same sparse zero pattern as X verified globally)	CD86	0.00477326968973747
mregDC_minus_CCL19	Delta	556	1.0	0.9928057553956835	raw UMI counts (same sparse zero pattern as X verified globally)		
mregDC_minus_CCL19	Delta	556			raw UMI counts (same sparse zero pattern as X verified globally)	LAMP3	0.0035971223021582736
mregDC_minus_CCL19	Delta	556			raw UMI counts (same sparse zero pattern as X verified globally)	FSCN1	0.0035971223021582736
mregDC_minus_CCL19	Delta	556			raw UMI counts (same sparse zero pattern as X verified globally)	CCR7	0.0
mregDC_minus_CCL19	Delta	556			raw UMI counts (same sparse zero pattern as X verified globally)	CD80	0.0
mregDC_minus_CCL19	Delta	556			raw UMI counts (same sparse zero pattern as X verified globally)	CD86	0.0
mregDC_minus_CCL19	Dendritic (activated)	91	1.0	0.054945054945054944	raw UMI counts (same sparse zero pattern as X verified globally)		
mregDC_minus_CCL19	Dendritic (activated)	91			raw UMI counts (same sparse zero pattern as X verified globally)	LAMP3	0.7252747252747253
mregDC_minus_CCL19	Dendritic (activated)	91			raw UMI counts (same sparse zero pattern as X verified globally)	FSCN1	0.14285714285714285
mregDC_minus_CCL19	Dendritic (activated)	91			raw UMI counts (same sparse zero pattern as X verified globally)	CCR7	0.6923076923076923
mregDC_minus_CCL19	Dendritic (activated)	91			raw UMI counts (same sparse zero pattern as X verified globally)	CD80	0.3956043956043956
mregDC_minus_CCL19	Dendritic (activated)	91			raw UMI counts (same sparse zero pattern as X verified globally)	CD86	0.27472527472527475
mregDC_minus_CCL19	Dendritic (conventional type 1)	181	1.0	0.569060773480663	raw UMI counts (same sparse zero pattern as X verified globally)		
mregDC_minus_CCL19	Dendritic (conventional type 1)	181			raw UMI counts (same sparse zero pattern as X verified globally)	LAMP3	0.049723756906077346
mregDC_minus_CCL19	Dendritic (conventional type 1)	181			raw UMI counts (same sparse zero pattern as X verified globally)	FSCN1	0.016574585635359115
mregDC_minus_CCL19	Dendritic (conventional type 1)	181			raw UMI counts (same sparse zero pattern as X verified globally)	CCR7	0.03314917127071823
mregDC_minus_CCL19	Dendritic (conventional type 1)	181			raw UMI counts (same sparse zero pattern as X verified globally)	CD80	0.16574585635359115
mregDC_minus_CCL19	Dendritic (conventional type 1)	181			raw UMI counts (same sparse zero pattern as X verified globally)	CD86	0.30386740331491713
mregDC_minus_CCL19	Dendritic (conventional type 2)	1008	1.0	0.4384920634920635	raw UMI counts (same sparse zero pattern as X verified globally)		
mregDC_minus_CCL19	Dendritic (conventional type 2)	1008			raw UMI counts (same sparse zero pattern as X verified globally)	LAMP3	0.04662698412698413
mregDC_minus_CCL19	Dendritic (conventional type 2)	1008			raw UMI counts (same sparse zero pattern as X verified globally)	FSCN1	0.005952380952380952
mregDC_minus_CCL19	Dendritic (conventional type 2)	1008			raw UMI counts (same sparse zero pattern as X verified globally)	CCR7	0.007936507936507936
mregDC_minus_CCL19	Dendritic (conventional type 2)	1008			raw UMI counts (same sparse zero pattern as X verified globally)	CD80	0.19047619047619047
mregDC_minus_CCL19	Dendritic (conventional type 2)	1008			raw UMI counts (same sparse zero pattern as X verified globally)	CD86	0.48214285714285715
mregDC_minus_CCL19	Dendritic (plasmacytoid)	139	1.0	0.7338129496402878	raw UMI counts (same sparse zero pattern as X verified globally)		
mregDC_minus_CCL19	Dendritic (plasmacytoid)	139			raw UMI counts (same sparse zero pattern as X verified globally)	LAMP3	0.03597122302158273
mregDC_minus_CCL19	Dendritic (plasmacytoid)	139			raw UMI counts (same sparse zero pattern as X verified globally)	FSCN1	0.007194244604316547
mregDC_minus_CCL19	Dendritic (plasmacytoid)	139			raw UMI counts (same sparse zero pattern as X verified globally)	CCR7	0.1366906474820144
mregDC_minus_CCL19	Dendritic (plasmacytoid)	139			raw UMI counts (same sparse zero pattern as X verified globally)	CD80	0.03597122302158273
mregDC_minus_CCL19	Dendritic (plasmacytoid)	139			raw UMI counts (same sparse zero pattern as X verified globally)	CD86	0.07913669064748201
mregDC_minus_CCL19	Ductal	24627	1.0	0.9898079343809639	raw UMI counts (same sparse zero pattern as X verified globally)		
mregDC_minus_CCL19	Ductal	24627			raw UMI counts (same sparse zero pattern as X verified globally)	LAMP3	0.005725423315872822
mregDC_minus_CCL19	Ductal	24627			raw UMI counts (same sparse zero pattern as X verified globally)	FSCN1	0.0023145328298209283
mregDC_minus_CCL19	Ductal	24627			raw UMI counts (same sparse zero pattern as X verified globally)	CCR7	0.0004872700694359849
mregDC_minus_CCL19	Ductal	24627			raw UMI counts (same sparse zero pattern as X verified globally)	CD80	0.0009339342997523043
mregDC_minus_CCL19	Ductal	24627			raw UMI counts (same sparse zero pattern as X verified globally)	CD86	0.0007715109432736428
mregDC_minus_CCL19	Ductal (atypical)	4991	1.0	0.9883790823482268	raw UMI counts (same sparse zero pattern as X verified globally)		
mregDC_minus_CCL19	Ductal (atypical)	4991			raw UMI counts (same sparse zero pattern as X verified globally)	LAMP3	0.006611901422560609
mregDC_minus_CCL19	Ductal (atypical)	4991			raw UMI counts (same sparse zero pattern as X verified globally)	FSCN1	0.0022039671408535366
mregDC_minus_CCL19	Ductal (atypical)	4991			raw UMI counts (same sparse zero pattern as X verified globally)	CCR7	0.0008014425966740132
mregDC_minus_CCL19	Ductal (atypical)	4991			raw UMI counts (same sparse zero pattern as X verified globally)	CD80	0.001402524544179523
mregDC_minus_CCL19	Ductal (atypical)	4991			raw UMI counts (same sparse zero pattern as X verified globally)	CD86	0.0008014425966740132
mregDC_minus_CCL19	Epsilon	46	1.0	1.0	raw UMI counts (same sparse zero pattern as X verified globally)		
mregDC_minus_CCL19	Epsilon	46			raw UMI counts (same sparse zero pattern as X verified globally)	LAMP3	0.0
mregDC_minus_CCL19	Epsilon	46			raw UMI counts (same sparse zero pattern as X verified globally)	FSCN1	0.0
mregDC_minus_CCL19	Epsilon	46			raw UMI counts (same sparse zero pattern as X verified globally)	CCR7	0.0
mregDC_minus_CCL19	Epsilon	46			raw UMI counts (same sparse zero pattern as X verified globally)	CD80	0.0
mregDC_minus_CCL19	Epsilon	46			raw UMI counts (same sparse zero pattern as X verified globally)	CD86	0.0
mregDC_minus_CCL19	Gamma	1716	1.0	0.9918414918414918	raw UMI counts (same sparse zero pattern as X verified globally)		
mregDC_minus_CCL19	Gamma	1716			raw UMI counts (same sparse zero pattern as X verified globally)	LAMP3	0.0034965034965034965
mregDC_minus_CCL19	Gamma	1716			raw UMI counts (same sparse zero pattern as X verified globally)	FSCN1	0.002913752913752914
mregDC_minus_CCL19	Gamma	1716			raw UMI counts (same sparse zero pattern as X verified globally)	CCR7	0.0
mregDC_minus_CCL19	Gamma	1716			raw UMI counts (same sparse zero pattern as X verified globally)	CD80	0.0005827505827505828
mregDC_minus_CCL19	Gamma	1716			raw UMI counts (same sparse zero pattern as X verified globally)	CD86	0.0017482517482517483
mregDC_minus_CCL19	Hormone-negative neuroendocrine	1608	1.0	0.9900497512437811	raw UMI counts (same sparse zero pattern as X verified globally)		
mregDC_minus_CCL19	Hormone-negative neuroendocrine	1608			raw UMI counts (same sparse zero pattern as X verified globally)	LAMP3	0.00808457711442786
mregDC_minus_CCL19	Hormone-negative neuroendocrine	1608			raw UMI counts (same sparse zero pattern as X verified globally)	FSCN1	0.0006218905472636816
mregDC_minus_CCL19	Hormone-negative neuroendocrine	1608			raw UMI counts (same sparse zero pattern as X verified globally)	CCR7	0.0006218905472636816
mregDC_minus_CCL19	Hormone-negative neuroendocrine	1608			raw UMI counts (same sparse zero pattern as X verified globally)	CD80	0.0006218905472636816
mregDC_minus_CCL19	Hormone-negative neuroendocrine	1608			raw UMI counts (same sparse zero pattern as X verified globally)	CD86	0.0006218905472636816
mregDC_minus_CCL19	Intra-pancreatic neurons	25	1.0	0.88	raw UMI counts (same sparse zero pattern as X verified globally)		
mregDC_minus_CCL19	Intra-pancreatic neurons	25			raw UMI counts (same sparse zero pattern as X verified globally)	LAMP3	0.0
mregDC_minus_CCL19	Intra-pancreatic neurons	25			raw UMI counts (same sparse zero pattern as X verified globally)	FSCN1	0.12
mregDC_minus_CCL19	Intra-pancreatic neurons	25			raw UMI counts (same sparse zero pattern as X verified globally)	CCR7	0.0
mregDC_minus_CCL19	Intra-pancreatic neurons	25			raw UMI counts (same sparse zero pattern as X verified globally)	CD80	0.0
mregDC_minus_CCL19	Intra-pancreatic neurons	25			raw UMI counts (same sparse zero pattern as X verified globally)	CD86	0.0
mregDC_minus_CCL19	Lymphatic	1645	1.0	0.8644376899696049	raw UMI counts (same sparse zero pattern as X verified globally)		
mregDC_minus_CCL19	Lymphatic	1645			raw UMI counts (same sparse zero pattern as X verified globally)	LAMP3	0.01398176291793313
mregDC_minus_CCL19	Lymphatic	1645			raw UMI counts (same sparse zero pattern as X verified globally)	FSCN1	0.1088145896656535
mregDC_minus_CCL19	Lymphatic	1645			raw UMI counts (same sparse zero pattern as X verified globally)	CCR7	0.01033434650455927
mregDC_minus_CCL19	Lymphatic	1645			raw UMI counts (same sparse zero pattern as X verified globally)	CD80	0.0024316109422492403
mregDC_minus_CCL19	Lymphatic	1645			raw UMI counts (same sparse zero pattern as X verified globally)	CD86	0.004863221884498481
mregDC_minus_CCL19	Macrophage	10140	1.0	0.6692307692307692	raw UMI counts (same sparse zero pattern as X verified globally)		
mregDC_minus_CCL19	Macrophage	10140			raw UMI counts (same sparse zero pattern as X verified globally)	LAMP3	0.004240631163708087
mregDC_minus_CCL19	Macrophage	10140			raw UMI counts (same sparse zero pattern as X verified globally)	FSCN1	0.005226824457593688
mregDC_minus_CCL19	Macrophage	10140			raw UMI counts (same sparse zero pattern as X verified globally)	CCR7	0.0053254437869822485
mregDC_minus_CCL19	Macrophage	10140			raw UMI counts (same sparse zero pattern as X verified globally)	CD80	0.05601577909270217
mregDC_minus_CCL19	Macrophage	10140			raw UMI counts (same sparse zero pattern as X verified globally)	CD86	0.29201183431952665
mregDC_minus_CCL19	Malignant	64538	1.0	0.9436301093929158	raw UMI counts (same sparse zero pattern as X verified globally)		
mregDC_minus_CCL19	Malignant	64538			raw UMI counts (same sparse zero pattern as X verified globally)	LAMP3	0.005516130031919179
mregDC_minus_CCL19	Malignant	64538			raw UMI counts (same sparse zero pattern as X verified globally)	FSCN1	0.04834361151569618
mregDC_minus_CCL19	Malignant	64538			raw UMI counts (same sparse zero pattern as X verified globally)	CCR7	0.002200254113855403
mregDC_minus_CCL19	Malignant	64538			raw UMI counts (same sparse zero pattern as X verified globally)	CD80	0.0009296848368403111
mregDC_minus_CCL19	Malignant	64538			raw UMI counts (same sparse zero pattern as X verified globally)	CD86	0.0013790325079797948
mregDC_minus_CCL19	Mast	281	1.0	0.9750889679715302	raw UMI counts (same sparse zero pattern as X verified globally)		
mregDC_minus_CCL19	Mast	281			raw UMI counts (same sparse zero pattern as X verified globally)	LAMP3	0.0
mregDC_minus_CCL19	Mast	281			raw UMI counts (same sparse zero pattern as X verified globally)	FSCN1	0.0035587188612099642
mregDC_minus_CCL19	Mast	281			raw UMI counts (same sparse zero pattern as X verified globally)	CCR7	0.0071174377224199285
mregDC_minus_CCL19	Mast	281			raw UMI counts (same sparse zero pattern as X verified globally)	CD80	0.0071174377224199285
mregDC_minus_CCL19	Mast	281			raw UMI counts (same sparse zero pattern as X verified globally)	CD86	0.0071174377224199285
mregDC_minus_CCL19	Natural killer	927	1.0	0.9676375404530745	raw UMI counts (same sparse zero pattern as X verified globally)		
mregDC_minus_CCL19	Natural killer	927			raw UMI counts (same sparse zero pattern as X verified globally)	LAMP3	0.003236245954692557
mregDC_minus_CCL19	Natural killer	927			raw UMI counts (same sparse zero pattern as X verified globally)	FSCN1	0.0
mregDC_minus_CCL19	Natural killer	927			raw UMI counts (same sparse zero pattern as X verified globally)	CCR7	0.018338727076591153
mregDC_minus_CCL19	Natural killer	927			raw UMI counts (same sparse zero pattern as X verified globally)	CD80	0.005393743257820928
mregDC_minus_CCL19	Natural killer	927			raw UMI counts (same sparse zero pattern as X verified globally)	CD86	0.007551240560949299
mregDC_minus_CCL19	Neutrophil	98	1.0	0.9795918367346939	raw UMI counts (same sparse zero pattern as X verified globally)		
mregDC_minus_CCL19	Neutrophil	98			raw UMI counts (same sparse zero pattern as X verified globally)	LAMP3	0.0
mregDC_minus_CCL19	Neutrophil	98			raw UMI counts (same sparse zero pattern as X verified globally)	FSCN1	0.01020408163265306
mregDC_minus_CCL19	Neutrophil	98			raw UMI counts (same sparse zero pattern as X verified globally)	CCR7	0.0
mregDC_minus_CCL19	Neutrophil	98			raw UMI counts (same sparse zero pattern as X verified globally)	CD80	0.0
mregDC_minus_CCL19	Neutrophil	98			raw UMI counts (same sparse zero pattern as X verified globally)	CD86	0.02040816326530612
mregDC_minus_CCL19	Pericyte	11779	1.0	0.9641735291620681	raw UMI counts (same sparse zero pattern as X verified globally)		
mregDC_minus_CCL19	Pericyte	11779			raw UMI counts (same sparse zero pattern as X verified globally)	LAMP3	0.0018677307071907632
mregDC_minus_CCL19	Pericyte	11779			raw UMI counts (same sparse zero pattern as X verified globally)	FSCN1	0.024280499193479924
mregDC_minus_CCL19	Pericyte	11779			raw UMI counts (same sparse zero pattern as X verified globally)	CCR7	0.004329739366669497
mregDC_minus_CCL19	Pericyte	11779			raw UMI counts (same sparse zero pattern as X verified globally)	CD80	0.0037354614143815263
mregDC_minus_CCL19	Pericyte	11779			raw UMI counts (same sparse zero pattern as X verified globally)	CD86	0.0029713897614398505
mregDC_minus_CCL19	Plasma	282	1.0	0.776595744680851	raw UMI counts (same sparse zero pattern as X verified globally)		
mregDC_minus_CCL19	Plasma	282			raw UMI counts (same sparse zero pattern as X verified globally)	LAMP3	0.010638297872340425
mregDC_minus_CCL19	Plasma	282			raw UMI counts (same sparse zero pattern as X verified globally)	FSCN1	0.0035460992907801418
mregDC_minus_CCL19	Plasma	282			raw UMI counts (same sparse zero pattern as X verified globally)	CCR7	0.1099290780141844
mregDC_minus_CCL19	Plasma	282			raw UMI counts (same sparse zero pattern as X verified globally)	CD80	0.02127659574468085
mregDC_minus_CCL19	Plasma	282			raw UMI counts (same sparse zero pattern as X verified globally)	CD86	0.09219858156028368
mregDC_minus_CCL19	Schwann	1824	1.0	0.9764254385964912	raw UMI counts (same sparse zero pattern as X verified globally)		
mregDC_minus_CCL19	Schwann	1824			raw UMI counts (same sparse zero pattern as X verified globally)	LAMP3	0.0021929824561403508
mregDC_minus_CCL19	Schwann	1824			raw UMI counts (same sparse zero pattern as X verified globally)	FSCN1	0.013706140350877192
mregDC_minus_CCL19	Schwann	1824			raw UMI counts (same sparse zero pattern as X verified globally)	CCR7	0.003837719298245614
mregDC_minus_CCL19	Schwann	1824			raw UMI counts (same sparse zero pattern as X verified globally)	CD80	0.0005482456140350877
mregDC_minus_CCL19	Schwann	1824			raw UMI counts (same sparse zero pattern as X verified globally)	CD86	0.003837719298245614
mregDC_minus_CCL19	Treg	463	1.0	0.8920086393088553	raw UMI counts (same sparse zero pattern as X verified globally)		
mregDC_minus_CCL19	Treg	463			raw UMI counts (same sparse zero pattern as X verified globally)	LAMP3	0.0064794816414686825
mregDC_minus_CCL19	Treg	463			raw UMI counts (same sparse zero pattern as X verified globally)	FSCN1	0.0
mregDC_minus_CCL19	Treg	463			raw UMI counts (same sparse zero pattern as X verified globally)	CCR7	0.0734341252699784
mregDC_minus_CCL19	Treg	463			raw UMI counts (same sparse zero pattern as X verified globally)	CD80	0.019438444924406047
mregDC_minus_CCL19	Treg	463			raw UMI counts (same sparse zero pattern as X verified globally)	CD86	0.008639308855291577
mregDC_minus_CCL19	Treg (activated)	266	1.0	0.8721804511278195	raw UMI counts (same sparse zero pattern as X verified globally)		
mregDC_minus_CCL19	Treg (activated)	266			raw UMI counts (same sparse zero pattern as X verified globally)	LAMP3	0.0
mregDC_minus_CCL19	Treg (activated)	266			raw UMI counts (same sparse zero pattern as X verified globally)	FSCN1	0.0
mregDC_minus_CCL19	Treg (activated)	266			raw UMI counts (same sparse zero pattern as X verified globally)	CCR7	0.09022556390977443
mregDC_minus_CCL19	Treg (activated)	266			raw UMI counts (same sparse zero pattern as X verified globally)	CD80	0.03383458646616541
mregDC_minus_CCL19	Treg (activated)	266			raw UMI counts (same sparse zero pattern as X verified globally)	CD86	0.015037593984962405
mregDC_minus_CCL19	Treg (quiescent)	119	1.0	0.7563025210084033	raw UMI counts (same sparse zero pattern as X verified globally)		
mregDC_minus_CCL19	Treg (quiescent)	119			raw UMI counts (same sparse zero pattern as X verified globally)	LAMP3	0.0
mregDC_minus_CCL19	Treg (quiescent)	119			raw UMI counts (same sparse zero pattern as X verified globally)	FSCN1	0.0
mregDC_minus_CCL19	Treg (quiescent)	119			raw UMI counts (same sparse zero pattern as X verified globally)	CCR7	0.2184873949579832
mregDC_minus_CCL19	Treg (quiescent)	119			raw UMI counts (same sparse zero pattern as X verified globally)	CD80	0.0
mregDC_minus_CCL19	Treg (quiescent)	119			raw UMI counts (same sparse zero pattern as X verified globally)	CD86	0.025210084033613446
mregDC_minus_CCL19	Vascular	15530	1.0	0.9271088216355441	raw UMI counts (same sparse zero pattern as X verified globally)		
mregDC_minus_CCL19	Vascular	15530			raw UMI counts (same sparse zero pattern as X verified globally)	LAMP3	0.006825499034127496
mregDC_minus_CCL19	Vascular	15530			raw UMI counts (same sparse zero pattern as X verified globally)	FSCN1	0.062459755312298776
mregDC_minus_CCL19	Vascular	15530			raw UMI counts (same sparse zero pattern as X verified globally)	CCR7	0.002189311010946555
mregDC_minus_CCL19	Vascular	15530			raw UMI counts (same sparse zero pattern as X verified globally)	CD80	0.0008370895041854475
mregDC_minus_CCL19	Vascular	15530			raw UMI counts (same sparse zero pattern as X verified globally)	CD86	0.00231809401159047
mregDC_minus_CCL19	Vascular smooth muscle	4711	1.0	0.9879006580343876	raw UMI counts (same sparse zero pattern as X verified globally)		
mregDC_minus_CCL19	Vascular smooth muscle	4711			raw UMI counts (same sparse zero pattern as X verified globally)	LAMP3	0.00021226915729144556
mregDC_minus_CCL19	Vascular smooth muscle	4711			raw UMI counts (same sparse zero pattern as X verified globally)	FSCN1	0.004669921460411802
mregDC_minus_CCL19	Vascular smooth muscle	4711			raw UMI counts (same sparse zero pattern as X verified globally)	CCR7	0.0014858841010401188
mregDC_minus_CCL19	Vascular smooth muscle	4711			raw UMI counts (same sparse zero pattern as X verified globally)	CD80	0.0057312672468690295
mregDC_minus_CCL19	Vascular smooth muscle	4711			raw UMI counts (same sparse zero pattern as X verified globally)	CD86	0.00021226915729144556
mregDC_minus_CCL19	myCAF	10566	1.0	0.9430247965171304	raw UMI counts (same sparse zero pattern as X verified globally)		
mregDC_minus_CCL19	myCAF	10566			raw UMI counts (same sparse zero pattern as X verified globally)	LAMP3	0.0001892863903085368
mregDC_minus_CCL19	myCAF	10566			raw UMI counts (same sparse zero pattern as X verified globally)	FSCN1	0.05148589816392202
mregDC_minus_CCL19	myCAF	10566			raw UMI counts (same sparse zero pattern as X verified globally)	CCR7	0.0026500094643195156
mregDC_minus_CCL19	myCAF	10566			raw UMI counts (same sparse zero pattern as X verified globally)	CD80	0.001135718341851221
mregDC_minus_CCL19	myCAF	10566			raw UMI counts (same sparse zero pattern as X verified globally)	CD86	0.0018928639030853683
mregDC_like_uncontrolled_mean	ADM	3233	1.0	0.9740179399938138	raw UMI counts (same sparse zero pattern as X verified globally)		
mregDC_like_uncontrolled_mean	ADM	3233			raw UMI counts (same sparse zero pattern as X verified globally)	LAMP3	0.009279307145066501
mregDC_like_uncontrolled_mean	ADM	3233			raw UMI counts (same sparse zero pattern as X verified globally)	FSCN1	0.010516548097742036
mregDC_like_uncontrolled_mean	ADM	3233			raw UMI counts (same sparse zero pattern as X verified globally)	CCR7	0.0009279307145066501
mregDC_like_uncontrolled_mean	ADM	3233			raw UMI counts (same sparse zero pattern as X verified globally)	CCL19	0.0003093102381688834
mregDC_like_uncontrolled_mean	ADM	3233			raw UMI counts (same sparse zero pattern as X verified globally)	CD80	0.004330343334364367
mregDC_like_uncontrolled_mean	ADM	3233			raw UMI counts (same sparse zero pattern as X verified globally)	CD86	0.0012372409526755336
mregDC_like_uncontrolled_mean	Acinar	5171	1.0	0.9766002707406691	raw UMI counts (same sparse zero pattern as X verified globally)		
mregDC_like_uncontrolled_mean	Acinar	5171			raw UMI counts (same sparse zero pattern as X verified globally)	LAMP3	0.011023012956874878
mregDC_like_uncontrolled_mean	Acinar	5171			raw UMI counts (same sparse zero pattern as X verified globally)	FSCN1	0.0038677238445175015
mregDC_like_uncontrolled_mean	Acinar	5171			raw UMI counts (same sparse zero pattern as X verified globally)	CCR7	0.0009669309611293754
mregDC_like_uncontrolled_mean	Acinar	5171			raw UMI counts (same sparse zero pattern as X verified globally)	CCL19	0.00038677238445175013
mregDC_like_uncontrolled_mean	Acinar	5171			raw UMI counts (same sparse zero pattern as X verified globally)	CD80	0.004641268613421002
mregDC_like_uncontrolled_mean	Acinar	5171			raw UMI counts (same sparse zero pattern as X verified globally)	CD86	0.003094179075614001
mregDC_like_uncontrolled_mean	Acinar (REG+)	186	1.0	0.967741935483871	raw UMI counts (same sparse zero pattern as X verified globally)		
mregDC_like_uncontrolled_mean	Acinar (REG+)	186			raw UMI counts (same sparse zero pattern as X verified globally)	LAMP3	0.0
mregDC_like_uncontrolled_mean	Acinar (REG+)	186			raw UMI counts (same sparse zero pattern as X verified globally)	FSCN1	0.026881720430107527
mregDC_like_uncontrolled_mean	Acinar (REG+)	186			raw UMI counts (same sparse zero pattern as X verified globally)	CCR7	0.0
mregDC_like_uncontrolled_mean	Acinar (REG+)	186			raw UMI counts (same sparse zero pattern as X verified globally)	CCL19	0.0
mregDC_like_uncontrolled_mean	Acinar (REG+)	186			raw UMI counts (same sparse zero pattern as X verified globally)	CD80	0.0
mregDC_like_uncontrolled_mean	Acinar (REG+)	186			raw UMI counts (same sparse zero pattern as X verified globally)	CD86	0.005376344086021506
mregDC_like_uncontrolled_mean	Adipocyte	531	1.0	0.9623352165725048	raw UMI counts (same sparse zero pattern as X verified globally)		
mregDC_like_uncontrolled_mean	Adipocyte	531			raw UMI counts (same sparse zero pattern as X verified globally)	LAMP3	0.003766478342749529
mregDC_like_uncontrolled_mean	Adipocyte	531			raw UMI counts (same sparse zero pattern as X verified globally)	FSCN1	0.003766478342749529
mregDC_like_uncontrolled_mean	Adipocyte	531			raw UMI counts (same sparse zero pattern as X verified globally)	CCR7	0.005649717514124294
mregDC_like_uncontrolled_mean	Adipocyte	531			raw UMI counts (same sparse zero pattern as X verified globally)	CCL19	0.0
mregDC_like_uncontrolled_mean	Adipocyte	531			raw UMI counts (same sparse zero pattern as X verified globally)	CD80	0.0018832391713747645
mregDC_like_uncontrolled_mean	Adipocyte	531			raw UMI counts (same sparse zero pattern as X verified globally)	CD86	0.022598870056497175
mregDC_like_uncontrolled_mean	Alpha	2723	1.0	0.9955930958501653	raw UMI counts (same sparse zero pattern as X verified globally)		
mregDC_like_uncontrolled_mean	Alpha	2723			raw UMI counts (same sparse zero pattern as X verified globally)	LAMP3	0.0029379360998898272
mregDC_like_uncontrolled_mean	Alpha	2723			raw UMI counts (same sparse zero pattern as X verified globally)	FSCN1	0.0003672420124862284
mregDC_like_uncontrolled_mean	Alpha	2723			raw UMI counts (same sparse zero pattern as X verified globally)	CCR7	0.0
mregDC_like_uncontrolled_mean	Alpha	2723			raw UMI counts (same sparse zero pattern as X verified globally)	CCL19	0.0
mregDC_like_uncontrolled_mean	Alpha	2723			raw UMI counts (same sparse zero pattern as X verified globally)	CD80	0.0003672420124862284
mregDC_like_uncontrolled_mean	Alpha	2723			raw UMI counts (same sparse zero pattern as X verified globally)	CD86	0.0007344840249724568
mregDC_like_uncontrolled_mean	B	1573	1.0	0.7425301970756516	raw UMI counts (same sparse zero pattern as X verified globally)		
mregDC_like_uncontrolled_mean	B	1573			raw UMI counts (same sparse zero pattern as X verified globally)	LAMP3	0.009535918626827717
mregDC_like_uncontrolled_mean	B	1573			raw UMI counts (same sparse zero pattern as X verified globally)	FSCN1	0.0
mregDC_like_uncontrolled_mean	B	1573			raw UMI counts (same sparse zero pattern as X verified globally)	CCR7	0.1621106166560712
mregDC_like_uncontrolled_mean	B	1573			raw UMI counts (same sparse zero pattern as X verified globally)	CCL19	0.027972027972027972
mregDC_like_uncontrolled_mean	B	1573			raw UMI counts (same sparse zero pattern as X verified globally)	CD80	0.030514939605848695
mregDC_like_uncontrolled_mean	B	1573			raw UMI counts (same sparse zero pattern as X verified globally)	CD86	0.05785123966942149
mregDC_like_uncontrolled_mean	Beta	3152	1.0	0.9904822335025381	raw UMI counts (same sparse zero pattern as X verified globally)		
mregDC_like_uncontrolled_mean	Beta	3152			raw UMI counts (same sparse zero pattern as X verified globally)	LAMP3	0.004758883248730965
mregDC_like_uncontrolled_mean	Beta	3152			raw UMI counts (same sparse zero pattern as X verified globally)	FSCN1	0.0009517766497461929
mregDC_like_uncontrolled_mean	Beta	3152			raw UMI counts (same sparse zero pattern as X verified globally)	CCR7	0.0012690355329949238
mregDC_like_uncontrolled_mean	Beta	3152			raw UMI counts (same sparse zero pattern as X verified globally)	CCL19	0.00031725888324873094
mregDC_like_uncontrolled_mean	Beta	3152			raw UMI counts (same sparse zero pattern as X verified globally)	CD80	0.0015862944162436548
mregDC_like_uncontrolled_mean	Beta	3152			raw UMI counts (same sparse zero pattern as X verified globally)	CD86	0.0006345177664974619
mregDC_like_uncontrolled_mean	CAF	44369	1.0	0.9455250287362799	raw UMI counts (same sparse zero pattern as X verified globally)		
mregDC_like_uncontrolled_mean	CAF	44369			raw UMI counts (same sparse zero pattern as X verified globally)	LAMP3	0.0004733034325767991
mregDC_like_uncontrolled_mean	CAF	44369			raw UMI counts (same sparse zero pattern as X verified globally)	FSCN1	0.038585498884356195
mregDC_like_uncontrolled_mean	CAF	44369			raw UMI counts (same sparse zero pattern as X verified globally)	CCR7	0.0029750501476255944
mregDC_like_uncontrolled_mean	CAF	44369			raw UMI counts (same sparse zero pattern as X verified globally)	CCL19	0.01048029029277198
mregDC_like_uncontrolled_mean	CAF	44369			raw UMI counts (same sparse zero pattern as X verified globally)	CD80	0.001622754625977597
mregDC_like_uncontrolled_mean	CAF	44369			raw UMI counts (same sparse zero pattern as X verified globally)	CD86	0.0011945277107890645
mregDC_like_uncontrolled_mean	CD4+ T	1839	1.0	0.7232191408374117	raw UMI counts (same sparse zero pattern as X verified globally)		
mregDC_like_uncontrolled_mean	CD4+ T	1839			raw UMI counts (same sparse zero pattern as X verified globally)	LAMP3	0.001087547580206634
mregDC_like_uncontrolled_mean	CD4+ T	1839			raw UMI counts (same sparse zero pattern as X verified globally)	FSCN1	0.0
mregDC_like_uncontrolled_mean	CD4+ T	1839			raw UMI counts (same sparse zero pattern as X verified globally)	CCR7	0.27297444263186516
mregDC_like_uncontrolled_mean	CD4+ T	1839			raw UMI counts (same sparse zero pattern as X verified globally)	CCL19	0.0027188689505165853
mregDC_like_uncontrolled_mean	CD4+ T	1839			raw UMI counts (same sparse zero pattern as X verified globally)	CD80	0.0016313213703099511
mregDC_like_uncontrolled_mean	CD4+ T	1839			raw UMI counts (same sparse zero pattern as X verified globally)	CD86	0.002175095160413268
mregDC_like_uncontrolled_mean	CD8+ T	2526	1.0	0.9683293745051464	raw UMI counts (same sparse zero pattern as X verified globally)		
mregDC_like_uncontrolled_mean	CD8+ T	2526			raw UMI counts (same sparse zero pattern as X verified globally)	LAMP3	0.001979414093428345
mregDC_like_uncontrolled_mean	CD8+ T	2526			raw UMI counts (same sparse zero pattern as X verified globally)	FSCN1	0.000395882818685669
mregDC_like_uncontrolled_mean	CD8+ T	2526			raw UMI counts (same sparse zero pattern as X verified globally)	CCR7	0.022169437846397466
mregDC_like_uncontrolled_mean	CD8+ T	2526			raw UMI counts (same sparse zero pattern as X verified globally)	CCL19	0.0023752969121140144
mregDC_like_uncontrolled_mean	CD8+ T	2526			raw UMI counts (same sparse zero pattern as X verified globally)	CD80	0.003167062549485352
mregDC_like_uncontrolled_mean	CD8+ T	2526			raw UMI counts (same sparse zero pattern as X verified globally)	CD86	0.001979414093428345
mregDC_like_uncontrolled_mean	CD8+ T (dysfunctional)	967	1.0	0.9296794208893485	raw UMI counts (same sparse zero pattern as X verified globally)		
mregDC_like_uncontrolled_mean	CD8+ T (dysfunctional)	967			raw UMI counts (same sparse zero pattern as X verified globally)	LAMP3	0.001034126163391934
mregDC_like_uncontrolled_mean	CD8+ T (dysfunctional)	967			raw UMI counts (same sparse zero pattern as X verified globally)	FSCN1	0.0
mregDC_like_uncontrolled_mean	CD8+ T (dysfunctional)	967			raw UMI counts (same sparse zero pattern as X verified globally)	CCR7	0.0641158221302999
mregDC_like_uncontrolled_mean	CD8+ T (dysfunctional)	967			raw UMI counts (same sparse zero pattern as X verified globally)	CCL19	0.002068252326783868
mregDC_like_uncontrolled_mean	CD8+ T (dysfunctional)	967			raw UMI counts (same sparse zero pattern as X verified globally)	CD80	0.0031023784901758012
mregDC_like_uncontrolled_mean	CD8+ T (dysfunctional)	967			raw UMI counts (same sparse zero pattern as X verified globally)	CD86	0.0
mregDC_like_uncontrolled_mean	CD8+ T (progenitor dysfunctional)	142	1.0	0.9014084507042254	raw UMI counts (same sparse zero pattern as X verified globally)		
mregDC_like_uncontrolled_mean	CD8+ T (progenitor dysfunctional)	142			raw UMI counts (same sparse zero pattern as X verified globally)	LAMP3	0.007042253521126761
mregDC_like_uncontrolled_mean	CD8+ T (progenitor dysfunctional)	142			raw UMI counts (same sparse zero pattern as X verified globally)	FSCN1	0.0
mregDC_like_uncontrolled_mean	CD8+ T (progenitor dysfunctional)	142			raw UMI counts (same sparse zero pattern as X verified globally)	CCR7	0.08450704225352113
mregDC_like_uncontrolled_mean	CD8+ T (progenitor dysfunctional)	142			raw UMI counts (same sparse zero pattern as X verified globally)	CCL19	0.0
mregDC_like_uncontrolled_mean	CD8+ T (progenitor dysfunctional)	142			raw UMI counts (same sparse zero pattern as X verified globally)	CD80	0.0
mregDC_like_uncontrolled_mean	CD8+ T (progenitor dysfunctional)	142			raw UMI counts (same sparse zero pattern as X verified globally)	CD86	0.007042253521126761
mregDC_like_uncontrolled_mean	CD8+ T (terminally dysfunctional)	419	1.0	0.9689737470167065	raw UMI counts (same sparse zero pattern as X verified globally)		
mregDC_like_uncontrolled_mean	CD8+ T (terminally dysfunctional)	419			raw UMI counts (same sparse zero pattern as X verified globally)	LAMP3	0.0
mregDC_like_uncontrolled_mean	CD8+ T (terminally dysfunctional)	419			raw UMI counts (same sparse zero pattern as X verified globally)	FSCN1	0.0
mregDC_like_uncontrolled_mean	CD8+ T (terminally dysfunctional)	419			raw UMI counts (same sparse zero pattern as X verified globally)	CCR7	0.01909307875894988
mregDC_like_uncontrolled_mean	CD8+ T (terminally dysfunctional)	419			raw UMI counts (same sparse zero pattern as X verified globally)	CCL19	0.0
mregDC_like_uncontrolled_mean	CD8+ T (terminally dysfunctional)	419			raw UMI counts (same sparse zero pattern as X verified globally)	CD80	0.007159904534606206
mregDC_like_uncontrolled_mean	CD8+ T (terminally dysfunctional)	419			raw UMI counts (same sparse zero pattern as X verified globally)	CD86	0.00477326968973747
mregDC_like_uncontrolled_mean	Delta	556	1.0	0.9928057553956835	raw UMI counts (same sparse zero pattern as X verified globally)		
mregDC_like_uncontrolled_mean	Delta	556			raw UMI counts (same sparse zero pattern as X verified globally)	LAMP3	0.0035971223021582736
mregDC_like_uncontrolled_mean	Delta	556			raw UMI counts (same sparse zero pattern as X verified globally)	FSCN1	0.0035971223021582736
mregDC_like_uncontrolled_mean	Delta	556			raw UMI counts (same sparse zero pattern as X verified globally)	CCR7	0.0
mregDC_like_uncontrolled_mean	Delta	556			raw UMI counts (same sparse zero pattern as X verified globally)	CCL19	0.0
mregDC_like_uncontrolled_mean	Delta	556			raw UMI counts (same sparse zero pattern as X verified globally)	CD80	0.0
mregDC_like_uncontrolled_mean	Delta	556			raw UMI counts (same sparse zero pattern as X verified globally)	CD86	0.0
mregDC_like_uncontrolled_mean	Dendritic (activated)	91	1.0	0.054945054945054944	raw UMI counts (same sparse zero pattern as X verified globally)		
mregDC_like_uncontrolled_mean	Dendritic (activated)	91			raw UMI counts (same sparse zero pattern as X verified globally)	LAMP3	0.7252747252747253
mregDC_like_uncontrolled_mean	Dendritic (activated)	91			raw UMI counts (same sparse zero pattern as X verified globally)	FSCN1	0.14285714285714285
mregDC_like_uncontrolled_mean	Dendritic (activated)	91			raw UMI counts (same sparse zero pattern as X verified globally)	CCR7	0.6923076923076923
mregDC_like_uncontrolled_mean	Dendritic (activated)	91			raw UMI counts (same sparse zero pattern as X verified globally)	CCL19	0.01098901098901099
mregDC_like_uncontrolled_mean	Dendritic (activated)	91			raw UMI counts (same sparse zero pattern as X verified globally)	CD80	0.3956043956043956
mregDC_like_uncontrolled_mean	Dendritic (activated)	91			raw UMI counts (same sparse zero pattern as X verified globally)	CD86	0.27472527472527475
mregDC_like_uncontrolled_mean	Dendritic (conventional type 1)	181	1.0	0.56353591160221	raw UMI counts (same sparse zero pattern as X verified globally)		
mregDC_like_uncontrolled_mean	Dendritic (conventional type 1)	181			raw UMI counts (same sparse zero pattern as X verified globally)	LAMP3	0.049723756906077346
mregDC_like_uncontrolled_mean	Dendritic (conventional type 1)	181			raw UMI counts (same sparse zero pattern as X verified globally)	FSCN1	0.016574585635359115
mregDC_like_uncontrolled_mean	Dendritic (conventional type 1)	181			raw UMI counts (same sparse zero pattern as X verified globally)	CCR7	0.03314917127071823
mregDC_like_uncontrolled_mean	Dendritic (conventional type 1)	181			raw UMI counts (same sparse zero pattern as X verified globally)	CCL19	0.0055248618784530384
mregDC_like_uncontrolled_mean	Dendritic (conventional type 1)	181			raw UMI counts (same sparse zero pattern as X verified globally)	CD80	0.16574585635359115
mregDC_like_uncontrolled_mean	Dendritic (conventional type 1)	181			raw UMI counts (same sparse zero pattern as X verified globally)	CD86	0.30386740331491713
mregDC_like_uncontrolled_mean	Dendritic (conventional type 2)	1008	1.0	0.4384920634920635	raw UMI counts (same sparse zero pattern as X verified globally)		
mregDC_like_uncontrolled_mean	Dendritic (conventional type 2)	1008			raw UMI counts (same sparse zero pattern as X verified globally)	LAMP3	0.04662698412698413
mregDC_like_uncontrolled_mean	Dendritic (conventional type 2)	1008			raw UMI counts (same sparse zero pattern as X verified globally)	FSCN1	0.005952380952380952
mregDC_like_uncontrolled_mean	Dendritic (conventional type 2)	1008			raw UMI counts (same sparse zero pattern as X verified globally)	CCR7	0.007936507936507936
mregDC_like_uncontrolled_mean	Dendritic (conventional type 2)	1008			raw UMI counts (same sparse zero pattern as X verified globally)	CCL19	0.0
mregDC_like_uncontrolled_mean	Dendritic (conventional type 2)	1008			raw UMI counts (same sparse zero pattern as X verified globally)	CD80	0.19047619047619047
mregDC_like_uncontrolled_mean	Dendritic (conventional type 2)	1008			raw UMI counts (same sparse zero pattern as X verified globally)	CD86	0.48214285714285715
mregDC_like_uncontrolled_mean	Dendritic (plasmacytoid)	139	1.0	0.7194244604316546	raw UMI counts (same sparse zero pattern as X verified globally)		
mregDC_like_uncontrolled_mean	Dendritic (plasmacytoid)	139			raw UMI counts (same sparse zero pattern as X verified globally)	LAMP3	0.03597122302158273
mregDC_like_uncontrolled_mean	Dendritic (plasmacytoid)	139			raw UMI counts (same sparse zero pattern as X verified globally)	FSCN1	0.007194244604316547
mregDC_like_uncontrolled_mean	Dendritic (plasmacytoid)	139			raw UMI counts (same sparse zero pattern as X verified globally)	CCR7	0.1366906474820144
mregDC_like_uncontrolled_mean	Dendritic (plasmacytoid)	139			raw UMI counts (same sparse zero pattern as X verified globally)	CCL19	0.014388489208633094
mregDC_like_uncontrolled_mean	Dendritic (plasmacytoid)	139			raw UMI counts (same sparse zero pattern as X verified globally)	CD80	0.03597122302158273
mregDC_like_uncontrolled_mean	Dendritic (plasmacytoid)	139			raw UMI counts (same sparse zero pattern as X verified globally)	CD86	0.07913669064748201
mregDC_like_uncontrolled_mean	Ductal	24627	1.0	0.989686116863605	raw UMI counts (same sparse zero pattern as X verified globally)		
mregDC_like_uncontrolled_mean	Ductal	24627			raw UMI counts (same sparse zero pattern as X verified globally)	LAMP3	0.005725423315872822
mregDC_like_uncontrolled_mean	Ductal	24627			raw UMI counts (same sparse zero pattern as X verified globally)	FSCN1	0.0023145328298209283
mregDC_like_uncontrolled_mean	Ductal	24627			raw UMI counts (same sparse zero pattern as X verified globally)	CCR7	0.0004872700694359849
mregDC_like_uncontrolled_mean	Ductal	24627			raw UMI counts (same sparse zero pattern as X verified globally)	CCL19	0.00012181751735899622
mregDC_like_uncontrolled_mean	Ductal	24627			raw UMI counts (same sparse zero pattern as X verified globally)	CD80	0.0009339342997523043
mregDC_like_uncontrolled_mean	Ductal	24627			raw UMI counts (same sparse zero pattern as X verified globally)	CD86	0.0007715109432736428
mregDC_like_uncontrolled_mean	Ductal (atypical)	4991	1.0	0.9881787216990583	raw UMI counts (same sparse zero pattern as X verified globally)		
mregDC_like_uncontrolled_mean	Ductal (atypical)	4991			raw UMI counts (same sparse zero pattern as X verified globally)	LAMP3	0.006611901422560609
mregDC_like_uncontrolled_mean	Ductal (atypical)	4991			raw UMI counts (same sparse zero pattern as X verified globally)	FSCN1	0.0022039671408535366
mregDC_like_uncontrolled_mean	Ductal (atypical)	4991			raw UMI counts (same sparse zero pattern as X verified globally)	CCR7	0.0008014425966740132
mregDC_like_uncontrolled_mean	Ductal (atypical)	4991			raw UMI counts (same sparse zero pattern as X verified globally)	CCL19	0.0002003606491685033
mregDC_like_uncontrolled_mean	Ductal (atypical)	4991			raw UMI counts (same sparse zero pattern as X verified globally)	CD80	0.001402524544179523
mregDC_like_uncontrolled_mean	Ductal (atypical)	4991			raw UMI counts (same sparse zero pattern as X verified globally)	CD86	0.0008014425966740132
mregDC_like_uncontrolled_mean	Epsilon	46	1.0	1.0	raw UMI counts (same sparse zero pattern as X verified globally)		
mregDC_like_uncontrolled_mean	Epsilon	46			raw UMI counts (same sparse zero pattern as X verified globally)	LAMP3	0.0
mregDC_like_uncontrolled_mean	Epsilon	46			raw UMI counts (same sparse zero pattern as X verified globally)	FSCN1	0.0
mregDC_like_uncontrolled_mean	Epsilon	46			raw UMI counts (same sparse zero pattern as X verified globally)	CCR7	0.0
mregDC_like_uncontrolled_mean	Epsilon	46			raw UMI counts (same sparse zero pattern as X verified globally)	CCL19	0.0
mregDC_like_uncontrolled_mean	Epsilon	46			raw UMI counts (same sparse zero pattern as X verified globally)	CD80	0.0
mregDC_like_uncontrolled_mean	Epsilon	46			raw UMI counts (same sparse zero pattern as X verified globally)	CD86	0.0
mregDC_like_uncontrolled_mean	Gamma	1716	1.0	0.9918414918414918	raw UMI counts (same sparse zero pattern as X verified globally)		
mregDC_like_uncontrolled_mean	Gamma	1716			raw UMI counts (same sparse zero pattern as X verified globally)	LAMP3	0.0034965034965034965
mregDC_like_uncontrolled_mean	Gamma	1716			raw UMI counts (same sparse zero pattern as X verified globally)	FSCN1	0.002913752913752914
mregDC_like_uncontrolled_mean	Gamma	1716			raw UMI counts (same sparse zero pattern as X verified globally)	CCR7	0.0
mregDC_like_uncontrolled_mean	Gamma	1716			raw UMI counts (same sparse zero pattern as X verified globally)	CCL19	0.0
mregDC_like_uncontrolled_mean	Gamma	1716			raw UMI counts (same sparse zero pattern as X verified globally)	CD80	0.0005827505827505828
mregDC_like_uncontrolled_mean	Gamma	1716			raw UMI counts (same sparse zero pattern as X verified globally)	CD86	0.0017482517482517483
mregDC_like_uncontrolled_mean	Hormone-negative neuroendocrine	1608	1.0	0.9894278606965174	raw UMI counts (same sparse zero pattern as X verified globally)		
mregDC_like_uncontrolled_mean	Hormone-negative neuroendocrine	1608			raw UMI counts (same sparse zero pattern as X verified globally)	LAMP3	0.00808457711442786
mregDC_like_uncontrolled_mean	Hormone-negative neuroendocrine	1608			raw UMI counts (same sparse zero pattern as X verified globally)	FSCN1	0.0006218905472636816
mregDC_like_uncontrolled_mean	Hormone-negative neuroendocrine	1608			raw UMI counts (same sparse zero pattern as X verified globally)	CCR7	0.0006218905472636816
mregDC_like_uncontrolled_mean	Hormone-negative neuroendocrine	1608			raw UMI counts (same sparse zero pattern as X verified globally)	CCL19	0.0006218905472636816
mregDC_like_uncontrolled_mean	Hormone-negative neuroendocrine	1608			raw UMI counts (same sparse zero pattern as X verified globally)	CD80	0.0006218905472636816
mregDC_like_uncontrolled_mean	Hormone-negative neuroendocrine	1608			raw UMI counts (same sparse zero pattern as X verified globally)	CD86	0.0006218905472636816
mregDC_like_uncontrolled_mean	Intra-pancreatic neurons	25	1.0	0.88	raw UMI counts (same sparse zero pattern as X verified globally)		
mregDC_like_uncontrolled_mean	Intra-pancreatic neurons	25			raw UMI counts (same sparse zero pattern as X verified globally)	LAMP3	0.0
mregDC_like_uncontrolled_mean	Intra-pancreatic neurons	25			raw UMI counts (same sparse zero pattern as X verified globally)	FSCN1	0.12
mregDC_like_uncontrolled_mean	Intra-pancreatic neurons	25			raw UMI counts (same sparse zero pattern as X verified globally)	CCR7	0.0
mregDC_like_uncontrolled_mean	Intra-pancreatic neurons	25			raw UMI counts (same sparse zero pattern as X verified globally)	CCL19	0.0
mregDC_like_uncontrolled_mean	Intra-pancreatic neurons	25			raw UMI counts (same sparse zero pattern as X verified globally)	CD80	0.0
mregDC_like_uncontrolled_mean	Intra-pancreatic neurons	25			raw UMI counts (same sparse zero pattern as X verified globally)	CD86	0.0
mregDC_like_uncontrolled_mean	Lymphatic	1645	1.0	0.8626139817629179	raw UMI counts (same sparse zero pattern as X verified globally)		
mregDC_like_uncontrolled_mean	Lymphatic	1645			raw UMI counts (same sparse zero pattern as X verified globally)	LAMP3	0.01398176291793313
mregDC_like_uncontrolled_mean	Lymphatic	1645			raw UMI counts (same sparse zero pattern as X verified globally)	FSCN1	0.1088145896656535
mregDC_like_uncontrolled_mean	Lymphatic	1645			raw UMI counts (same sparse zero pattern as X verified globally)	CCR7	0.01033434650455927
mregDC_like_uncontrolled_mean	Lymphatic	1645			raw UMI counts (same sparse zero pattern as X verified globally)	CCL19	0.00303951367781155
mregDC_like_uncontrolled_mean	Lymphatic	1645			raw UMI counts (same sparse zero pattern as X verified globally)	CD80	0.0024316109422492403
mregDC_like_uncontrolled_mean	Lymphatic	1645			raw UMI counts (same sparse zero pattern as X verified globally)	CD86	0.004863221884498481
mregDC_like_uncontrolled_mean	Macrophage	10140	1.0	0.6689349112426035	raw UMI counts (same sparse zero pattern as X verified globally)		
mregDC_like_uncontrolled_mean	Macrophage	10140			raw UMI counts (same sparse zero pattern as X verified globally)	LAMP3	0.004240631163708087
mregDC_like_uncontrolled_mean	Macrophage	10140			raw UMI counts (same sparse zero pattern as X verified globally)	FSCN1	0.005226824457593688
mregDC_like_uncontrolled_mean	Macrophage	10140			raw UMI counts (same sparse zero pattern as X verified globally)	CCR7	0.0053254437869822485
mregDC_like_uncontrolled_mean	Macrophage	10140			raw UMI counts (same sparse zero pattern as X verified globally)	CCL19	0.0004930966469428008
mregDC_like_uncontrolled_mean	Macrophage	10140			raw UMI counts (same sparse zero pattern as X verified globally)	CD80	0.05601577909270217
mregDC_like_uncontrolled_mean	Macrophage	10140			raw UMI counts (same sparse zero pattern as X verified globally)	CD86	0.29201183431952665
mregDC_like_uncontrolled_mean	Malignant	64538	1.0	0.943056803743531	raw UMI counts (same sparse zero pattern as X verified globally)		
mregDC_like_uncontrolled_mean	Malignant	64538			raw UMI counts (same sparse zero pattern as X verified globally)	LAMP3	0.005516130031919179
mregDC_like_uncontrolled_mean	Malignant	64538			raw UMI counts (same sparse zero pattern as X verified globally)	FSCN1	0.04834361151569618
mregDC_like_uncontrolled_mean	Malignant	64538			raw UMI counts (same sparse zero pattern as X verified globally)	CCR7	0.002200254113855403
mregDC_like_uncontrolled_mean	Malignant	64538			raw UMI counts (same sparse zero pattern as X verified globally)	CCL19	0.000635284638507546
mregDC_like_uncontrolled_mean	Malignant	64538			raw UMI counts (same sparse zero pattern as X verified globally)	CD80	0.0009296848368403111
mregDC_like_uncontrolled_mean	Malignant	64538			raw UMI counts (same sparse zero pattern as X verified globally)	CD86	0.0013790325079797948
mregDC_like_uncontrolled_mean	Mast	281	1.0	0.9715302491103203	raw UMI counts (same sparse zero pattern as X verified globally)		
mregDC_like_uncontrolled_mean	Mast	281			raw UMI counts (same sparse zero pattern as X verified globally)	LAMP3	0.0
mregDC_like_uncontrolled_mean	Mast	281			raw UMI counts (same sparse zero pattern as X verified globally)	FSCN1	0.0035587188612099642
mregDC_like_uncontrolled_mean	Mast	281			raw UMI counts (same sparse zero pattern as X verified globally)	CCR7	0.0071174377224199285
mregDC_like_uncontrolled_mean	Mast	281			raw UMI counts (same sparse zero pattern as X verified globally)	CCL19	0.0035587188612099642
mregDC_like_uncontrolled_mean	Mast	281			raw UMI counts (same sparse zero pattern as X verified globally)	CD80	0.0071174377224199285
mregDC_like_uncontrolled_mean	Mast	281			raw UMI counts (same sparse zero pattern as X verified globally)	CD86	0.0071174377224199285
mregDC_like_uncontrolled_mean	Natural killer	927	1.0	0.9654800431499461	raw UMI counts (same sparse zero pattern as X verified globally)		
mregDC_like_uncontrolled_mean	Natural killer	927			raw UMI counts (same sparse zero pattern as X verified globally)	LAMP3	0.003236245954692557
mregDC_like_uncontrolled_mean	Natural killer	927			raw UMI counts (same sparse zero pattern as X verified globally)	FSCN1	0.0
mregDC_like_uncontrolled_mean	Natural killer	927			raw UMI counts (same sparse zero pattern as X verified globally)	CCR7	0.018338727076591153
mregDC_like_uncontrolled_mean	Natural killer	927			raw UMI counts (same sparse zero pattern as X verified globally)	CCL19	0.002157497303128371
mregDC_like_uncontrolled_mean	Natural killer	927			raw UMI counts (same sparse zero pattern as X verified globally)	CD80	0.005393743257820928
mregDC_like_uncontrolled_mean	Natural killer	927			raw UMI counts (same sparse zero pattern as X verified globally)	CD86	0.007551240560949299
mregDC_like_uncontrolled_mean	Neutrophil	98	1.0	0.9795918367346939	raw UMI counts (same sparse zero pattern as X verified globally)		
mregDC_like_uncontrolled_mean	Neutrophil	98			raw UMI counts (same sparse zero pattern as X verified globally)	LAMP3	0.0
mregDC_like_uncontrolled_mean	Neutrophil	98			raw UMI counts (same sparse zero pattern as X verified globally)	FSCN1	0.01020408163265306
mregDC_like_uncontrolled_mean	Neutrophil	98			raw UMI counts (same sparse zero pattern as X verified globally)	CCR7	0.0
mregDC_like_uncontrolled_mean	Neutrophil	98			raw UMI counts (same sparse zero pattern as X verified globally)	CCL19	0.0
mregDC_like_uncontrolled_mean	Neutrophil	98			raw UMI counts (same sparse zero pattern as X verified globally)	CD80	0.0
mregDC_like_uncontrolled_mean	Neutrophil	98			raw UMI counts (same sparse zero pattern as X verified globally)	CD86	0.02040816326530612
mregDC_like_uncontrolled_mean	Pericyte	11779	1.0	0.9549197724764411	raw UMI counts (same sparse zero pattern as X verified globally)		
mregDC_like_uncontrolled_mean	Pericyte	11779			raw UMI counts (same sparse zero pattern as X verified globally)	LAMP3	0.0018677307071907632
mregDC_like_uncontrolled_mean	Pericyte	11779			raw UMI counts (same sparse zero pattern as X verified globally)	FSCN1	0.024280499193479924
mregDC_like_uncontrolled_mean	Pericyte	11779			raw UMI counts (same sparse zero pattern as X verified globally)	CCR7	0.004329739366669497
mregDC_like_uncontrolled_mean	Pericyte	11779			raw UMI counts (same sparse zero pattern as X verified globally)	CCL19	0.010187622039222344
mregDC_like_uncontrolled_mean	Pericyte	11779			raw UMI counts (same sparse zero pattern as X verified globally)	CD80	0.0037354614143815263
mregDC_like_uncontrolled_mean	Pericyte	11779			raw UMI counts (same sparse zero pattern as X verified globally)	CD86	0.0029713897614398505
mregDC_like_uncontrolled_mean	Plasma	282	1.0	0.7659574468085106	raw UMI counts (same sparse zero pattern as X verified globally)		
mregDC_like_uncontrolled_mean	Plasma	282			raw UMI counts (same sparse zero pattern as X verified globally)	LAMP3	0.010638297872340425
mregDC_like_uncontrolled_mean	Plasma	282			raw UMI counts (same sparse zero pattern as X verified globally)	FSCN1	0.0035460992907801418
mregDC_like_uncontrolled_mean	Plasma	282			raw UMI counts (same sparse zero pattern as X verified globally)	CCR7	0.1099290780141844
mregDC_like_uncontrolled_mean	Plasma	282			raw UMI counts (same sparse zero pattern as X verified globally)	CCL19	0.01773049645390071
mregDC_like_uncontrolled_mean	Plasma	282			raw UMI counts (same sparse zero pattern as X verified globally)	CD80	0.02127659574468085
mregDC_like_uncontrolled_mean	Plasma	282			raw UMI counts (same sparse zero pattern as X verified globally)	CD86	0.09219858156028368
mregDC_like_uncontrolled_mean	Schwann	1824	1.0	0.9736842105263158	raw UMI counts (same sparse zero pattern as X verified globally)		
mregDC_like_uncontrolled_mean	Schwann	1824			raw UMI counts (same sparse zero pattern as X verified globally)	LAMP3	0.0021929824561403508
mregDC_like_uncontrolled_mean	Schwann	1824			raw UMI counts (same sparse zero pattern as X verified globally)	FSCN1	0.013706140350877192
mregDC_like_uncontrolled_mean	Schwann	1824			raw UMI counts (same sparse zero pattern as X verified globally)	CCR7	0.003837719298245614
mregDC_like_uncontrolled_mean	Schwann	1824			raw UMI counts (same sparse zero pattern as X verified globally)	CCL19	0.0027412280701754384
mregDC_like_uncontrolled_mean	Schwann	1824			raw UMI counts (same sparse zero pattern as X verified globally)	CD80	0.0005482456140350877
mregDC_like_uncontrolled_mean	Schwann	1824			raw UMI counts (same sparse zero pattern as X verified globally)	CD86	0.003837719298245614
mregDC_like_uncontrolled_mean	Treg	463	1.0	0.8898488120950324	raw UMI counts (same sparse zero pattern as X verified globally)		
mregDC_like_uncontrolled_mean	Treg	463			raw UMI counts (same sparse zero pattern as X verified globally)	LAMP3	0.0064794816414686825
mregDC_like_uncontrolled_mean	Treg	463			raw UMI counts (same sparse zero pattern as X verified globally)	FSCN1	0.0
mregDC_like_uncontrolled_mean	Treg	463			raw UMI counts (same sparse zero pattern as X verified globally)	CCR7	0.0734341252699784
mregDC_like_uncontrolled_mean	Treg	463			raw UMI counts (same sparse zero pattern as X verified globally)	CCL19	0.0021598272138228943
mregDC_like_uncontrolled_mean	Treg	463			raw UMI counts (same sparse zero pattern as X verified globally)	CD80	0.019438444924406047
mregDC_like_uncontrolled_mean	Treg	463			raw UMI counts (same sparse zero pattern as X verified globally)	CD86	0.008639308855291577
mregDC_like_uncontrolled_mean	Treg (activated)	266	1.0	0.8721804511278195	raw UMI counts (same sparse zero pattern as X verified globally)		
mregDC_like_uncontrolled_mean	Treg (activated)	266			raw UMI counts (same sparse zero pattern as X verified globally)	LAMP3	0.0
mregDC_like_uncontrolled_mean	Treg (activated)	266			raw UMI counts (same sparse zero pattern as X verified globally)	FSCN1	0.0
mregDC_like_uncontrolled_mean	Treg (activated)	266			raw UMI counts (same sparse zero pattern as X verified globally)	CCR7	0.09022556390977443
mregDC_like_uncontrolled_mean	Treg (activated)	266			raw UMI counts (same sparse zero pattern as X verified globally)	CCL19	0.0
mregDC_like_uncontrolled_mean	Treg (activated)	266			raw UMI counts (same sparse zero pattern as X verified globally)	CD80	0.03383458646616541
mregDC_like_uncontrolled_mean	Treg (activated)	266			raw UMI counts (same sparse zero pattern as X verified globally)	CD86	0.015037593984962405
mregDC_like_uncontrolled_mean	Treg (quiescent)	119	1.0	0.7563025210084033	raw UMI counts (same sparse zero pattern as X verified globally)		
mregDC_like_uncontrolled_mean	Treg (quiescent)	119			raw UMI counts (same sparse zero pattern as X verified globally)	LAMP3	0.0
mregDC_like_uncontrolled_mean	Treg (quiescent)	119			raw UMI counts (same sparse zero pattern as X verified globally)	FSCN1	0.0
mregDC_like_uncontrolled_mean	Treg (quiescent)	119			raw UMI counts (same sparse zero pattern as X verified globally)	CCR7	0.2184873949579832
mregDC_like_uncontrolled_mean	Treg (quiescent)	119			raw UMI counts (same sparse zero pattern as X verified globally)	CCL19	0.008403361344537815
mregDC_like_uncontrolled_mean	Treg (quiescent)	119			raw UMI counts (same sparse zero pattern as X verified globally)	CD80	0.0
mregDC_like_uncontrolled_mean	Treg (quiescent)	119			raw UMI counts (same sparse zero pattern as X verified globally)	CD86	0.025210084033613446
mregDC_like_uncontrolled_mean	Vascular	15530	1.0	0.9261429491307147	raw UMI counts (same sparse zero pattern as X verified globally)		
mregDC_like_uncontrolled_mean	Vascular	15530			raw UMI counts (same sparse zero pattern as X verified globally)	LAMP3	0.006825499034127496
mregDC_like_uncontrolled_mean	Vascular	15530			raw UMI counts (same sparse zero pattern as X verified globally)	FSCN1	0.062459755312298776
mregDC_like_uncontrolled_mean	Vascular	15530			raw UMI counts (same sparse zero pattern as X verified globally)	CCR7	0.002189311010946555
mregDC_like_uncontrolled_mean	Vascular	15530			raw UMI counts (same sparse zero pattern as X verified globally)	CCL19	0.0009658725048293626
mregDC_like_uncontrolled_mean	Vascular	15530			raw UMI counts (same sparse zero pattern as X verified globally)	CD80	0.0008370895041854475
mregDC_like_uncontrolled_mean	Vascular	15530			raw UMI counts (same sparse zero pattern as X verified globally)	CD86	0.00231809401159047
mregDC_like_uncontrolled_mean	Vascular smooth muscle	4711	1.0	0.9870515814052219	raw UMI counts (same sparse zero pattern as X verified globally)		
mregDC_like_uncontrolled_mean	Vascular smooth muscle	4711			raw UMI counts (same sparse zero pattern as X verified globally)	LAMP3	0.00021226915729144556
mregDC_like_uncontrolled_mean	Vascular smooth muscle	4711			raw UMI counts (same sparse zero pattern as X verified globally)	FSCN1	0.004669921460411802
mregDC_like_uncontrolled_mean	Vascular smooth muscle	4711			raw UMI counts (same sparse zero pattern as X verified globally)	CCR7	0.0014858841010401188
mregDC_like_uncontrolled_mean	Vascular smooth muscle	4711			raw UMI counts (same sparse zero pattern as X verified globally)	CCL19	0.0008490766291657822
mregDC_like_uncontrolled_mean	Vascular smooth muscle	4711			raw UMI counts (same sparse zero pattern as X verified globally)	CD80	0.0057312672468690295
mregDC_like_uncontrolled_mean	Vascular smooth muscle	4711			raw UMI counts (same sparse zero pattern as X verified globally)	CD86	0.00021226915729144556
mregDC_like_uncontrolled_mean	myCAF	10566	1.0	0.9429301533219762	raw UMI counts (same sparse zero pattern as X verified globally)		
mregDC_like_uncontrolled_mean	myCAF	10566			raw UMI counts (same sparse zero pattern as X verified globally)	LAMP3	0.0001892863903085368
mregDC_like_uncontrolled_mean	myCAF	10566			raw UMI counts (same sparse zero pattern as X verified globally)	FSCN1	0.05148589816392202
mregDC_like_uncontrolled_mean	myCAF	10566			raw UMI counts (same sparse zero pattern as X verified globally)	CCR7	0.0026500094643195156
mregDC_like_uncontrolled_mean	myCAF	10566			raw UMI counts (same sparse zero pattern as X verified globally)	CCL19	0.0001892863903085368
mregDC_like_uncontrolled_mean	myCAF	10566			raw UMI counts (same sparse zero pattern as X verified globally)	CD80	0.001135718341851221
mregDC_like_uncontrolled_mean	myCAF	10566			raw UMI counts (same sparse zero pattern as X verified globally)	CD86	0.0018928639030853683
Tfh_like_uncontrolled_mean	ADM	3233	1.0	0.7092483761212496	raw UMI counts (same sparse zero pattern as X verified globally)		
Tfh_like_uncontrolled_mean	ADM	3233			raw UMI counts (same sparse zero pattern as X verified globally)	CD3D	0.0003093102381688834
Tfh_like_uncontrolled_mean	ADM	3233			raw UMI counts (same sparse zero pattern as X verified globally)	CD3E	0.0006186204763377668
Tfh_like_uncontrolled_mean	ADM	3233			raw UMI counts (same sparse zero pattern as X verified globally)	CD4	0.003093102381688834
Tfh_like_uncontrolled_mean	ADM	3233			raw UMI counts (same sparse zero pattern as X verified globally)	CXCR5	0.0024744819053510673
Tfh_like_uncontrolled_mean	ADM	3233			raw UMI counts (same sparse zero pattern as X verified globally)	PDCD1	0.0
Tfh_like_uncontrolled_mean	ADM	3233			raw UMI counts (same sparse zero pattern as X verified globally)	ICOS	0.0003093102381688834
Tfh_like_uncontrolled_mean	ADM	3233			raw UMI counts (same sparse zero pattern as X verified globally)	BCL6	0.28023507578100837
Tfh_like_uncontrolled_mean	ADM	3233			raw UMI counts (same sparse zero pattern as X verified globally)	IL7R	0.005876894525208784
Tfh_like_uncontrolled_mean	ADM	3233			raw UMI counts (same sparse zero pattern as X verified globally)	CXCL13	0.005258274048871018
Tfh_like_uncontrolled_mean	Acinar	5171	1.0	0.7830206923225682	raw UMI counts (same sparse zero pattern as X verified globally)		
Tfh_like_uncontrolled_mean	Acinar	5171			raw UMI counts (same sparse zero pattern as X verified globally)	CD3D	0.00019338619222587506
Tfh_like_uncontrolled_mean	Acinar	5171			raw UMI counts (same sparse zero pattern as X verified globally)	CD3E	0.0005801585766776252
Tfh_like_uncontrolled_mean	Acinar	5171			raw UMI counts (same sparse zero pattern as X verified globally)	CD4	0.003094179075614001
Tfh_like_uncontrolled_mean	Acinar	5171			raw UMI counts (same sparse zero pattern as X verified globally)	CXCR5	0.0011603171533552505
Tfh_like_uncontrolled_mean	Acinar	5171			raw UMI counts (same sparse zero pattern as X verified globally)	PDCD1	0.0
Tfh_like_uncontrolled_mean	Acinar	5171			raw UMI counts (same sparse zero pattern as X verified globally)	ICOS	0.00019338619222587506
Tfh_like_uncontrolled_mean	Acinar	5171			raw UMI counts (same sparse zero pattern as X verified globally)	BCL6	0.21001740475730032
Tfh_like_uncontrolled_mean	Acinar	5171			raw UMI counts (same sparse zero pattern as X verified globally)	IL7R	0.0025140204989363758
Tfh_like_uncontrolled_mean	Acinar	5171			raw UMI counts (same sparse zero pattern as X verified globally)	CXCL13	0.0017404757300328757
Tfh_like_uncontrolled_mean	Acinar (REG+)	186	1.0	0.9408602150537635	raw UMI counts (same sparse zero pattern as X verified globally)		
Tfh_like_uncontrolled_mean	Acinar (REG+)	186			raw UMI counts (same sparse zero pattern as X verified globally)	CD3D	0.005376344086021506
Tfh_like_uncontrolled_mean	Acinar (REG+)	186			raw UMI counts (same sparse zero pattern as X verified globally)	CD3E	0.0
Tfh_like_uncontrolled_mean	Acinar (REG+)	186			raw UMI counts (same sparse zero pattern as X verified globally)	CD4	0.0
Tfh_like_uncontrolled_mean	Acinar (REG+)	186			raw UMI counts (same sparse zero pattern as X verified globally)	CXCR5	0.0
Tfh_like_uncontrolled_mean	Acinar (REG+)	186			raw UMI counts (same sparse zero pattern as X verified globally)	PDCD1	0.0
Tfh_like_uncontrolled_mean	Acinar (REG+)	186			raw UMI counts (same sparse zero pattern as X verified globally)	ICOS	0.0
Tfh_like_uncontrolled_mean	Acinar (REG+)	186			raw UMI counts (same sparse zero pattern as X verified globally)	BCL6	0.04838709677419355
Tfh_like_uncontrolled_mean	Acinar (REG+)	186			raw UMI counts (same sparse zero pattern as X verified globally)	IL7R	0.0
Tfh_like_uncontrolled_mean	Acinar (REG+)	186			raw UMI counts (same sparse zero pattern as X verified globally)	CXCL13	0.005376344086021506
Tfh_like_uncontrolled_mean	Adipocyte	531	1.0	0.4595103578154426	raw UMI counts (same sparse zero pattern as X verified globally)		
Tfh_like_uncontrolled_mean	Adipocyte	531			raw UMI counts (same sparse zero pattern as X verified globally)	CD3D	0.0018832391713747645
Tfh_like_uncontrolled_mean	Adipocyte	531			raw UMI counts (same sparse zero pattern as X verified globally)	CD3E	0.0
Tfh_like_uncontrolled_mean	Adipocyte	531			raw UMI counts (same sparse zero pattern as X verified globally)	CD4	0.013182674199623353
Tfh_like_uncontrolled_mean	Adipocyte	531			raw UMI counts (same sparse zero pattern as X verified globally)	CXCR5	0.015065913370998116
Tfh_like_uncontrolled_mean	Adipocyte	531			raw UMI counts (same sparse zero pattern as X verified globally)	PDCD1	0.003766478342749529
Tfh_like_uncontrolled_mean	Adipocyte	531			raw UMI counts (same sparse zero pattern as X verified globally)	ICOS	0.005649717514124294
Tfh_like_uncontrolled_mean	Adipocyte	531			raw UMI counts (same sparse zero pattern as X verified globally)	BCL6	0.4971751412429379
Tfh_like_uncontrolled_mean	Adipocyte	531			raw UMI counts (same sparse zero pattern as X verified globally)	IL7R	0.02448210922787194
Tfh_like_uncontrolled_mean	Adipocyte	531			raw UMI counts (same sparse zero pattern as X verified globally)	CXCL13	0.003766478342749529
Tfh_like_uncontrolled_mean	Alpha	2723	1.0	0.95813441057657	raw UMI counts (same sparse zero pattern as X verified globally)		
Tfh_like_uncontrolled_mean	Alpha	2723			raw UMI counts (same sparse zero pattern as X verified globally)	CD3D	0.0003672420124862284
Tfh_like_uncontrolled_mean	Alpha	2723			raw UMI counts (same sparse zero pattern as X verified globally)	CD3E	0.0014689680499449136
Tfh_like_uncontrolled_mean	Alpha	2723			raw UMI counts (same sparse zero pattern as X verified globally)	CD4	0.005141388174807198
Tfh_like_uncontrolled_mean	Alpha	2723			raw UMI counts (same sparse zero pattern as X verified globally)	CXCR5	0.0014689680499449136
Tfh_like_uncontrolled_mean	Alpha	2723			raw UMI counts (same sparse zero pattern as X verified globally)	PDCD1	0.0
Tfh_like_uncontrolled_mean	Alpha	2723			raw UMI counts (same sparse zero pattern as X verified globally)	ICOS	0.0011017260374586854
Tfh_like_uncontrolled_mean	Alpha	2723			raw UMI counts (same sparse zero pattern as X verified globally)	BCL6	0.029012118986412046
Tfh_like_uncontrolled_mean	Alpha	2723			raw UMI counts (same sparse zero pattern as X verified globally)	IL7R	0.001836210062431142
Tfh_like_uncontrolled_mean	Alpha	2723			raw UMI counts (same sparse zero pattern as X verified globally)	CXCL13	0.002570694087403599
Tfh_like_uncontrolled_mean	B	1573	1.0	0.6166560712015258	raw UMI counts (same sparse zero pattern as X verified globally)		
Tfh_like_uncontrolled_mean	B	1573			raw UMI counts (same sparse zero pattern as X verified globally)	CD3D	0.02225047679593134
Tfh_like_uncontrolled_mean	B	1573			raw UMI counts (same sparse zero pattern as X verified globally)	CD3E	0.04132231404958678
Tfh_like_uncontrolled_mean	B	1573			raw UMI counts (same sparse zero pattern as X verified globally)	CD4	0.07183725365543547
Tfh_like_uncontrolled_mean	B	1573			raw UMI counts (same sparse zero pattern as X verified globally)	CXCR5	0.09853782581055308
Tfh_like_uncontrolled_mean	B	1573			raw UMI counts (same sparse zero pattern as X verified globally)	PDCD1	0.0050858232676414495
Tfh_like_uncontrolled_mean	B	1573			raw UMI counts (same sparse zero pattern as X verified globally)	ICOS	0.040050858232676415
Tfh_like_uncontrolled_mean	B	1573			raw UMI counts (same sparse zero pattern as X verified globally)	BCL6	0.06357279084551812
Tfh_like_uncontrolled_mean	B	1573			raw UMI counts (same sparse zero pattern as X verified globally)	IL7R	0.20152574698029244
Tfh_like_uncontrolled_mean	B	1573			raw UMI counts (same sparse zero pattern as X verified globally)	CXCL13	0.024157660521296885
Tfh_like_uncontrolled_mean	Beta	3152	1.0	0.9476522842639594	raw UMI counts (same sparse zero pattern as X verified globally)		
Tfh_like_uncontrolled_mean	Beta	3152			raw UMI counts (same sparse zero pattern as X verified globally)	CD3D	0.0
Tfh_like_uncontrolled_mean	Beta	3152			raw UMI counts (same sparse zero pattern as X verified globally)	CD3E	0.0
Tfh_like_uncontrolled_mean	Beta	3152			raw UMI counts (same sparse zero pattern as X verified globally)	CD4	0.00983502538071066
Tfh_like_uncontrolled_mean	Beta	3152			raw UMI counts (same sparse zero pattern as X verified globally)	CXCR5	0.0009517766497461929
Tfh_like_uncontrolled_mean	Beta	3152			raw UMI counts (same sparse zero pattern as X verified globally)	PDCD1	0.0
Tfh_like_uncontrolled_mean	Beta	3152			raw UMI counts (same sparse zero pattern as X verified globally)	ICOS	0.00031725888324873094
Tfh_like_uncontrolled_mean	Beta	3152			raw UMI counts (same sparse zero pattern as X verified globally)	BCL6	0.0358502538071066
Tfh_like_uncontrolled_mean	Beta	3152			raw UMI counts (same sparse zero pattern as X verified globally)	IL7R	0.004441624365482234
Tfh_like_uncontrolled_mean	Beta	3152			raw UMI counts (same sparse zero pattern as X verified globally)	CXCL13	0.0034898477157360407
Tfh_like_uncontrolled_mean	CAF	44369	1.0	0.7771867745497982	raw UMI counts (same sparse zero pattern as X verified globally)		
Tfh_like_uncontrolled_mean	CAF	44369			raw UMI counts (same sparse zero pattern as X verified globally)	CD3D	0.0004282269151885325
Tfh_like_uncontrolled_mean	CAF	44369			raw UMI counts (same sparse zero pattern as X verified globally)	CD3E	0.0006085329847415989
Tfh_like_uncontrolled_mean	CAF	44369			raw UMI counts (same sparse zero pattern as X verified globally)	CD4	0.012486195316549844
Tfh_like_uncontrolled_mean	CAF	44369			raw UMI counts (same sparse zero pattern as X verified globally)	CXCR5	0.005161261240956523
Tfh_like_uncontrolled_mean	CAF	44369			raw UMI counts (same sparse zero pattern as X verified globally)	PDCD1	0.00020284432824719962
Tfh_like_uncontrolled_mean	CAF	44369			raw UMI counts (same sparse zero pattern as X verified globally)	ICOS	0.0003155356217178661
Tfh_like_uncontrolled_mean	CAF	44369			raw UMI counts (same sparse zero pattern as X verified globally)	BCL6	0.20295701954067027
Tfh_like_uncontrolled_mean	CAF	44369			raw UMI counts (same sparse zero pattern as X verified globally)	IL7R	0.003718812684531993
Tfh_like_uncontrolled_mean	CAF	44369			raw UMI counts (same sparse zero pattern as X verified globally)	CXCL13	0.004868263877932791
Tfh_like_uncontrolled_mean	CD4+ T	1839	1.0	0.17727025557368134	raw UMI counts (same sparse zero pattern as X verified globally)		
Tfh_like_uncontrolled_mean	CD4+ T	1839			raw UMI counts (same sparse zero pattern as X verified globally)	CD3D	0.08319738988580751
Tfh_like_uncontrolled_mean	CD4+ T	1839			raw UMI counts (same sparse zero pattern as X verified globally)	CD3E	0.11528004350190321
Tfh_like_uncontrolled_mean	CD4+ T	1839			raw UMI counts (same sparse zero pattern as X verified globally)	CD4	0.17998912452419794
Tfh_like_uncontrolled_mean	CD4+ T	1839			raw UMI counts (same sparse zero pattern as X verified globally)	CXCR5	0.022294725394236
Tfh_like_uncontrolled_mean	CD4+ T	1839			raw UMI counts (same sparse zero pattern as X verified globally)	PDCD1	0.013050570962479609
Tfh_like_uncontrolled_mean	CD4+ T	1839			raw UMI counts (same sparse zero pattern as X verified globally)	ICOS	0.12615551930396954
Tfh_like_uncontrolled_mean	CD4+ T	1839			raw UMI counts (same sparse zero pattern as X verified globally)	BCL6	0.017400761283306143
Tfh_like_uncontrolled_mean	CD4+ T	1839			raw UMI counts (same sparse zero pattern as X verified globally)	IL7R	0.7210440456769984
Tfh_like_uncontrolled_mean	CD4+ T	1839			raw UMI counts (same sparse zero pattern as X verified globally)	CXCL13	0.002175095160413268
Tfh_like_uncontrolled_mean	CD8+ T	2526	1.0	0.4255740300870942	raw UMI counts (same sparse zero pattern as X verified globally)		
Tfh_like_uncontrolled_mean	CD8+ T	2526			raw UMI counts (same sparse zero pattern as X verified globally)	CD3D	0.04829770387965162
Tfh_like_uncontrolled_mean	CD8+ T	2526			raw UMI counts (same sparse zero pattern as X verified globally)	CD3E	0.07957244655581948
Tfh_like_uncontrolled_mean	CD8+ T	2526			raw UMI counts (same sparse zero pattern as X verified globally)	CD4	0.04908946951702296
Tfh_like_uncontrolled_mean	CD8+ T	2526			raw UMI counts (same sparse zero pattern as X verified globally)	CXCR5	0.0035629453681710215
Tfh_like_uncontrolled_mean	CD8+ T	2526			raw UMI counts (same sparse zero pattern as X verified globally)	PDCD1	0.01741884402216944
Tfh_like_uncontrolled_mean	CD8+ T	2526			raw UMI counts (same sparse zero pattern as X verified globally)	ICOS	0.07205067300079177
Tfh_like_uncontrolled_mean	CD8+ T	2526			raw UMI counts (same sparse zero pattern as X verified globally)	BCL6	0.0395882818685669
Tfh_like_uncontrolled_mean	CD8+ T	2526			raw UMI counts (same sparse zero pattern as X verified globally)	IL7R	0.47980997624703087
Tfh_like_uncontrolled_mean	CD8+ T	2526			raw UMI counts (same sparse zero pattern as X verified globally)	CXCL13	0.001979414093428345
Tfh_like_uncontrolled_mean	CD8+ T (dysfunctional)	967	1.0	0.45398138572905894	raw UMI counts (same sparse zero pattern as X verified globally)		
Tfh_like_uncontrolled_mean	CD8+ T (dysfunctional)	967			raw UMI counts (same sparse zero pattern as X verified globally)	CD3D	0.04446742502585315
Tfh_like_uncontrolled_mean	CD8+ T (dysfunctional)	967			raw UMI counts (same sparse zero pattern as X verified globally)	CD3E	0.09100310237849017
Tfh_like_uncontrolled_mean	CD8+ T (dysfunctional)	967			raw UMI counts (same sparse zero pattern as X verified globally)	CD4	0.03516028955532575
Tfh_like_uncontrolled_mean	CD8+ T (dysfunctional)	967			raw UMI counts (same sparse zero pattern as X verified globally)	CXCR5	0.01344364012409514
Tfh_like_uncontrolled_mean	CD8+ T (dysfunctional)	967			raw UMI counts (same sparse zero pattern as X verified globally)	PDCD1	0.02688728024819028
Tfh_like_uncontrolled_mean	CD8+ T (dysfunctional)	967			raw UMI counts (same sparse zero pattern as X verified globally)	ICOS	0.0827300930713547
Tfh_like_uncontrolled_mean	CD8+ T (dysfunctional)	967			raw UMI counts (same sparse zero pattern as X verified globally)	BCL6	0.02998965873836608
Tfh_like_uncontrolled_mean	CD8+ T (dysfunctional)	967			raw UMI counts (same sparse zero pattern as X verified globally)	IL7R	0.41778697001034126
Tfh_like_uncontrolled_mean	CD8+ T (dysfunctional)	967			raw UMI counts (same sparse zero pattern as X verified globally)	CXCL13	0.0031023784901758012
Tfh_like_uncontrolled_mean	CD8+ T (progenitor dysfunctional)	142	1.0	0.14788732394366197	raw UMI counts (same sparse zero pattern as X verified globally)		
Tfh_like_uncontrolled_mean	CD8+ T (progenitor dysfunctional)	142			raw UMI counts (same sparse zero pattern as X verified globally)	CD3D	0.04225352112676056
Tfh_like_uncontrolled_mean	CD8+ T (progenitor dysfunctional)	142			raw UMI counts (same sparse zero pattern as X verified globally)	CD3E	0.11971830985915492
Tfh_like_uncontrolled_mean	CD8+ T (progenitor dysfunctional)	142			raw UMI counts (same sparse zero pattern as X verified globally)	CD4	0.07042253521126761
Tfh_like_uncontrolled_mean	CD8+ T (progenitor dysfunctional)	142			raw UMI counts (same sparse zero pattern as X verified globally)	CXCR5	0.014084507042253521
Tfh_like_uncontrolled_mean	CD8+ T (progenitor dysfunctional)	142			raw UMI counts (same sparse zero pattern as X verified globally)	PDCD1	0.02112676056338028
Tfh_like_uncontrolled_mean	CD8+ T (progenitor dysfunctional)	142			raw UMI counts (same sparse zero pattern as X verified globally)	ICOS	0.09859154929577464
Tfh_like_uncontrolled_mean	CD8+ T (progenitor dysfunctional)	142			raw UMI counts (same sparse zero pattern as X verified globally)	BCL6	0.056338028169014086
Tfh_like_uncontrolled_mean	CD8+ T (progenitor dysfunctional)	142			raw UMI counts (same sparse zero pattern as X verified globally)	IL7R	0.823943661971831
Tfh_like_uncontrolled_mean	CD8+ T (progenitor dysfunctional)	142			raw UMI counts (same sparse zero pattern as X verified globally)	CXCL13	0.0
Tfh_like_uncontrolled_mean	CD8+ T (terminally dysfunctional)	419	1.0	0.5011933174224343	raw UMI counts (same sparse zero pattern as X verified globally)		
Tfh_like_uncontrolled_mean	CD8+ T (terminally dysfunctional)	419			raw UMI counts (same sparse zero pattern as X verified globally)	CD3D	0.10023866348448687
Tfh_like_uncontrolled_mean	CD8+ T (terminally dysfunctional)	419			raw UMI counts (same sparse zero pattern as X verified globally)	CD3E	0.15274463007159905
Tfh_like_uncontrolled_mean	CD8+ T (terminally dysfunctional)	419			raw UMI counts (same sparse zero pattern as X verified globally)	CD4	0.03579952267303103
Tfh_like_uncontrolled_mean	CD8+ T (terminally dysfunctional)	419			raw UMI counts (same sparse zero pattern as X verified globally)	CXCR5	0.011933174224343675
Tfh_like_uncontrolled_mean	CD8+ T (terminally dysfunctional)	419			raw UMI counts (same sparse zero pattern as X verified globally)	PDCD1	0.045346062052505964
Tfh_like_uncontrolled_mean	CD8+ T (terminally dysfunctional)	419			raw UMI counts (same sparse zero pattern as X verified globally)	ICOS	0.14797136038186157
Tfh_like_uncontrolled_mean	CD8+ T (terminally dysfunctional)	419			raw UMI counts (same sparse zero pattern as X verified globally)	BCL6	0.031026252983293555
Tfh_like_uncontrolled_mean	CD8+ T (terminally dysfunctional)	419			raw UMI counts (same sparse zero pattern as X verified globally)	IL7R	0.19331742243436753
Tfh_like_uncontrolled_mean	CD8+ T (terminally dysfunctional)	419			raw UMI counts (same sparse zero pattern as X verified globally)	CXCL13	0.00477326968973747
Tfh_like_uncontrolled_mean	Delta	556	1.0	0.9190647482014388	raw UMI counts (same sparse zero pattern as X verified globally)		
Tfh_like_uncontrolled_mean	Delta	556			raw UMI counts (same sparse zero pattern as X verified globally)	CD3D	0.0
Tfh_like_uncontrolled_mean	Delta	556			raw UMI counts (same sparse zero pattern as X verified globally)	CD3E	0.0017985611510791368
Tfh_like_uncontrolled_mean	Delta	556			raw UMI counts (same sparse zero pattern as X verified globally)	CD4	0.0035971223021582736
Tfh_like_uncontrolled_mean	Delta	556			raw UMI counts (same sparse zero pattern as X verified globally)	CXCR5	0.0017985611510791368
Tfh_like_uncontrolled_mean	Delta	556			raw UMI counts (same sparse zero pattern as X verified globally)	PDCD1	0.0
Tfh_like_uncontrolled_mean	Delta	556			raw UMI counts (same sparse zero pattern as X verified globally)	ICOS	0.0
Tfh_like_uncontrolled_mean	Delta	556			raw UMI counts (same sparse zero pattern as X verified globally)	BCL6	0.0683453237410072
Tfh_like_uncontrolled_mean	Delta	556			raw UMI counts (same sparse zero pattern as X verified globally)	IL7R	0.0017985611510791368
Tfh_like_uncontrolled_mean	Delta	556			raw UMI counts (same sparse zero pattern as X verified globally)	CXCL13	0.00539568345323741
Tfh_like_uncontrolled_mean	Dendritic (activated)	91	1.0	0.16483516483516483	raw UMI counts (same sparse zero pattern as X verified globally)		
Tfh_like_uncontrolled_mean	Dendritic (activated)	91			raw UMI counts (same sparse zero pattern as X verified globally)	CD3D	0.01098901098901099
Tfh_like_uncontrolled_mean	Dendritic (activated)	91			raw UMI counts (same sparse zero pattern as X verified globally)	CD3E	0.01098901098901099
Tfh_like_uncontrolled_mean	Dendritic (activated)	91			raw UMI counts (same sparse zero pattern as X verified globally)	CD4	0.15384615384615385
Tfh_like_uncontrolled_mean	Dendritic (activated)	91			raw UMI counts (same sparse zero pattern as X verified globally)	CXCR5	0.0
Tfh_like_uncontrolled_mean	Dendritic (activated)	91			raw UMI counts (same sparse zero pattern as X verified globally)	PDCD1	0.0
Tfh_like_uncontrolled_mean	Dendritic (activated)	91			raw UMI counts (same sparse zero pattern as X verified globally)	ICOS	0.02197802197802198
Tfh_like_uncontrolled_mean	Dendritic (activated)	91			raw UMI counts (same sparse zero pattern as X verified globally)	BCL6	0.37362637362637363
Tfh_like_uncontrolled_mean	Dendritic (activated)	91			raw UMI counts (same sparse zero pattern as X verified globally)	IL7R	0.6263736263736264
Tfh_like_uncontrolled_mean	Dendritic (activated)	91			raw UMI counts (same sparse zero pattern as X verified globally)	CXCL13	0.07692307692307693
Tfh_like_uncontrolled_mean	Dendritic (conventional type 1)	181	1.0	0.17679558011049723	raw UMI counts (same sparse zero pattern as X verified globally)		
Tfh_like_uncontrolled_mean	Dendritic (conventional type 1)	181			raw UMI counts (same sparse zero pattern as X verified globally)	CD3D	0.0
Tfh_like_uncontrolled_mean	Dendritic (conventional type 1)	181			raw UMI counts (same sparse zero pattern as X verified globally)	CD3E	0.0
Tfh_like_uncontrolled_mean	Dendritic (conventional type 1)	181			raw UMI counts (same sparse zero pattern as X verified globally)	CD4	0.23756906077348067
Tfh_like_uncontrolled_mean	Dendritic (conventional type 1)	181			raw UMI counts (same sparse zero pattern as X verified globally)	CXCR5	0.0055248618784530384
Tfh_like_uncontrolled_mean	Dendritic (conventional type 1)	181			raw UMI counts (same sparse zero pattern as X verified globally)	PDCD1	0.011049723756906077
Tfh_like_uncontrolled_mean	Dendritic (conventional type 1)	181			raw UMI counts (same sparse zero pattern as X verified globally)	ICOS	0.016574585635359115
Tfh_like_uncontrolled_mean	Dendritic (conventional type 1)	181			raw UMI counts (same sparse zero pattern as X verified globally)	BCL6	0.7900552486187845
Tfh_like_uncontrolled_mean	Dendritic (conventional type 1)	181			raw UMI counts (same sparse zero pattern as X verified globally)	IL7R	0.06629834254143646
Tfh_like_uncontrolled_mean	Dendritic (conventional type 1)	181			raw UMI counts (same sparse zero pattern as X verified globally)	CXCL13	0.0055248618784530384
Tfh_like_uncontrolled_mean	Dendritic (conventional type 2)	1008	1.0	0.5208333333333334	raw UMI counts (same sparse zero pattern as X verified globally)		
Tfh_like_uncontrolled_mean	Dendritic (conventional type 2)	1008			raw UMI counts (same sparse zero pattern as X verified globally)	CD3D	0.000992063492063492
Tfh_like_uncontrolled_mean	Dendritic (conventional type 2)	1008			raw UMI counts (same sparse zero pattern as X verified globally)	CD3E	0.005952380952380952
Tfh_like_uncontrolled_mean	Dendritic (conventional type 2)	1008			raw UMI counts (same sparse zero pattern as X verified globally)	CD4	0.20932539682539683
Tfh_like_uncontrolled_mean	Dendritic (conventional type 2)	1008			raw UMI counts (same sparse zero pattern as X verified globally)	CXCR5	0.002976190476190476
Tfh_like_uncontrolled_mean	Dendritic (conventional type 2)	1008			raw UMI counts (same sparse zero pattern as X verified globally)	PDCD1	0.003968253968253968
Tfh_like_uncontrolled_mean	Dendritic (conventional type 2)	1008			raw UMI counts (same sparse zero pattern as X verified globally)	ICOS	0.005952380952380952
Tfh_like_uncontrolled_mean	Dendritic (conventional type 2)	1008			raw UMI counts (same sparse zero pattern as X verified globally)	BCL6	0.2906746031746032
Tfh_like_uncontrolled_mean	Dendritic (conventional type 2)	1008			raw UMI counts (same sparse zero pattern as X verified globally)	IL7R	0.09226190476190477
Tfh_like_uncontrolled_mean	Dendritic (conventional type 2)	1008			raw UMI counts (same sparse zero pattern as X verified globally)	CXCL13	0.01488095238095238
Tfh_like_uncontrolled_mean	Dendritic (plasmacytoid)	139	1.0	0.34532374100719426	raw UMI counts (same sparse zero pattern as X verified globally)		
Tfh_like_uncontrolled_mean	Dendritic (plasmacytoid)	139			raw UMI counts (same sparse zero pattern as X verified globally)	CD3D	0.02877697841726619
Tfh_like_uncontrolled_mean	Dendritic (plasmacytoid)	139			raw UMI counts (same sparse zero pattern as X verified globally)	CD3E	0.02158273381294964
Tfh_like_uncontrolled_mean	Dendritic (plasmacytoid)	139			raw UMI counts (same sparse zero pattern as X verified globally)	CD4	0.38848920863309355
Tfh_like_uncontrolled_mean	Dendritic (plasmacytoid)	139			raw UMI counts (same sparse zero pattern as X verified globally)	CXCR5	0.050359712230215826
Tfh_like_uncontrolled_mean	Dendritic (plasmacytoid)	139			raw UMI counts (same sparse zero pattern as X verified globally)	PDCD1	0.007194244604316547
Tfh_like_uncontrolled_mean	Dendritic (plasmacytoid)	139			raw UMI counts (same sparse zero pattern as X verified globally)	ICOS	0.007194244604316547
Tfh_like_uncontrolled_mean	Dendritic (plasmacytoid)	139			raw UMI counts (same sparse zero pattern as X verified globally)	BCL6	0.1079136690647482
Tfh_like_uncontrolled_mean	Dendritic (plasmacytoid)	139			raw UMI counts (same sparse zero pattern as X verified globally)	IL7R	0.12949640287769784
Tfh_like_uncontrolled_mean	Dendritic (plasmacytoid)	139			raw UMI counts (same sparse zero pattern as X verified globally)	CXCL13	0.03597122302158273
Tfh_like_uncontrolled_mean	Ductal	24627	1.0	0.820156738539002	raw UMI counts (same sparse zero pattern as X verified globally)		
Tfh_like_uncontrolled_mean	Ductal	24627			raw UMI counts (same sparse zero pattern as X verified globally)	CD3D	4.060583911966541e-05
Tfh_like_uncontrolled_mean	Ductal	24627			raw UMI counts (same sparse zero pattern as X verified globally)	CD3E	0.00020302919559832703
Tfh_like_uncontrolled_mean	Ductal	24627			raw UMI counts (same sparse zero pattern as X verified globally)	CD4	0.0021521094733422666
Tfh_like_uncontrolled_mean	Ductal	24627			raw UMI counts (same sparse zero pattern as X verified globally)	CXCR5	0.003492102164291225
Tfh_like_uncontrolled_mean	Ductal	24627			raw UMI counts (same sparse zero pattern as X verified globally)	PDCD1	0.00020302919559832703
Tfh_like_uncontrolled_mean	Ductal	24627			raw UMI counts (same sparse zero pattern as X verified globally)	ICOS	0.00028424087383765783
Tfh_like_uncontrolled_mean	Ductal	24627			raw UMI counts (same sparse zero pattern as X verified globally)	BCL6	0.17131603524586836
Tfh_like_uncontrolled_mean	Ductal	24627			raw UMI counts (same sparse zero pattern as X verified globally)	IL7R	0.000893328460632639
Tfh_like_uncontrolled_mean	Ductal	24627			raw UMI counts (same sparse zero pattern as X verified globally)	CXCL13	0.004060583911966541
Tfh_like_uncontrolled_mean	Ductal (atypical)	4991	1.0	0.6565818473251853	raw UMI counts (same sparse zero pattern as X verified globally)		
Tfh_like_uncontrolled_mean	Ductal (atypical)	4991			raw UMI counts (same sparse zero pattern as X verified globally)	CD3D	0.0002003606491685033
Tfh_like_uncontrolled_mean	Ductal (atypical)	4991			raw UMI counts (same sparse zero pattern as X verified globally)	CD3E	0.0002003606491685033
Tfh_like_uncontrolled_mean	Ductal (atypical)	4991			raw UMI counts (same sparse zero pattern as X verified globally)	CD4	0.0018032458425165298
Tfh_like_uncontrolled_mean	Ductal (atypical)	4991			raw UMI counts (same sparse zero pattern as X verified globally)	CXCR5	0.005009016229212583
Tfh_like_uncontrolled_mean	Ductal (atypical)	4991			raw UMI counts (same sparse zero pattern as X verified globally)	PDCD1	0.0002003606491685033
Tfh_like_uncontrolled_mean	Ductal (atypical)	4991			raw UMI counts (same sparse zero pattern as X verified globally)	ICOS	0.0
Tfh_like_uncontrolled_mean	Ductal (atypical)	4991			raw UMI counts (same sparse zero pattern as X verified globally)	BCL6	0.33540372670807456
Tfh_like_uncontrolled_mean	Ductal (atypical)	4991			raw UMI counts (same sparse zero pattern as X verified globally)	IL7R	0.001402524544179523
Tfh_like_uncontrolled_mean	Ductal (atypical)	4991			raw UMI counts (same sparse zero pattern as X verified globally)	CXCL13	0.004808655580044079
Tfh_like_uncontrolled_mean	Epsilon	46	1.0	0.8695652173913043	raw UMI counts (same sparse zero pattern as X verified globally)		
Tfh_like_uncontrolled_mean	Epsilon	46			raw UMI counts (same sparse zero pattern as X verified globally)	CD3D	0.0
Tfh_like_uncontrolled_mean	Epsilon	46			raw UMI counts (same sparse zero pattern as X verified globally)	CD3E	0.0
Tfh_like_uncontrolled_mean	Epsilon	46			raw UMI counts (same sparse zero pattern as X verified globally)	CD4	0.043478260869565216
Tfh_like_uncontrolled_mean	Epsilon	46			raw UMI counts (same sparse zero pattern as X verified globally)	CXCR5	0.0
Tfh_like_uncontrolled_mean	Epsilon	46			raw UMI counts (same sparse zero pattern as X verified globally)	PDCD1	0.0
Tfh_like_uncontrolled_mean	Epsilon	46			raw UMI counts (same sparse zero pattern as X verified globally)	ICOS	0.0
Tfh_like_uncontrolled_mean	Epsilon	46			raw UMI counts (same sparse zero pattern as X verified globally)	BCL6	0.06521739130434782
Tfh_like_uncontrolled_mean	Epsilon	46			raw UMI counts (same sparse zero pattern as X verified globally)	IL7R	0.021739130434782608
Tfh_like_uncontrolled_mean	Epsilon	46			raw UMI counts (same sparse zero pattern as X verified globally)	CXCL13	0.0
Tfh_like_uncontrolled_mean	Gamma	1716	1.0	0.9382284382284383	raw UMI counts (same sparse zero pattern as X verified globally)		
Tfh_like_uncontrolled_mean	Gamma	1716			raw UMI counts (same sparse zero pattern as X verified globally)	CD3D	0.0011655011655011655
Tfh_like_uncontrolled_mean	Gamma	1716			raw UMI counts (same sparse zero pattern as X verified globally)	CD3E	0.0
Tfh_like_uncontrolled_mean	Gamma	1716			raw UMI counts (same sparse zero pattern as X verified globally)	CD4	0.004079254079254079
Tfh_like_uncontrolled_mean	Gamma	1716			raw UMI counts (same sparse zero pattern as X verified globally)	CXCR5	0.0017482517482517483
Tfh_like_uncontrolled_mean	Gamma	1716			raw UMI counts (same sparse zero pattern as X verified globally)	PDCD1	0.0
Tfh_like_uncontrolled_mean	Gamma	1716			raw UMI counts (same sparse zero pattern as X verified globally)	ICOS	0.002331002331002331
Tfh_like_uncontrolled_mean	Gamma	1716			raw UMI counts (same sparse zero pattern as X verified globally)	BCL6	0.04603729603729604
Tfh_like_uncontrolled_mean	Gamma	1716			raw UMI counts (same sparse zero pattern as X verified globally)	IL7R	0.006993006993006993
Tfh_like_uncontrolled_mean	Gamma	1716			raw UMI counts (same sparse zero pattern as X verified globally)	CXCL13	0.0017482517482517483
Tfh_like_uncontrolled_mean	Hormone-negative neuroendocrine	1608	1.0	0.9390547263681592	raw UMI counts (same sparse zero pattern as X verified globally)		
Tfh_like_uncontrolled_mean	Hormone-negative neuroendocrine	1608			raw UMI counts (same sparse zero pattern as X verified globally)	CD3D	0.0
Tfh_like_uncontrolled_mean	Hormone-negative neuroendocrine	1608			raw UMI counts (same sparse zero pattern as X verified globally)	CD3E	0.0
Tfh_like_uncontrolled_mean	Hormone-negative neuroendocrine	1608			raw UMI counts (same sparse zero pattern as X verified globally)	CD4	0.009328358208955223
Tfh_like_uncontrolled_mean	Hormone-negative neuroendocrine	1608			raw UMI counts (same sparse zero pattern as X verified globally)	CXCR5	0.0018656716417910447
Tfh_like_uncontrolled_mean	Hormone-negative neuroendocrine	1608			raw UMI counts (same sparse zero pattern as X verified globally)	PDCD1	0.0
Tfh_like_uncontrolled_mean	Hormone-negative neuroendocrine	1608			raw UMI counts (same sparse zero pattern as X verified globally)	ICOS	0.0
Tfh_like_uncontrolled_mean	Hormone-negative neuroendocrine	1608			raw UMI counts (same sparse zero pattern as X verified globally)	BCL6	0.04415422885572139
Tfh_like_uncontrolled_mean	Hormone-negative neuroendocrine	1608			raw UMI counts (same sparse zero pattern as X verified globally)	IL7R	0.0006218905472636816
Tfh_like_uncontrolled_mean	Hormone-negative neuroendocrine	1608			raw UMI counts (same sparse zero pattern as X verified globally)	CXCL13	0.005597014925373134
Tfh_like_uncontrolled_mean	Intra-pancreatic neurons	25	1.0	0.52	raw UMI counts (same sparse zero pattern as X verified globally)		
Tfh_like_uncontrolled_mean	Intra-pancreatic neurons	25			raw UMI counts (same sparse zero pattern as X verified globally)	CD3D	0.0
Tfh_like_uncontrolled_mean	Intra-pancreatic neurons	25			raw UMI counts (same sparse zero pattern as X verified globally)	CD3E	0.0
Tfh_like_uncontrolled_mean	Intra-pancreatic neurons	25			raw UMI counts (same sparse zero pattern as X verified globally)	CD4	0.0
Tfh_like_uncontrolled_mean	Intra-pancreatic neurons	25			raw UMI counts (same sparse zero pattern as X verified globally)	CXCR5	0.0
Tfh_like_uncontrolled_mean	Intra-pancreatic neurons	25			raw UMI counts (same sparse zero pattern as X verified globally)	PDCD1	0.0
Tfh_like_uncontrolled_mean	Intra-pancreatic neurons	25			raw UMI counts (same sparse zero pattern as X verified globally)	ICOS	0.0
Tfh_like_uncontrolled_mean	Intra-pancreatic neurons	25			raw UMI counts (same sparse zero pattern as X verified globally)	BCL6	0.48
Tfh_like_uncontrolled_mean	Intra-pancreatic neurons	25			raw UMI counts (same sparse zero pattern as X verified globally)	IL7R	0.0
Tfh_like_uncontrolled_mean	Intra-pancreatic neurons	25			raw UMI counts (same sparse zero pattern as X verified globally)	CXCL13	0.04
Tfh_like_uncontrolled_mean	Lymphatic	1645	1.0	0.894224924012158	raw UMI counts (same sparse zero pattern as X verified globally)		
Tfh_like_uncontrolled_mean	Lymphatic	1645			raw UMI counts (same sparse zero pattern as X verified globally)	CD3D	0.0006079027355623101
Tfh_like_uncontrolled_mean	Lymphatic	1645			raw UMI counts (same sparse zero pattern as X verified globally)	CD3E	0.0024316109422492403
Tfh_like_uncontrolled_mean	Lymphatic	1645			raw UMI counts (same sparse zero pattern as X verified globally)	CD4	0.01702127659574468
Tfh_like_uncontrolled_mean	Lymphatic	1645			raw UMI counts (same sparse zero pattern as X verified globally)	CXCR5	0.0024316109422492403
Tfh_like_uncontrolled_mean	Lymphatic	1645			raw UMI counts (same sparse zero pattern as X verified globally)	PDCD1	0.0012158054711246201
Tfh_like_uncontrolled_mean	Lymphatic	1645			raw UMI counts (same sparse zero pattern as X verified globally)	ICOS	0.0012158054711246201
Tfh_like_uncontrolled_mean	Lymphatic	1645			raw UMI counts (same sparse zero pattern as X verified globally)	BCL6	0.056534954407294835
Tfh_like_uncontrolled_mean	Lymphatic	1645			raw UMI counts (same sparse zero pattern as X verified globally)	IL7R	0.02796352583586626
Tfh_like_uncontrolled_mean	Lymphatic	1645			raw UMI counts (same sparse zero pattern as X verified globally)	CXCL13	0.007902735562310031
Tfh_like_uncontrolled_mean	Macrophage	10140	1.0	0.7250493096646943	raw UMI counts (same sparse zero pattern as X verified globally)		
Tfh_like_uncontrolled_mean	Macrophage	10140			raw UMI counts (same sparse zero pattern as X verified globally)	CD3D	0.0007889546351084812
Tfh_like_uncontrolled_mean	Macrophage	10140			raw UMI counts (same sparse zero pattern as X verified globally)	CD3E	0.0013806706114398422
Tfh_like_uncontrolled_mean	Macrophage	10140			raw UMI counts (same sparse zero pattern as X verified globally)	CD4	0.14299802761341224
Tfh_like_uncontrolled_mean	Macrophage	10140			raw UMI counts (same sparse zero pattern as X verified globally)	CXCR5	0.0019723865877712033
Tfh_like_uncontrolled_mean	Macrophage	10140			raw UMI counts (same sparse zero pattern as X verified globally)	PDCD1	0.0034516765285996054
Tfh_like_uncontrolled_mean	Macrophage	10140			raw UMI counts (same sparse zero pattern as X verified globally)	ICOS	0.002564102564102564
Tfh_like_uncontrolled_mean	Macrophage	10140			raw UMI counts (same sparse zero pattern as X verified globally)	BCL6	0.11893491124260355
Tfh_like_uncontrolled_mean	Macrophage	10140			raw UMI counts (same sparse zero pattern as X verified globally)	IL7R	0.04181459566074951
Tfh_like_uncontrolled_mean	Macrophage	10140			raw UMI counts (same sparse zero pattern as X verified globally)	CXCL13	0.0039447731755424065
Tfh_like_uncontrolled_mean	Malignant	64538	1.0	0.8218259010195543	raw UMI counts (same sparse zero pattern as X verified globally)		
Tfh_like_uncontrolled_mean	Malignant	64538			raw UMI counts (same sparse zero pattern as X verified globally)	CD3D	0.00021692646192940593
Tfh_like_uncontrolled_mean	Malignant	64538			raw UMI counts (same sparse zero pattern as X verified globally)	CD3E	0.00037187393473612444
Tfh_like_uncontrolled_mean	Malignant	64538			raw UMI counts (same sparse zero pattern as X verified globally)	CD4	0.003393349654467136
Tfh_like_uncontrolled_mean	Malignant	64538			raw UMI counts (same sparse zero pattern as X verified globally)	CXCR5	0.006244383154110756
Tfh_like_uncontrolled_mean	Malignant	64538			raw UMI counts (same sparse zero pattern as X verified globally)	PDCD1	0.00021692646192940593
Tfh_like_uncontrolled_mean	Malignant	64538			raw UMI counts (same sparse zero pattern as X verified globally)	ICOS	0.00030989494561343707
Tfh_like_uncontrolled_mean	Malignant	64538			raw UMI counts (same sparse zero pattern as X verified globally)	BCL6	0.16456971086801575
Tfh_like_uncontrolled_mean	Malignant	64538			raw UMI counts (same sparse zero pattern as X verified globally)	IL7R	0.0026341070377142147
Tfh_like_uncontrolled_mean	Malignant	64538			raw UMI counts (same sparse zero pattern as X verified globally)	CXCL13	0.0033623601599057917
Tfh_like_uncontrolled_mean	Mast	281	1.0	0.8576512455516014	raw UMI counts (same sparse zero pattern as X verified globally)		
Tfh_like_uncontrolled_mean	Mast	281			raw UMI counts (same sparse zero pattern as X verified globally)	CD3D	0.0071174377224199285
Tfh_like_uncontrolled_mean	Mast	281			raw UMI counts (same sparse zero pattern as X verified globally)	CD3E	0.014234875444839857
Tfh_like_uncontrolled_mean	Mast	281			raw UMI counts (same sparse zero pattern as X verified globally)	CD4	0.02491103202846975
Tfh_like_uncontrolled_mean	Mast	281			raw UMI counts (same sparse zero pattern as X verified globally)	CXCR5	0.010676156583629894
Tfh_like_uncontrolled_mean	Mast	281			raw UMI counts (same sparse zero pattern as X verified globally)	PDCD1	0.0035587188612099642
Tfh_like_uncontrolled_mean	Mast	281			raw UMI counts (same sparse zero pattern as X verified globally)	ICOS	0.0071174377224199285
Tfh_like_uncontrolled_mean	Mast	281			raw UMI counts (same sparse zero pattern as X verified globally)	BCL6	0.028469750889679714
Tfh_like_uncontrolled_mean	Mast	281			raw UMI counts (same sparse zero pattern as X verified globally)	IL7R	0.06761565836298933
Tfh_like_uncontrolled_mean	Mast	281			raw UMI counts (same sparse zero pattern as X verified globally)	CXCL13	0.0035587188612099642
Tfh_like_uncontrolled_mean	Natural killer	927	1.0	0.6116504854368932	raw UMI counts (same sparse zero pattern as X verified globally)		
Tfh_like_uncontrolled_mean	Natural killer	927			raw UMI counts (same sparse zero pattern as X verified globally)	CD3D	0.037756202804746494
Tfh_like_uncontrolled_mean	Natural killer	927			raw UMI counts (same sparse zero pattern as X verified globally)	CD3E	0.10248112189859762
Tfh_like_uncontrolled_mean	Natural killer	927			raw UMI counts (same sparse zero pattern as X verified globally)	CD4	0.025889967637540454
Tfh_like_uncontrolled_mean	Natural killer	927			raw UMI counts (same sparse zero pattern as X verified globally)	CXCR5	0.003236245954692557
Tfh_like_uncontrolled_mean	Natural killer	927			raw UMI counts (same sparse zero pattern as X verified globally)	PDCD1	0.042071197411003236
Tfh_like_uncontrolled_mean	Natural killer	927			raw UMI counts (same sparse zero pattern as X verified globally)	ICOS	0.09277238403451996
Tfh_like_uncontrolled_mean	Natural killer	927			raw UMI counts (same sparse zero pattern as X verified globally)	BCL6	0.036677454153182305
Tfh_like_uncontrolled_mean	Natural killer	927			raw UMI counts (same sparse zero pattern as X verified globally)	IL7R	0.12405609492988134
Tfh_like_uncontrolled_mean	Natural killer	927			raw UMI counts (same sparse zero pattern as X verified globally)	CXCL13	0.036677454153182305
Tfh_like_uncontrolled_mean	Neutrophil	98	1.0	0.6224489795918368	raw UMI counts (same sparse zero pattern as X verified globally)		
Tfh_like_uncontrolled_mean	Neutrophil	98			raw UMI counts (same sparse zero pattern as X verified globally)	CD3D	0.0
Tfh_like_uncontrolled_mean	Neutrophil	98			raw UMI counts (same sparse zero pattern as X verified globally)	CD3E	0.01020408163265306
Tfh_like_uncontrolled_mean	Neutrophil	98			raw UMI counts (same sparse zero pattern as X verified globally)	CD4	0.0
Tfh_like_uncontrolled_mean	Neutrophil	98			raw UMI counts (same sparse zero pattern as X verified globally)	CXCR5	0.0
Tfh_like_uncontrolled_mean	Neutrophil	98			raw UMI counts (same sparse zero pattern as X verified globally)	PDCD1	0.0
Tfh_like_uncontrolled_mean	Neutrophil	98			raw UMI counts (same sparse zero pattern as X verified globally)	ICOS	0.01020408163265306
Tfh_like_uncontrolled_mean	Neutrophil	98			raw UMI counts (same sparse zero pattern as X verified globally)	BCL6	0.3673469387755102
Tfh_like_uncontrolled_mean	Neutrophil	98			raw UMI counts (same sparse zero pattern as X verified globally)	IL7R	0.030612244897959183
Tfh_like_uncontrolled_mean	Neutrophil	98			raw UMI counts (same sparse zero pattern as X verified globally)	CXCL13	0.0
Tfh_like_uncontrolled_mean	Pericyte	11779	1.0	0.5631208082180151	raw UMI counts (same sparse zero pattern as X verified globally)		
Tfh_like_uncontrolled_mean	Pericyte	11779			raw UMI counts (same sparse zero pattern as X verified globally)	CD3D	0.0007640716529416758
Tfh_like_uncontrolled_mean	Pericyte	11779			raw UMI counts (same sparse zero pattern as X verified globally)	CD3E	0.0016130401562102045
Tfh_like_uncontrolled_mean	Pericyte	11779			raw UMI counts (same sparse zero pattern as X verified globally)	CD4	0.0295441039137448
Tfh_like_uncontrolled_mean	Pericyte	11779			raw UMI counts (same sparse zero pattern as X verified globally)	CXCR5	0.010781899991510314
Tfh_like_uncontrolled_mean	Pericyte	11779			raw UMI counts (same sparse zero pattern as X verified globally)	PDCD1	0.0005093811019611172
Tfh_like_uncontrolled_mean	Pericyte	11779			raw UMI counts (same sparse zero pattern as X verified globally)	ICOS	0.001273452754902793
Tfh_like_uncontrolled_mean	Pericyte	11779			raw UMI counts (same sparse zero pattern as X verified globally)	BCL6	0.4061465319636641
Tfh_like_uncontrolled_mean	Pericyte	11779			raw UMI counts (same sparse zero pattern as X verified globally)	IL7R	0.011885559045759402
Tfh_like_uncontrolled_mean	Pericyte	11779			raw UMI counts (same sparse zero pattern as X verified globally)	CXCL13	0.003905255115035232
Tfh_like_uncontrolled_mean	Plasma	282	1.0	0.5	raw UMI counts (same sparse zero pattern as X verified globally)		
Tfh_like_uncontrolled_mean	Plasma	282			raw UMI counts (same sparse zero pattern as X verified globally)	CD3D	0.02127659574468085
Tfh_like_uncontrolled_mean	Plasma	282			raw UMI counts (same sparse zero pattern as X verified globally)	CD3E	0.09219858156028368
Tfh_like_uncontrolled_mean	Plasma	282			raw UMI counts (same sparse zero pattern as X verified globally)	CD4	0.1099290780141844
Tfh_like_uncontrolled_mean	Plasma	282			raw UMI counts (same sparse zero pattern as X verified globally)	CXCR5	0.03546099290780142
Tfh_like_uncontrolled_mean	Plasma	282			raw UMI counts (same sparse zero pattern as X verified globally)	PDCD1	0.02127659574468085
Tfh_like_uncontrolled_mean	Plasma	282			raw UMI counts (same sparse zero pattern as X verified globally)	ICOS	0.07446808510638298
Tfh_like_uncontrolled_mean	Plasma	282			raw UMI counts (same sparse zero pattern as X verified globally)	BCL6	0.0851063829787234
Tfh_like_uncontrolled_mean	Plasma	282			raw UMI counts (same sparse zero pattern as X verified globally)	IL7R	0.32269503546099293
Tfh_like_uncontrolled_mean	Plasma	282			raw UMI counts (same sparse zero pattern as X verified globally)	CXCL13	0.010638297872340425
Tfh_like_uncontrolled_mean	Schwann	1824	1.0	0.7675438596491229	raw UMI counts (same sparse zero pattern as X verified globally)		
Tfh_like_uncontrolled_mean	Schwann	1824			raw UMI counts (same sparse zero pattern as X verified globally)	CD3D	0.001644736842105263
Tfh_like_uncontrolled_mean	Schwann	1824			raw UMI counts (same sparse zero pattern as X verified globally)	CD3E	0.003289473684210526
Tfh_like_uncontrolled_mean	Schwann	1824			raw UMI counts (same sparse zero pattern as X verified globally)	CD4	0.00712719298245614
Tfh_like_uncontrolled_mean	Schwann	1824			raw UMI counts (same sparse zero pattern as X verified globally)	CXCR5	0.004934210526315789
Tfh_like_uncontrolled_mean	Schwann	1824			raw UMI counts (same sparse zero pattern as X verified globally)	PDCD1	0.0010964912280701754
Tfh_like_uncontrolled_mean	Schwann	1824			raw UMI counts (same sparse zero pattern as X verified globally)	ICOS	0.005482456140350877
Tfh_like_uncontrolled_mean	Schwann	1824			raw UMI counts (same sparse zero pattern as X verified globally)	BCL6	0.20230263157894737
Tfh_like_uncontrolled_mean	Schwann	1824			raw UMI counts (same sparse zero pattern as X verified globally)	IL7R	0.02631578947368421
Tfh_like_uncontrolled_mean	Schwann	1824			raw UMI counts (same sparse zero pattern as X verified globally)	CXCL13	0.003289473684210526
Tfh_like_uncontrolled_mean	Treg	463	1.0	0.35205183585313177	raw UMI counts (same sparse zero pattern as X verified globally)		
Tfh_like_uncontrolled_mean	Treg	463			raw UMI counts (same sparse zero pattern as X verified globally)	CD3D	0.06911447084233262
Tfh_like_uncontrolled_mean	Treg	463			raw UMI counts (same sparse zero pattern as X verified globally)	CD3E	0.06479481641468683
Tfh_like_uncontrolled_mean	Treg	463			raw UMI counts (same sparse zero pattern as X verified globally)	CD4	0.1511879049676026
Tfh_like_uncontrolled_mean	Treg	463			raw UMI counts (same sparse zero pattern as X verified globally)	CXCR5	0.03455723542116631
Tfh_like_uncontrolled_mean	Treg	463			raw UMI counts (same sparse zero pattern as X verified globally)	PDCD1	0.0367170626349892
Tfh_like_uncontrolled_mean	Treg	463			raw UMI counts (same sparse zero pattern as X verified globally)	ICOS	0.31965442764578833
Tfh_like_uncontrolled_mean	Treg	463			raw UMI counts (same sparse zero pattern as X verified globally)	BCL6	0.04103671706263499
Tfh_like_uncontrolled_mean	Treg	463			raw UMI counts (same sparse zero pattern as X verified globally)	IL7R	0.31533477321814257
Tfh_like_uncontrolled_mean	Treg	463			raw UMI counts (same sparse zero pattern as X verified globally)	CXCL13	0.01511879049676026
Tfh_like_uncontrolled_mean	Treg (activated)	266	1.0	0.22180451127819548	raw UMI counts (same sparse zero pattern as X verified globally)		
Tfh_like_uncontrolled_mean	Treg (activated)	266			raw UMI counts (same sparse zero pattern as X verified globally)	CD3D	0.07142857142857142
Tfh_like_uncontrolled_mean	Treg (activated)	266			raw UMI counts (same sparse zero pattern as X verified globally)	CD3E	0.10902255639097744
Tfh_like_uncontrolled_mean	Treg (activated)	266			raw UMI counts (same sparse zero pattern as X verified globally)	CD4	0.20300751879699247
Tfh_like_uncontrolled_mean	Treg (activated)	266			raw UMI counts (same sparse zero pattern as X verified globally)	CXCR5	0.015037593984962405
Tfh_like_uncontrolled_mean	Treg (activated)	266			raw UMI counts (same sparse zero pattern as X verified globally)	PDCD1	0.03759398496240601
Tfh_like_uncontrolled_mean	Treg (activated)	266			raw UMI counts (same sparse zero pattern as X verified globally)	ICOS	0.40601503759398494
Tfh_like_uncontrolled_mean	Treg (activated)	266			raw UMI counts (same sparse zero pattern as X verified globally)	BCL6	0.05639097744360902
Tfh_like_uncontrolled_mean	Treg (activated)	266			raw UMI counts (same sparse zero pattern as X verified globally)	IL7R	0.45864661654135336
Tfh_like_uncontrolled_mean	Treg (activated)	266			raw UMI counts (same sparse zero pattern as X verified globally)	CXCL13	0.0037593984962406013
Tfh_like_uncontrolled_mean	Treg (quiescent)	119	1.0	0.226890756302521	raw UMI counts (same sparse zero pattern as X verified globally)		
Tfh_like_uncontrolled_mean	Treg (quiescent)	119			raw UMI counts (same sparse zero pattern as X verified globally)	CD3D	0.08403361344537816
Tfh_like_uncontrolled_mean	Treg (quiescent)	119			raw UMI counts (same sparse zero pattern as X verified globally)	CD3E	0.1092436974789916
Tfh_like_uncontrolled_mean	Treg (quiescent)	119			raw UMI counts (same sparse zero pattern as X verified globally)	CD4	0.20168067226890757
Tfh_like_uncontrolled_mean	Treg (quiescent)	119			raw UMI counts (same sparse zero pattern as X verified globally)	CXCR5	0.01680672268907563
Tfh_like_uncontrolled_mean	Treg (quiescent)	119			raw UMI counts (same sparse zero pattern as X verified globally)	PDCD1	0.008403361344537815
Tfh_like_uncontrolled_mean	Treg (quiescent)	119			raw UMI counts (same sparse zero pattern as X verified globally)	ICOS	0.17647058823529413
Tfh_like_uncontrolled_mean	Treg (quiescent)	119			raw UMI counts (same sparse zero pattern as X verified globally)	BCL6	0.025210084033613446
Tfh_like_uncontrolled_mean	Treg (quiescent)	119			raw UMI counts (same sparse zero pattern as X verified globally)	IL7R	0.5630252100840336
Tfh_like_uncontrolled_mean	Treg (quiescent)	119			raw UMI counts (same sparse zero pattern as X verified globally)	CXCL13	0.0
Tfh_like_uncontrolled_mean	Vascular	15530	1.0	0.927237604636188	raw UMI counts (same sparse zero pattern as X verified globally)		
Tfh_like_uncontrolled_mean	Vascular	15530			raw UMI counts (same sparse zero pattern as X verified globally)	CD3D	0.0003219575016097875
Tfh_like_uncontrolled_mean	Vascular	15530			raw UMI counts (same sparse zero pattern as X verified globally)	CD3E	0.0007083065035415325
Tfh_like_uncontrolled_mean	Vascular	15530			raw UMI counts (same sparse zero pattern as X verified globally)	CD4	0.0030264005151320024
Tfh_like_uncontrolled_mean	Vascular	15530			raw UMI counts (same sparse zero pattern as X verified globally)	CXCR5	0.002446877012234385
Tfh_like_uncontrolled_mean	Vascular	15530			raw UMI counts (same sparse zero pattern as X verified globally)	PDCD1	0.0003219575016097875
Tfh_like_uncontrolled_mean	Vascular	15530			raw UMI counts (same sparse zero pattern as X verified globally)	ICOS	0.00077269800386349
Tfh_like_uncontrolled_mean	Vascular	15530			raw UMI counts (same sparse zero pattern as X verified globally)	BCL6	0.056664520283322604
Tfh_like_uncontrolled_mean	Vascular	15530			raw UMI counts (same sparse zero pattern as X verified globally)	IL7R	0.007276239536381198
Tfh_like_uncontrolled_mean	Vascular	15530			raw UMI counts (same sparse zero pattern as X verified globally)	CXCL13	0.0036703155183515778
Tfh_like_uncontrolled_mean	Vascular smooth muscle	4711	1.0	0.6244958607514328	raw UMI counts (same sparse zero pattern as X verified globally)		
Tfh_like_uncontrolled_mean	Vascular smooth muscle	4711			raw UMI counts (same sparse zero pattern as X verified globally)	CD3D	0.0
Tfh_like_uncontrolled_mean	Vascular smooth muscle	4711			raw UMI counts (same sparse zero pattern as X verified globally)	CD3E	0.0004245383145828911
Tfh_like_uncontrolled_mean	Vascular smooth muscle	4711			raw UMI counts (same sparse zero pattern as X verified globally)	CD4	0.006792613033326258
Tfh_like_uncontrolled_mean	Vascular smooth muscle	4711			raw UMI counts (same sparse zero pattern as X verified globally)	CXCR5	0.012736149437486733
Tfh_like_uncontrolled_mean	Vascular smooth muscle	4711			raw UMI counts (same sparse zero pattern as X verified globally)	PDCD1	0.0
Tfh_like_uncontrolled_mean	Vascular smooth muscle	4711			raw UMI counts (same sparse zero pattern as X verified globally)	ICOS	0.00021226915729144556
Tfh_like_uncontrolled_mean	Vascular smooth muscle	4711			raw UMI counts (same sparse zero pattern as X verified globally)	BCL6	0.364466143069412
Tfh_like_uncontrolled_mean	Vascular smooth muscle	4711			raw UMI counts (same sparse zero pattern as X verified globally)	IL7R	0.0021226915729144554
Tfh_like_uncontrolled_mean	Vascular smooth muscle	4711			raw UMI counts (same sparse zero pattern as X verified globally)	CXCL13	0.0008490766291657822
Tfh_like_uncontrolled_mean	myCAF	10566	1.0	0.8228279386712095	raw UMI counts (same sparse zero pattern as X verified globally)		
Tfh_like_uncontrolled_mean	myCAF	10566			raw UMI counts (same sparse zero pattern as X verified globally)	CD3D	0.00028392958546280523
Tfh_like_uncontrolled_mean	myCAF	10566			raw UMI counts (same sparse zero pattern as X verified globally)	CD3E	0.00028392958546280523
Tfh_like_uncontrolled_mean	myCAF	10566			raw UMI counts (same sparse zero pattern as X verified globally)	CD4	0.006057164489873178
Tfh_like_uncontrolled_mean	myCAF	10566			raw UMI counts (same sparse zero pattern as X verified globally)	CXCR5	0.004637516562559152
Tfh_like_uncontrolled_mean	myCAF	10566			raw UMI counts (same sparse zero pattern as X verified globally)	PDCD1	0.0007571455612341472
Tfh_like_uncontrolled_mean	myCAF	10566			raw UMI counts (same sparse zero pattern as X verified globally)	ICOS	9.46431951542684e-05
Tfh_like_uncontrolled_mean	myCAF	10566			raw UMI counts (same sparse zero pattern as X verified globally)	BCL6	0.15777020632216543
Tfh_like_uncontrolled_mean	myCAF	10566			raw UMI counts (same sparse zero pattern as X verified globally)	IL7R	0.009085746734809767
Tfh_like_uncontrolled_mean	myCAF	10566			raw UMI counts (same sparse zero pattern as X verified globally)	CXCL13	0.003217868635245126
